transaction_id,amount,transaction_type,sender_bank,receiver_bank,location,timestamp,hour,day_of_week,is_night,device_score,velocity,is_new_device,is_round_amount,location_change,is_fraud,amount_log,amount_anomaly,hour_sin,hour_cos,risk_score
TXN746302670,22893.51,P2P,ICICI,BOB,Jaipur,2024-05-08T08:45:35,8,2,0,31.798662300036906,1,0,0,0,0,10.038652422809319,2.6127598621478283,0.8660254037844387,-0.4999999999999998,15.219464920014763
TXN736764969,50.0,P2M,PNB,BOB,Pune,2024-04-13T13:43:39,13,5,0,19.945358250002876,3,0,0,0,0,3.9318256327243257,0.5048967525062706,-0.2588190451025208,-0.9659258262890683,15.47814330000115
TXN513315320,322.48,QR,Kotak,PNB,Hyderabad,2024-05-12T16:21:10,16,6,0,43.64740565819248,2,0,0,0,0,5.779137288227622,0.4677089878255824,-0.8660254037844384,-0.5000000000000004,22.458962263276995
TXN505069735,69.11,QR,ICICI,Kotak,Mumbai,2024-08-26T20:35:15,20,0,0,21.50915664084166,1,1,0,1,0,4.250065437218876,0.5022886411474629,-0.8660254037844386,0.5000000000000001,41.10366265633667
TXN288568865,254.17,P2M,SBI,Kotak,Mumbai,2024-11-13T17:55:42,17,2,0,10.791155377572931,2,0,0,0,0,5.541929989701587,0.47703185998257674,-0.9659258262890683,-0.25881904510252063,9.316462151029173
TXN914011181,6135.49,Auto-Pay,SBI,ICICI,Chennai,2024-04-23T09:16:25,9,1,0,33.34400309468175,1,0,0,0,0,8.722008196442818,0.32564409484649487,0.7071067811865476,-0.7071067811865475,15.837601237872702
TXN770367661,921.98,P2P,Axis,Kotak,Ahmedabad,2024-01-21T17:09:22,17,6,0,38.75772668580254,3,0,0,0,0,6.827607565795715,0.38588990045743576,-0.9659258262890683,-0.25881904510252063,23.003090674321015
TXN951923447,397.77,P2P,SBI,BOB,Mumbai,2024-02-18T16:06:17,16,6,0,27.271570456329183,3,0,0,0,0,5.988384809581059,0.45743349310006487,-0.8660254037844384,-0.5000000000000004,18.40862818253167
TXN456043620,404.02,P2M,BOB,Axis,Mumbai,2024-07-04T10:36:42,10,3,0,19.53704754761651,2,0,0,0,0,6.0039364486033024,0.4565805001124904,0.49999999999999994,-0.8660254037844387,12.814819019046604
TXN791851567,4867.97,P2M,Kotak,HDFC,Lucknow,2024-05-13T12:32:18,12,0,0,20.990013146424435,3,0,0,0,0,8.490637694734268,0.15265438738882472,1.2246467991473532e-16,-1.0,15.896005258569774
TXN218808798,210.74,P2M,ICICI,Kotak,Lucknow,2024-04-11T16:41:46,16,3,0,32.442915024404876,3,0,0,0,0,5.355359106915234,0.48295913765463444,-0.8660254037844384,-0.5000000000000004,20.47716600976195
TXN484201975,149.68,P2P,ICICI,SBI,Jaipur,2024-12-06T16:27:46,16,4,0,18.470772799330703,1,0,0,0,0,5.015158382823841,0.4912925379460424,-0.8660254037844384,-0.5000000000000004,9.88830911973228
TXN455833921,330.2,P2P,Axis,BOB,Delhi,2024-08-04T11:47:46,11,6,0,31.570314945577458,1,1,0,0,0,5.8027224225111045,0.4666553708873304,0.258819045102521,-0.9659258262890682,35.12812597823098
TXN946835210,600.67,Auto-Pay,BOB,BOB,Mumbai,2024-06-30T14:59:45,14,6,0,12.236896233219937,3,0,0,0,0,6.39970912224973,0.42974192875144607,-0.4999999999999997,-0.8660254037844388,12.394758493287975
TXN788923682,169.23,QR,ICICI,BOB,Kolkata,2024-09-20T17:59:21,17,4,0,43.1513227439216,2,0,0,0,0,5.137150463826479,0.48862437588090935,-0.9659258262890683,-0.25881904510252063,22.26052909756864
TXN711299721,50.0,P2M,HDFC,Axis,Mumbai,2024-06-17T17:07:29,17,0,0,18.379738084271597,3,0,0,0,0,3.9318256327243257,0.5048967525062706,-0.9659258262890683,-0.25881904510252063,14.851895233708639
TXN539876455,901.0,P2P,Axis,SBI,Jaipur,2024-04-01T18:34:14,18,0,0,19.510848076956858,3,0,0,0,0,6.804614520062624,0.38875322731812584,-1.0,-1.8369701987210297e-16,15.304339230782745
TXN357727102,56.67,QR,ICICI,ICICI,Lucknow,2024-02-28T20:59:21,20,2,0,22.682422783804824,2,0,0,0,0,4.0547371076273215,0.5039864383899312,-0.8660254037844386,0.5000000000000001,14.07296911352193
TXN413844069,555.41,P2P,ICICI,Kotak,Chennai,2024-11-04T11:48:24,11,0,0,28.580092136452148,1,0,0,0,0,6.321505432569305,0.43591896277026565,0.258819045102521,-0.9659258262890682,13.93203685458086
TXN501519335,9118.02,P2P,PNB,SBI,Ahmedabad,2024-05-11T19:58:07,19,5,0,28.802286278821104,3,0,0,0,0,9.118117621154202,0.73269644288339,-0.9659258262890684,0.2588190451025203,19.020914511528442
TXN817194508,50.0,QR,ICICI,HDFC,Lucknow,2024-08-11T11:53:02,11,6,0,31.894475390287113,2,1,0,0,0,3.9318256327243257,0.5048967525062706,0.258819045102521,-0.9659258262890682,37.757790156114844
TXN195419918,588.97,P2M,SBI,Kotak,Pune,2024-09-13T20:53:15,20,4,0,43.24660205863655,3,0,0,0,0,6.380071688149362,0.4313387316241856,-0.8660254037844386,0.5000000000000001,24.79864082345462
TXN250277944,1935.28,P2P,PNB,Kotak,Hyderabad,2024-05-25T14:00:02,14,5,0,31.212264366472123,2,0,0,0,0,7.5685238854780605,0.24759585336795611,-0.4999999999999997,-0.8660254037844388,17.48490574658885
TXN171066738,169.53,P2P,SBI,Axis,Hyderabad,2024-02-12T15:12:20,15,0,0,13.634378513882465,3,0,0,0,0,5.138911234324823,0.4885834322175057,-0.7071067811865471,-0.7071067811865479,12.953751405552985
TXN492182747,15000.0,P2P,BOB,PNB,Mumbai,2024-07-15T18:01:00,18,0,0,71.96750132988942,4,1,1,1,1,9.61587214452889,1.5354624737719493,-1.0,-1.8369701987210297e-16,68.78700053195577
TXN947150785,9691.93,P2M,Axis,SBI,Chennai,2024-08-02T19:09:33,19,4,0,20.147366692155998,2,0,0,0,0,9.179152032760145,0.8110230357632116,-0.9659258262890684,0.2588190451025203,13.0589466768624
TXN164492499,202.17,P2M,Axis,HDFC,Bangalore,2024-06-27T18:00:40,18,3,0,10.484107847318162,3,0,0,0,0,5.314043067009519,0.48412876163919666,-1.0,-1.8369701987210297e-16,11.693643138927264
TXN884917891,6844.41,P2P,BOB,ICICI,Jaipur,2024-08-31T20:08:30,20,5,0,41.015995291959754,3,0,0,0,0,8.831333633664325,0.42239670104670596,-0.8660254037844386,0.5000000000000001,23.9063981167839
TXN162430052,936.31,P2P,HDFC,SBI,Mumbai,2024-12-10T09:44:16,9,1,0,25.725790009434363,2,0,0,0,0,6.843014070638235,0.3839341581355249,0.7071067811865476,-0.7071067811865475,15.290316003773746
TXN226628578,112.12,P2M,Axis,PNB,Hyderabad,2024-06-01T20:14:25,20,5,0,20.00445070321933,2,0,0,0,0,4.728449202148263,0.49641868460417016,-0.8660254037844386,0.5000000000000001,13.001780281287733
TXN359557718,537.5,Auto-Pay,Axis,BOB,Bangalore,2024-11-09T19:45:13,19,5,0,28.932972971921927,3,0,0,0,0,6.288787496596443,0.43836329947545916,-0.9659258262890684,0.2588190451025203,19.073189188768772
TXN488949929,50.0,Collect,Axis,HDFC,Delhi,2024-06-06T19:03:23,19,3,0,39.81460740436107,3,0,0,0,0,3.9318256327243257,0.5048967525062706,-0.9659258262890684,0.2588190451025203,23.42584296174443
TXN633839890,583.42,P2P,ICICI,SBI,Chennai,2024-01-18T15:03:16,15,3,0,97.83181080598015,6,1,0,1,1,6.370619902425785,0.4320961893971517,-0.7071067811865471,-0.7071067811865479,84.13272432239206
TXN771150302,30000.0,P2P,PNB,PNB,Ahmedabad,2024-08-28T22:33:31,22,2,1,66.6615212259083,13,1,1,1,1,10.308985993422082,3.5826456439507655,-0.5000000000000004,0.8660254037844384,104.16460849036332
TXN713915835,115.9,QR,Kotak,PNB,Pune,2024-12-08T08:41:34,8,6,0,33.606708404445556,3,0,0,0,0,4.761318868478023,0.49590279444528507,0.8660254037844387,-0.4999999999999998,20.942683361778222
TXN755491889,9968.99,P2M,Kotak,SBI,Bangalore,2024-06-27T12:57:58,12,3,0,19.807230702563587,3,0,0,0,0,9.207334859946354,0.8488358737051943,1.2246467991473532e-16,-1.0,15.422892281025435
TXN896493781,6828.61,P2P,HDFC,Kotak,Hyderabad,2024-11-28T19:18:21,19,3,0,11.163122159323194,1,0,0,0,0,8.82902284990962,0.42024033477411754,-0.9659258262890684,0.2588190451025203,6.965248863729278
TXN297856778,628.62,QR,HDFC,HDFC,Pune,2024-06-17T17:52:15,17,0,0,38.51861034828194,3,0,0,0,0,6.445116462799421,0.4259273441110129,-0.9659258262890683,-0.25881904510252063,22.907444139312776
TXN243508520,40000.0,QR,BOB,Kotak,Pune,2024-11-10T23:03:54,23,6,1,99.84716729696191,14,1,1,1,1,10.596659732783579,4.947434424069976,-0.25881904510252157,0.9659258262890681,119.93886691878477
TXN559324486,577.01,P2M,Axis,Kotak,Jaipur,2024-12-08T13:31:06,13,6,0,38.813275372387565,1,0,0,0,0,6.359591169560779,0.4329710190052082,-0.2588190451025208,-0.9659258262890683,18.02531014895503
TXN882676154,50.0,P2P,BOB,HDFC,Kolkata,2024-03-21T08:22:48,8,3,0,32.18309525431815,3,0,0,0,0,3.9318256327243257,0.5048967525062706,0.8660254037844387,-0.4999999999999998,20.37323810172726
TXN725522318,382.25,P2P,HDFC,PNB,Hyderabad,2024-05-09T18:05:03,18,3,0,34.10389501436629,2,0,0,0,0,5.948687517751924,0.4595516452868099,-1.0,-1.8369701987210297e-16,18.641558005746518
TXN995678908,246.84,Auto-Pay,Axis,SBI,Pune,2024-09-29T08:19:47,8,6,0,43.48803097942597,3,0,0,0,0,5.512783376668558,0.4780322501584041,0.8660254037844387,-0.4999999999999998,24.89521239177039
TXN417784886,1643.7,Auto-Pay,BOB,HDFC,Pune,2024-03-28T15:45:42,15,3,0,35.75666146186008,1,1,0,0,0,7.405313275747224,0.287390364618672,-0.7071067811865471,-0.7071067811865479,36.80266458474403
TXN644265430,186.73,QR,ICICI,BOB,Hyderabad,2024-03-06T10:52:11,10,2,0,25.701463849038518,1,0,0,0,0,5.23500476033627,0.4862359955157007,0.49999999999999994,-0.8660254037844387,12.780585539615409
TXN528835149,1185.39,Auto-Pay,BOB,Axis,Mumbai,2024-08-19T17:18:29,17,0,0,25.53667519882173,1,0,0,1,0,7.078670361927781,0.34993999920031565,-0.9659258262890683,-0.25881904510252063,22.714670079528695
TXN997395888,388.94,P2P,BOB,Axis,Jaipur,2024-12-25T08:40:11,8,2,0,41.17226681726075,2,0,0,0,0,5.965992881134312,0.45863860159291014,0.8660254037844387,-0.4999999999999998,21.4689067269043
TXN884258145,170.21,P2M,Kotak,PNB,Hyderabad,2024-05-16T18:31:42,18,3,0,37.18910280297274,1,0,0,0,0,5.142890873216727,0.48849062658045767,-1.0,-1.8369701987210297e-16,17.375641121189098
TXN675390835,1722.89,P2M,SBI,Axis,Ahmedabad,2024-10-16T09:49:08,9,2,0,16.41743531359646,2,0,0,0,0,7.452338644083598,0.276582602268908,0.7071067811865476,-0.7071067811865475,11.566974125438584
TXN110858106,106.36,Auto-Pay,Kotak,HDFC,Hyderabad,2024-02-05T13:17:50,13,0,0,39.93840426274944,3,0,0,0,0,4.676187673223372,0.4972048029415188,-0.2588190451025208,-0.9659258262890683,23.475361705099775
TXN995494651,4414.05,P2P,ICICI,HDFC,Kolkata,2024-05-07T18:23:05,18,1,0,33.59478235686864,2,0,0,0,0,8.392774438002245,0.0907038950816535,-1.0,-1.8369701987210297e-16,18.43791294274746
TXN373335849,304.34,P2M,Kotak,PNB,Delhi,2024-09-07T12:35:18,12,5,0,19.572769684758114,1,0,0,1,0,5.721425909828796,0.47018471467271866,1.2246467991473532e-16,-1.0,20.329107873903247
TXN778301813,182.68,P2M,HDFC,PNB,Delhi,2024-05-31T17:58:45,17,4,0,13.693726580450308,1,0,0,0,0,5.213195113131202,0.486788734971649,-0.9659258262890683,-0.25881904510252063,7.977490632180124
TXN445610550,870.53,QR,Kotak,SBI,Hyderabad,2024-04-28T18:50:52,18,6,0,33.113957443121635,3,0,0,0,0,6.770250287775521,0.39291173873114904,-1.0,-1.8369701987210297e-16,20.745582977248652
TXN216929412,9070.76,P2P,HDFC,Kotak,Pune,2024-03-05T19:11:42,19,1,0,17.479954119840265,2,0,0,0,0,9.112921570591137,0.7262464511085466,-0.9659258262890684,0.2588190451025203,11.991981647936107
TXN634075008,366.02,P2P,ICICI,Axis,Mumbai,2024-09-25T20:55:25,20,2,0,29.286345757657376,1,0,0,0,0,5.905416342482528,0.4617666974769434,-0.8660254037844386,0.5000000000000001,14.214538303062952
TXN128461914,1267.68,P2M,SBI,SBI,Chennai,2024-10-04T20:15:12,20,4,0,36.937293837699436,3,0,0,0,0,7.145732268854251,0.3387091523287146,-0.8660254037844386,0.5000000000000001,22.274917535079773
TXN219494888,288.61,P2P,Kotak,SBI,Jaipur,2024-12-18T17:38:20,17,2,0,38.63723340618866,1,0,0,0,0,5.6685351903021415,0.47233152742384615,-0.9659258262890683,-0.25881904510252063,17.954893362475467
TXN688710148,545.43,P2P,Axis,Axis,Kolkata,2024-06-21T15:16:37,15,4,0,21.519039451318953,3,0,0,0,0,6.30340621158099,0.43728102197282465,-0.7071067811865471,-0.7071067811865479,16.10761578052758
TXN713576635,2280.68,Auto-Pay,HDFC,BOB,Ahmedabad,2024-08-06T20:38:26,20,1,0,20.509594554444657,3,0,0,0,0,7.732667292718885,0.2004560489026386,-0.8660254037844386,0.5000000000000001,15.703837821777864
TXN204393574,50.0,Auto-Pay,SBI,HDFC,Delhi,2024-04-05T08:35:21,8,4,0,31.778321544850677,2,0,0,0,0,3.9318256327243257,0.5048967525062706,0.8660254037844387,-0.4999999999999998,17.71132861794027
TXN372379483,1453.9,P2M,PNB,HDFC,Mumbai,2024-04-13T11:01:03,11,5,0,35.38655872847281,1,0,0,0,0,7.282692448721343,0.3132940556653347,0.258819045102521,-0.9659258262890682,16.654623491389124
TXN437851817,1280.95,P2P,HDFC,HDFC,Pune,2024-11-19T16:23:00,16,1,0,19.300440280385565,2,0,0,0,0,7.156137635159972,0.3368980776174964,-0.8660254037844384,-0.5000000000000004,12.720176112154228
TXN577351769,1088.8,QR,BOB,Axis,Bangalore,2024-06-09T15:07:35,15,6,0,31.37270971947075,2,0,0,0,0,6.993749472148998,0.3631224940274871,-0.7071067811865471,-0.7071067811865479,17.5490838877883
TXN579836949,164.21,QR,ICICI,Axis,Lucknow,2024-04-27T16:39:44,16,5,0,22.459043752794155,1,0,0,0,0,5.1072173919425,0.4893094998485292,-0.8660254037844384,-0.5000000000000004,11.483617501117662
TXN940036981,639.23,P2P,Kotak,HDFC,Lucknow,2024-12-28T15:56:45,15,5,0,11.292117507707006,3,0,0,0,0,6.4618274867939896,0.4244793032153064,-0.7071067811865471,-0.7071067811865479,12.016847003082802
TXN922947250,5981.04,Collect,ICICI,HDFC,Bangalore,2024-12-15T08:01:10,8,6,0,25.016150703417853,1,0,0,0,0,8.696516925894384,0.30456493213755365,0.8660254037844387,-0.4999999999999998,12.506460281367142
TXN195182986,739.71,P2P,Axis,Kotak,Delhi,2024-08-21T20:36:53,20,2,0,31.87746019820373,1,0,0,0,0,6.6076091856706505,0.41076590555266856,-0.8660254037844386,0.5000000000000001,15.250984079281492
TXN483083195,1021.18,P2P,HDFC,PNB,Delhi,2024-07-18T18:38:12,18,3,0,34.644508853290034,1,0,0,0,0,6.929692880500038,0.3723511957586532,-1.0,-1.8369701987210297e-16,16.357803541316017
TXN386585916,14412.02,P2P,SBI,BOB,Lucknow,2024-07-26T16:04:35,16,4,0,22.098019274293257,1,0,0,0,0,9.575887243718302,1.4552156230785,-0.8660254037844384,-0.5000000000000004,11.339207709717304
TXN792735753,50.0,P2P,Axis,Kotak,Hyderabad,2024-03-27T11:30:52,11,2,0,29.71561832880472,3,0,0,0,0,3.9318256327243257,0.5048967525062706,0.258819045102521,-0.9659258262890682,19.386247331521886
TXN460815372,1013.09,QR,SBI,Kotak,Lucknow,2024-10-15T13:23:18,13,1,0,13.70419328400044,3,0,0,0,0,6.921746937608874,0.3734553098817696,-0.2588190451025208,-0.9659258262890683,12.981677313600176
TXN603580717,9456.86,P2P,PNB,PNB,Delhi,2024-10-27T11:06:48,11,6,0,27.431413756990413,3,0,0,0,0,9.154601420810485,0.7789409459089494,0.258819045102521,-0.9659258262890682,18.472565502796165
TXN130418772,2521.56,Auto-Pay,ICICI,BOB,Chennai,2024-05-16T17:30:06,17,3,0,36.88019023596234,3,0,0,0,0,7.8330295378715435,0.16758101676712706,-0.9659258262890683,-0.25881904510252063,22.252076094384936
TXN538749397,5346.58,Auto-Pay,BOB,PNB,Lucknow,2024-06-25T12:59:51,12,1,0,31.325926716740124,3,0,0,0,0,8.584399401106461,0.21797454319411022,1.2246467991473532e-16,-1.0,20.030370686696052
TXN109336322,925.41,P2P,BOB,PNB,Mumbai,2024-04-14T20:22:30,20,6,0,25.561919226422717,2,0,0,0,0,6.8313169012337,0.38542177790585486,-0.8660254037844386,0.5000000000000001,15.224767690569088
TXN331677964,1215.78,Collect,HDFC,HDFC,Bangalore,2024-03-11T11:49:30,11,0,0,10.352489719129911,1,0,0,0,0,7.103963304255103,0.3457924060975333,0.258819045102521,-0.9659258262890682,6.640995887651965
TXN645946249,6303.25,QR,Axis,ICICI,Mumbai,2024-05-13T16:21:45,16,0,0,10.721737678441645,2,0,0,0,0,8.748979288111789,0.34853979142177477,-0.8660254037844384,-0.5000000000000004,9.288695071376658
TXN558326439,50.0,QR,HDFC,Axis,Mumbai,2024-01-27T15:33:17,15,5,0,36.338361920406925,3,0,0,0,0,3.9318256327243257,0.5048967525062706,-0.7071067811865471,-0.7071067811865479,22.035344768162773
TXN544463143,7729.74,P2M,ICICI,PNB,Mumbai,2024-01-03T19:16:29,19,2,0,37.04778346828458,3,0,0,0,0,8.952959867918056,0.543225546117,-0.9659258262890684,0.2588190451025203,22.319113387313834
TXN412932375,207.81,QR,Kotak,HDFC,Hyderabad,2024-01-19T11:51:37,11,4,0,10.879458501024642,1,0,0,0,0,5.3414247475819705,0.48335902076720944,0.258819045102521,-0.9659258262890682,6.851783400409857
TXN693545283,1259.37,P2P,ICICI,BOB,Ahmedabad,2024-08-12T12:34:17,12,0,0,18.48440578975596,1,0,0,0,0,7.139160607632219,0.33984329180499373,1.2246467991473532e-16,-1.0,9.893762315902386
TXN475498286,411.96,P2P,ICICI,BOB,Lucknow,2024-02-26T17:49:24,17,0,0,19.895515433406928,3,0,0,0,0,6.023350735970304,0.45549685782107574,-0.9659258262890683,-0.25881904510252063,15.458206173362772
TXN453279606,9162.51,QR,Kotak,Axis,Jaipur,2024-03-06T12:50:59,12,2,0,34.148106871474496,2,0,0,0,0,9.122984572043416,0.7387683881661403,1.2246467991473532e-16,-1.0,18.659242748589797
TXN400875080,164.51,P2M,Kotak,BOB,Hyderabad,2024-06-06T08:16:58,8,3,0,26.116724205293206,3,0,0,0,0,5.109031615952449,0.4892685561851256,0.8660254037844387,-0.4999999999999998,17.94668968211728
TXN867614570,5730.35,QR,SBI,PNB,Ahmedabad,2024-10-18T13:59:22,13,4,0,28.797597556616413,3,0,0,0,0,8.653706384053212,0.27035104220874523,-0.2588190451025208,-0.9659258262890683,19.019039022646567
TXN355730900,990.56,Auto-Pay,BOB,Kotak,Pune,2024-10-17T17:47:21,17,3,0,28.959038841180494,2,0,0,0,0,6.899279460501093,0.3765301790033782,-0.9659258262890683,-0.25881904510252063,16.583615536472198
TXN483078202,7614.85,P2M,SBI,PNB,Delhi,2024-09-10T08:24:31,8,1,0,10.207487536790735,2,0,0,0,0,8.937986880899093,0.5275454878222104,0.8660254037844387,-0.4999999999999998,9.082995014716294
TXN357781997,15000.0,QR,Kotak,PNB,Chennai,2024-10-30T03:56:28,3,2,1,81.1068342534806,14,1,1,1,1,9.61587214452889,1.5354624737719493,0.7071067811865476,0.7071067811865476,112.44273370139224
TXN181761220,2300.36,QR,ICICI,SBI,Ahmedabad,2024-12-07T12:33:24,12,5,0,39.309984232153234,1,0,0,0,0,7.741255531513535,0.19777014458336395,1.2246467991473532e-16,-1.0,18.223993692861292
TXN510551276,64.73,P2P,Kotak,Axis,Delhi,2024-01-04T19:37:32,19,3,0,21.33882449350545,3,0,0,0,0,4.185555442275485,0.5028864186331551,-0.9659258262890684,0.2588190451025203,16.03552979740218
TXN651920037,377.57,P2M,PNB,Kotak,Pune,2024-12-28T13:04:12,13,5,0,19.79184258104643,2,0,0,0,0,5.936400996332929,0.46019036643590566,-0.2588190451025208,-0.9659258262890683,12.916737032418574
TXN474432985,1059.39,P2P,Kotak,ICICI,Hyderabad,2024-08-03T09:21:02,9,5,0,41.68759559972546,3,0,0,0,0,6.966392043966783,0.3671363378298177,0.7071067811865476,-0.7071067811865475,24.175038239890185
TXN563672553,414.93,Auto-Pay,Kotak,Kotak,Kolkata,2024-03-07T20:21:37,20,3,0,26.945748658720063,1,0,0,0,0,6.030516976871639,0.45509151555338034,-0.8660254037844386,0.5000000000000001,13.278299463488025
TXN148701012,367.1,Auto-Pay,PNB,PNB,Bangalore,2024-03-02T20:57:13,20,5,0,20.054019320697368,2,1,0,0,0,5.908354640384975,0.4616193002886905,-0.8660254037844386,0.5000000000000001,33.02160772827895
TXN594116040,7088.16,P2P,BOB,SBI,Mumbai,2024-02-24T16:56:38,16,5,0,26.274848900690685,1,0,0,0,0,8.866322135779466,0.4556634275621117,-0.8660254037844384,-0.5000000000000004,13.009939560276274
TXN626485362,1348.07,P2P,BOB,Kotak,Kolkata,2024-03-11T15:44:50,15,0,0,16.655133335371247,2,0,0,0,0,7.207170745150604,0.3277376153253363,-0.7071067811865471,-0.7071067811865479,11.6620533341485
TXN942864269,867.37,P2P,PNB,Kotak,Delhi,2024-02-25T10:36:57,10,6,0,23.853506048079666,3,0,0,0,0,6.766617891115368,0.3933430119856668,0.49999999999999994,-0.8660254037844387,17.041402419231865
TXN461482109,429.96,P2P,BOB,BOB,Ahmedabad,2024-06-28T17:31:41,17,4,0,43.032233897892915,2,0,0,0,0,6.066015278372278,0.45304023801686116,-0.9659258262890683,-0.25881904510252063,22.212893559157166
TXN654558903,1497.48,Auto-Pay,ICICI,PNB,Mumbai,2024-12-09T11:11:58,11,0,0,15.846188113222633,3,0,0,0,0,7.312206539987637,0.30734630616157516,0.258819045102521,-0.9659258262890682,13.838475245289054
TXN990432429,679.3,P2M,SBI,HDFC,Mumbai,2024-04-15T19:54:14,19,0,0,30.515261345705923,1,0,0,0,0,6.522533877351015,0.4190105945733688,-0.9659258262890684,0.2588190451025203,14.70610453828237
TXN269927445,444.38,P2P,Kotak,Kotak,Lucknow,2024-01-18T13:36:33,13,3,0,29.416120634117394,3,1,0,0,0,6.09892785035751,0.4510722125959292,-0.2588190451025208,-0.9659258262890683,39.266448253646956
TXN415597208,102.26,P2P,Kotak,Kotak,Lucknow,2024-01-31T13:21:32,13,2,0,25.553280913718105,2,0,0,0,0,4.637250079451503,0.49776436634136767,-0.2588190451025208,-0.9659258262890683,15.221312365487243
TXN158065252,350.54,P2P,Axis,PNB,Chennai,2024-08-30T13:33:49,13,4,0,24.50538744151033,2,0,0,0,0,5.8623235027847524,0.4638793905085679,-0.2588190451025208,-0.9659258262890683,14.802154976604132
TXN413898063,518.15,Auto-Pay,Kotak,ICICI,Ahmedabad,2024-10-12T19:55:34,19,5,0,30.869050133144572,1,0,0,0,0,6.252192858749463,0.4410041657649898,-0.9659258262890684,0.2588190451025203,14.84762005325783
TXN233784320,50.0,P2M,PNB,PNB,Chennai,2024-10-05T14:05:23,14,5,0,41.09624384730222,3,0,0,1,0,3.9318256327243257,0.5048967525062706,-0.4999999999999997,-0.8660254037844388,33.938497538920885
TXN169699954,1070.6,QR,BOB,Kotak,Kolkata,2024-11-03T09:34:11,9,6,0,22.130229575652272,1,0,0,0,0,6.976908137670454,0.36560640960730406,0.7071067811865476,-0.7071067811865475,11.352091830260909
TXN385428600,1699.94,Auto-Pay,Axis,PNB,Ahmedabad,2024-03-08T08:38:19,8,4,0,29.871639280420442,2,0,0,0,0,7.438936318405135,0.2797147925192816,0.8660254037844387,-0.4999999999999998,16.948655712168176
TXN775877469,125.2,P2P,Axis,Axis,Ahmedabad,2024-12-04T10:00:21,10,2,0,39.22504784547269,2,0,0,0,0,4.837867950107113,0.49463354087977424,0.49999999999999994,-0.8660254037844387,20.690019138189076
TXN889896241,639.11,QR,HDFC,PNB,Ahmedabad,2024-10-17T20:40:28,20,3,0,34.10098322364233,1,1,0,0,0,6.461640036584902,0.42449568068066784,-0.8660254037844386,0.5000000000000001,36.14039328945693
TXN269521001,10157.03,Auto-Pay,Kotak,ICICI,Hyderabad,2024-04-11T09:16:43,9,3,0,42.30056110707617,2,0,0,0,0,9.2260198046941,0.8744993619265561,0.7071067811865476,-0.7071067811865475,21.92022444283047
TXN181998337,589.54,QR,BOB,BOB,Hyderabad,2024-12-05T17:55:55,17,3,0,34.555977246485895,2,0,0,0,0,6.381037372547285,0.4312609386637188,-0.9659258262890683,-0.25881904510252063,18.822390898594357
TXN406327565,17672.65,P2M,HDFC,SBI,Bangalore,2024-08-17T14:33:48,14,5,0,32.39893952742894,3,0,0,0,0,9.779830108781265,1.9002227470905104,-0.4999999999999997,-0.8660254037844388,20.459575810971575
TXN972014517,1789.49,P2M,BOB,Axis,Pune,2024-02-18T11:16:17,11,6,0,27.916574244436838,3,0,0,0,0,7.490244604390777,0.2674931089933141,0.258819045102521,-0.9659258262890682,18.666629697774738
TXN304625176,8207.46,Collect,ICICI,ICICI,Pune,2024-02-08T08:26:55,8,3,0,14.090807572186868,1,0,0,0,0,9.012920608725198,0.6084242357208549,0.8660254037844387,-0.4999999999999998,8.136323028874749
TXN241137833,692.97,P2P,Kotak,HDFC,Jaipur,2024-11-09T14:05:31,14,5,0,36.80298540201849,2,0,0,0,0,6.542428731906756,0.4171449283109458,-0.4999999999999997,-0.8660254037844388,19.7211941608074
TXN522965343,268.74,P2P,PNB,HDFC,Ahmedabad,2024-03-19T15:14:49,15,1,0,27.742623618859465,3,0,0,0,0,5.597458532088711,0.475043362729943,-0.7071067811865471,-0.7071067811865479,18.59704944754379
TXN402889888,96.75,QR,SBI,Axis,Hyderabad,2024-01-28T08:23:46,8,6,0,19.570548052386833,3,0,0,0,0,4.582413198865475,0.49851636495921337,0.8660254037844387,-0.4999999999999998,15.328219220954733
TXN947291464,2997.1,P2M,SBI,Kotak,Jaipur,2024-09-07T20:02:14,20,5,0,40.59597387549591,1,0,0,0,0,8.005734033676639,0.1026798511173381,-0.8660254037844386,0.5000000000000001,18.738389550198363
TXN851274047,1458.87,Auto-Pay,Kotak,BOB,Hyderabad,2024-06-22T15:17:51,15,5,0,40.84757308803009,2,0,0,0,0,7.286102669642098,0.3126157556416155,-0.7071067811865471,-0.7071067811865479,21.339029235212035
TXN616846930,620.37,QR,Kotak,Kotak,Bangalore,2024-09-19T08:30:53,8,3,0,43.63935406481011,3,0,0,0,0,6.4319267177117725,0.42705329485461124,0.8660254037844387,-0.4999999999999998,24.955741625924045
TXN253028808,871.6,P2P,ICICI,BOB,Ahmedabad,2024-04-12T13:29:57,13,4,0,20.43500399018491,3,0,0,0,0,6.771477260689509,0.39276570633167635,-0.2588190451025208,-0.9659258262890683,15.674001596073964
TXN761479864,35000.0,P2P,PNB,Axis,Mumbai,2024-07-24T20:17:06,20,2,0,81.59199189432708,4,1,1,1,1,10.463131911491967,4.2650400340103705,-0.8660254037844386,0.5000000000000001,72.63679675773083
TXN516873070,19696.88,QR,ICICI,SBI,Pune,2024-01-07T11:56:11,11,6,0,37.313164324984314,1,0,0,0,0,9.888266294722056,2.1764873863285814,0.258819045102521,-0.9659258262890682,17.425265729993725
TXN538282536,925.53,P2M,BOB,Kotak,Jaipur,2024-02-28T13:47:19,13,2,0,39.507424545377205,3,1,0,0,0,6.831446425125643,0.3854054004404934,-0.2588190451025208,-0.9659258262890683,43.302969818150885
TXN587965411,792.91,P2M,SBI,PNB,Hyderabad,2024-05-27T10:14:38,10,0,0,21.566449467169953,2,0,0,0,0,6.67697010469658,0.4035052292424344,0.49999999999999994,-0.8660254037844387,13.626579786867982
TXN859924312,210.31,P2P,BOB,Axis,Hyderabad,2024-07-13T12:24:48,12,5,0,26.73156080914669,1,0,0,0,0,5.353326249578836,0.4830178235721796,1.2246467991473532e-16,-1.0,13.192624323658677
TXN765624861,45000.0,P2P,SBI,ICICI,Mumbai,2024-02-23T09:27:00,9,4,0,84.8354831406242,6,1,1,1,1,10.714439990727769,5.629828814129581,0.7071067811865476,-0.7071067811865475,78.93419325624969
TXN901243066,1899.55,Auto-Pay,PNB,PNB,Pune,2024-09-13T15:14:53,15,4,0,22.71993898131514,3,0,0,0,0,7.549898596949319,0.2524722436793221,-0.7071067811865471,-0.7071067811865479,16.587975592526057
TXN420607680,530.48,P2P,Kotak,HDFC,Chennai,2024-03-09T16:55:00,16,5,0,24.413305874618146,3,0,0,0,0,6.275665567723107,0.43932138119910286,-0.8660254037844384,-0.5000000000000004,17.26532234984726
TXN382532476,90.11,P2M,PNB,ICICI,Mumbai,2024-11-14T13:51:14,13,3,0,20.37448849997985,2,0,0,1,0,4.512067567725767,0.4994225847092125,-0.2588190451025208,-0.9659258262890683,23.14979539999194
TXN823385956,9151.11,Collect,Kotak,SBI,Pune,2024-03-13T13:57:11,13,2,0,17.725133767392602,3,0,0,0,0,9.121739732778119,0.7372125289568044,-0.2588190451025208,-0.9659258262890683,14.590053506957041
TXN549651329,62.66,QR,PNB,Axis,Lucknow,2024-02-14T15:19:46,15,2,0,37.38968716024358,3,0,0,0,0,4.1535564218539465,0.5031689299106398,-0.7071067811865471,-0.7071067811865479,22.45587486409743
TXN115283869,50.0,P2P,PNB,Axis,Mumbai,2024-04-12T20:45:18,20,4,0,25.572819430277924,1,0,0,0,0,3.9318256327243257,0.5048967525062706,-0.8660254037844386,0.5000000000000001,12.72912777211117
TXN938818071,13975.25,P2P,BOB,HDFC,Pune,2024-03-06T08:06:23,8,2,0,36.07340895673491,2,0,0,0,0,9.545114739461578,1.3956057435292333,0.8660254037844387,-0.4999999999999998,19.429363582693966
TXN808011943,349.78,P2P,Axis,BOB,Delhi,2024-12-04T17:35:55,17,2,0,39.59970075357789,1,0,0,0,0,5.860159246329991,0.46398311445585694,-0.9659258262890683,-0.25881904510252063,18.339880301431158
TXN911403570,8378.19,QR,Kotak,ICICI,Chennai,2024-04-01T18:24:47,18,0,0,16.88136191655781,3,1,0,0,0,9.033506530093158,0.6317252745638304,-1.0,-1.8369701987210297e-16,34.252544766623124
TXN178871213,187.57,Auto-Pay,SBI,SBI,Jaipur,2024-05-07T17:53:33,17,1,0,21.08801202770841,2,0,0,0,0,5.239469290738831,0.4861213532581707,-0.9659258262890683,-0.25881904510252063,13.435204811083365
TXN210084444,1198.67,P2P,PNB,SBI,Lucknow,2024-11-12T17:00:37,17,1,0,28.27257498980666,1,0,0,0,0,7.089801797956658,0.3481275597003173,-0.9659258262890683,-0.25881904510252063,13.809029995922664
TXN292533315,7096.49,P2P,Axis,BOB,Ahmedabad,2024-04-18T10:57:48,10,3,0,44.98998314545699,1,0,0,0,0,8.867496479399321,0.456800296615951,0.49999999999999994,-0.8660254037844387,20.495993258182796
TXN646380478,938.41,P2M,ICICI,ICICI,Lucknow,2024-05-15T20:19:48,20,2,0,36.404890938360055,1,0,0,0,0,6.845252018628848,0.3836475524916999,-0.8660254037844386,0.5000000000000001,17.061956375344025
TXN680783879,213.82,Auto-Pay,BOB,SBI,Chennai,2024-09-24T08:29:18,8,1,0,22.721554643972222,1,0,0,0,0,5.369800468169901,0.4825387827103577,0.8660254037844387,-0.4999999999999998,11.588621857588889
TXN912550721,1964.01,QR,BOB,HDFC,Hyderabad,2024-04-07T01:57:27,1,6,1,97.7785105088268,11,1,0,1,1,7.583252613348937,0.24367481520267362,0.25881904510252074,0.9659258262890683,111.61140420353072
TXN264389933,491.72,P2P,Axis,PNB,Mumbai,2024-10-05T18:23:02,18,5,0,36.840026287545,2,0,0,0,0,6.199941061378788,0.4446113025108449,-1.0,-1.8369701987210297e-16,19.736010515018002
TXN977296600,262.94,P2P,SBI,Axis,Delhi,2024-02-20T16:10:42,16,1,0,15.01435322738936,1,0,0,0,0,5.575721804588683,0.4758349402224122,-0.8660254037844384,-0.5000000000000004,8.505741290955743
TXN767301049,629.55,P2P,ICICI,Kotak,Jaipur,2024-11-25T08:57:42,8,0,0,15.559522052839137,1,0,0,0,0,6.446592454401883,0.42580041875446184,0.8660254037844387,-0.4999999999999998,8.723808821135655
TXN473331507,2610.25,QR,Kotak,ICICI,Bangalore,2024-05-23T17:42:24,17,3,0,29.866707961198998,1,0,0,0,0,7.867584312870775,0.15547670507624975,-0.9659258262890683,-0.25881904510252063,14.4466831844796
TXN116010063,227.73,P2M,SBI,HDFC,Kolkata,2024-01-07T20:03:58,20,6,0,44.71196126957428,3,0,0,0,0,5.432542268639268,0.48064036151721196,-0.8660254037844386,0.5000000000000001,25.384784507829714
TXN871700656,347.42,QR,Axis,SBI,Jaipur,2024-08-30T11:50:45,11,4,0,31.584972371898704,3,0,0,0,0,5.853408648612014,0.4643052046079651,0.258819045102521,-0.9659258262890682,20.13398894875948
TXN227418443,209.82,P2P,HDFC,SBI,Delhi,2024-10-21T09:18:27,9,0,0,31.328742084546878,3,0,0,0,0,5.351004688827043,0.4830846982224054,0.7071067811865476,-0.7071067811865475,20.03149683381875
TXN652124909,97.49,P2P,BOB,Kotak,Mumbai,2024-05-12T17:37:27,17,6,0,32.330378242473074,1,1,0,0,0,4.589955020181611,0.4984153705894846,-0.9659258262890683,-0.25881904510252063,35.43215129698923
TXN398779433,97.12,P2P,PNB,Axis,Mumbai,2024-10-01T11:43:21,11,1,0,33.12664810554018,2,0,0,0,0,4.5861912193902885,0.498465867774349,0.258819045102521,-0.9659258262890682,18.250659242216074
TXN847598407,728.63,P2P,Kotak,SBI,Pune,2024-09-28T14:28:49,14,5,0,39.025591239817444,3,0,0,0,0,6.592537556335835,0.41227809152104067,-0.4999999999999997,-0.8660254037844388,23.110236495926976
TXN576934446,25000.0,QR,Kotak,PNB,Lucknow,2024-04-19T03:09:19,3,4,1,88.57789996221433,12,0,1,0,1,10.12667110305036,2.90025125389116,0.7071067811865476,0.7071067811865476,80.43115998488574
TXN712347179,50.0,Auto-Pay,BOB,Kotak,Delhi,2024-09-13T18:44:57,18,4,0,42.97574214607767,2,0,0,0,0,3.9318256327243257,0.5048967525062706,-1.0,-1.8369701987210297e-16,22.19029685843107
TXN419309439,2965.96,QR,Axis,SBI,Pune,2024-03-02T16:52:05,16,5,0,41.73899545410139,1,0,0,0,0,7.995293138568666,0.10692980337862931,-0.8660254037844384,-0.5000000000000004,19.19559818164056
TXN661410917,224.59,QR,HDFC,PNB,Jaipur,2024-01-25T10:34:44,10,3,0,20.80055831196143,1,0,0,0,0,5.418719192400332,0.48106890519416934,0.49999999999999994,-0.8660254037844387,10.820223324784573
TXN177344356,419.82,P2M,Kotak,Kotak,Pune,2024-01-27T11:23:16,11,5,0,42.76779283346926,2,0,0,0,0,6.042205188811166,0.454424133839902,0.258819045102521,-0.9659258262890682,22.107117133387703
TXN268061769,784.63,P2P,BOB,SBI,Pune,2024-01-29T14:28:30,14,0,0,20.23970114507516,1,0,0,0,0,6.6664859436838455,0.40463527435237306,-0.4999999999999997,-0.8660254037844388,10.595880458030065
TXN645092164,762.97,QR,Kotak,Axis,Delhi,2024-07-16T08:58:44,8,1,0,25.23131397393749,1,0,0,0,0,6.638528521379844,0.40759140685011136,0.8660254037844387,-0.4999999999999998,12.592525589574997
TXN428449605,819.79,P2P,HDFC,Axis,Lucknow,2024-10-08T13:31:59,13,1,0,24.60570716638349,3,0,0,0,0,6.710267291106422,0.39983667700147396,-0.2588190451025208,-0.9659258262890683,17.342282866553397
TXN358065380,2224.64,P2M,PNB,PNB,Mumbai,2024-02-11T17:43:52,17,6,0,24.409432160767768,2,0,0,0,0,7.707799793689196,0.20810432522642666,-0.9659258262890683,-0.25881904510252063,14.763772864307107
TXN389902808,297.99,P2M,BOB,BOB,Mumbai,2024-09-07T11:28:36,11,5,0,21.629767463719883,2,0,0,0,0,5.700410128015343,0.47105135554809435,0.258819045102521,-0.9659258262890682,13.651906985487953
TXN459958263,205.54,P2P,BOB,HDFC,Bangalore,2024-12-14T19:54:39,19,5,0,31.98898078335015,3,1,0,0,0,5.330494098243258,0.48366882782029647,-0.9659258262890684,0.2588190451025203,40.29559231334006
TXN656549845,5674.47,P2P,PNB,ICICI,Jaipur,2024-10-03T11:25:03,11,3,0,29.606379043121915,2,0,0,0,0,8.643908658303527,0.26272460250543905,0.258819045102521,-0.9659258262890682,16.842551617248766
TXN178182389,1901.89,P2P,Axis,HDFC,Bangalore,2024-05-06T19:02:05,19,0,0,23.3193294501777,1,0,0,0,0,7.551129062157257,0.25215288310477413,-0.9659258262890684,0.2588190451025203,11.827731780071082
TXN211557095,567.33,P2P,PNB,Axis,Bangalore,2024-11-05T17:54:32,17,1,0,11.709456816226037,2,1,0,0,0,6.342702235929669,0.43429213454436355,-0.9659258262890683,-0.25881904510252063,29.683782726490413
TXN572833352,917.56,P2M,Axis,HDFC,Hyderabad,2024-08-01T18:09:49,18,3,0,19.361848504707996,1,0,0,0,0,6.822807226419327,0.38649313709824845,-1.0,-1.8369701987210297e-16,10.244739401883198
TXN812249550,19816.53,P2P,ICICI,Kotak,Pune,2024-06-30T18:28:15,18,6,0,17.474191243571518,2,0,0,0,0,9.894322178523714,2.1928170840827073,-1.0,-1.8369701987210297e-16,11.989676497428608
TXN501635557,3791.44,P2P,Axis,PNB,Mumbai,2024-06-06T19:42:27,19,3,0,40.50802379806635,3,0,0,0,0,8.240764890398792,0.0057307808426513,-0.9659258262890684,0.2588190451025203,23.70320951922654
TXN456197221,583.13,P2P,PNB,ICICI,Hyderabad,2024-05-17T17:47:11,17,4,0,33.481348181207444,1,0,0,0,0,6.37012356079564,0.4321357682717752,-0.9659258262890683,-0.25881904510252063,15.892539272482978
TXN594402141,309.92,P2M,PNB,SBI,Hyderabad,2024-12-14T18:39:16,18,5,0,19.71099482107804,2,0,0,0,0,5.739535644362019,0.46942316253341215,-1.0,-1.8369701987210297e-16,12.884397928431216
TXN236720906,298.8,P2P,Axis,PNB,Ahmedabad,2024-08-06T13:45:58,13,1,0,40.59474274481784,1,0,0,0,0,5.703115585668497,0.4709408076569047,-0.2588190451025208,-0.9659258262890683,18.73789709792714
TXN339594713,600.14,Auto-Pay,HDFC,Kotak,Chennai,2024-04-26T09:58:03,9,4,0,12.52323371457124,2,0,0,0,0,6.398827852499227,0.42981426255679245,0.7071067811865476,-0.7071067811865475,10.009293485828497
TXN652651542,337.47,P2P,ICICI,Kotak,Kolkata,2024-03-26T18:09:55,18,1,0,19.41015407426523,3,0,0,0,0,5.824435462132321,0.46566316944418373,-1.0,-1.8369701987210297e-16,15.264061629706092
TXN537063297,3671.27,P2P,BOB,Kotak,Bangalore,2024-12-12T13:54:43,13,3,0,13.171804401268474,3,0,0,0,0,8.208565278448992,0.010669885928041264,-0.2588190451025208,-0.9659258262890683,12.76872176050739
TXN756634578,359.53,P2P,Kotak,PNB,Chennai,2024-11-25T16:25:05,16,0,0,26.184412550338394,2,1,0,0,0,5.887575171015719,0.4626524453952407,-0.8660254037844384,-0.5000000000000004,35.47376502013536
TXN488170845,865.41,P2M,BOB,SBI,Delhi,2024-03-22T15:57:14,15,4,0,36.67126424188454,3,0,0,0,0,6.7643582376330995,0.39361051058657015,-0.7071067811865471,-0.7071067811865479,22.16850569675382
TXN217037912,761.75,QR,BOB,PNB,Ahmedabad,2024-04-03T16:38:30,16,2,0,44.630111802287104,1,0,0,0,0,6.636930323596779,0.40775791108128584,-0.8660254037844384,-0.5000000000000004,20.352044720914844
TXN714697925,410.73,P2P,BOB,Kotak,Delhi,2024-04-15T13:40:57,13,0,0,43.700294942350666,1,0,0,0,0,6.0203677947147085,0.4556647268410304,-0.2588190451025208,-0.9659258262890683,19.980117976940267
TXN984079897,496.57,P2P,BOB,Axis,Pune,2024-03-09T18:57:27,18,5,0,27.138581700964185,3,0,0,0,0,6.209736250218424,0.44394937995248707,-1.0,-1.8369701987210297e-16,18.355432680385675
TXN358914565,809.54,P2P,HDFC,HDFC,Lucknow,2024-11-11T08:11:45,8,0,0,17.374197139612956,1,0,0,0,0,6.697700692209645,0.40123558550109617,0.8660254037844387,-0.4999999999999998,9.449678855845182
TXN951977831,156.97,Collect,Kotak,BOB,Delhi,2024-09-03T11:54:52,11,1,0,15.17429130848073,3,0,0,1,0,5.062405141581006,0.4902976069253355,0.258819045102521,-0.9659258262890682,23.56971652339229
TXN938829678,5430.5,P2M,BOB,SBI,Hyderabad,2024-11-29T09:54:36,9,4,0,30.75327980022246,2,0,0,0,0,8.599970617873806,0.22942785063687063,0.7071067811865476,-0.7071067811865475,17.301311920088985
TXN259724858,50.0,P2M,BOB,HDFC,Ahmedabad,2024-11-05T09:39:35,9,1,0,40.1211715948764,2,0,0,0,0,3.9318256327243257,0.5048967525062706,0.7071067811865476,-0.7071067811865475,21.04846863795056
TXN967192075,5006.51,P2P,Kotak,HDFC,Kolkata,2024-03-16T11:47:33,11,5,0,26.996278449973545,2,0,0,0,0,8.518694064542473,0.17156217114859626,0.258819045102521,-0.9659258262890682,15.798511379989419
TXN593242093,12625.37,P2P,BOB,Kotak,Pune,2024-11-20T13:22:06,13,2,0,27.156728715870525,2,0,0,0,0,9.443542763107736,1.2113756356785013,-0.2588190451025208,-0.9659258262890683,15.862691486348211
TXN652422435,603.75,P2M,Kotak,Axis,Delhi,2024-03-03T16:10:38,16,6,0,23.283717759318527,2,0,0,0,0,6.404815149490137,0.4293215738071694,-0.8660254037844384,-0.5000000000000004,14.313487103727411
TXN796878042,6091.73,P2M,BOB,PNB,Lucknow,2024-10-22T13:37:40,13,1,0,41.32798104682101,1,0,0,0,0,8.714851536120404,0.31967177914469314,-0.2588190451025208,-0.9659258262890683,19.031192418728406
TXN260827622,1902.99,P2P,HDFC,ICICI,Hyderabad,2024-02-06T10:28:58,10,1,0,19.56070696280795,2,0,0,0,0,7.551706963236678,0.2520027563389611,0.49999999999999994,-0.8660254037844387,12.82428278512318
TXN715325519,14168.0,P2M,PNB,Kotak,Jaipur,2024-11-29T12:55:40,12,4,0,42.71796393857248,1,0,0,0,0,9.558811758564227,1.4219120472660312,1.2246467991473532e-16,-1.0,19.587185575428993
TXN697628341,6351.42,QR,Kotak,Axis,Ahmedabad,2024-03-10T16:41:50,16,6,0,44.49236893162434,3,0,0,0,0,8.756591121647881,0.355113978975609,-0.8660254037844384,-0.5000000000000004,25.29694757264974
TXN459470220,50.0,Auto-Pay,Axis,SBI,Ahmedabad,2024-03-22T08:36:20,8,4,0,28.01987992773365,2,0,0,0,0,3.9318256327243257,0.5048967525062706,0.8660254037844387,-0.4999999999999998,16.20795197109346
TXN235402071,186.78,P2P,HDFC,SBI,Jaipur,2024-11-22T14:27:50,14,4,0,33.194187205856295,1,0,0,0,0,5.2352710648304015,0.48622917157180007,-0.4999999999999997,-0.8660254037844388,15.777674882342518
TXN425896446,50.0,QR,Axis,SBI,Jaipur,2024-12-24T09:01:52,9,1,0,37.60876023823185,2,0,0,0,0,3.9318256327243257,0.5048967525062706,0.7071067811865476,-0.7071067811865475,20.04350409529274
TXN843032945,50.0,P2M,HDFC,Axis,Delhi,2024-02-03T08:03:37,8,5,0,37.32706322105163,1,0,0,0,0,3.9318256327243257,0.5048967525062706,0.8660254037844387,-0.4999999999999998,17.430825288420653
TXN696037878,380.6,Auto-Pay,Kotak,BOB,Bangalore,2024-04-10T13:47:29,13,2,0,31.14838286162498,3,0,0,0,0,5.944372939574132,0.4597768354355296,-0.2588190451025208,-0.9659258262890683,19.959353144649995
TXN494494443,50.0,Collect,SBI,Axis,Bangalore,2024-07-14T12:54:07,12,6,0,25.780672627220614,1,0,0,0,0,3.9318256327243257,0.5048967525062706,1.2246467991473532e-16,-1.0,12.812269050888247
TXN341619502,113.78,P2M,PNB,Kotak,Delhi,2024-05-12T14:53:42,14,6,0,22.54472396096078,3,0,0,0,0,4.743017252680216,0.4961921296666703,-0.4999999999999997,-0.8660254037844388,16.517889584384314
TXN343613789,1999.2,Auto-Pay,Axis,PNB,Ahmedabad,2024-07-18T12:13:03,12,3,0,26.165465576931748,2,0,0,0,0,7.6010024545424155,0.23887212348543413,1.2246467991473532e-16,-1.0,15.4661862307727
TXN109182690,211.86,P2P,Kotak,Kotak,Delhi,2024-09-20T20:35:13,20,4,0,28.81204107884479,3,0,0,0,0,5.360634672612898,0.48280628131126113,-0.8660254037844386,0.5000000000000001,19.024816431537914
TXN223324459,255.38,P2M,ICICI,ICICI,Delhi,2024-08-13T17:50:40,17,1,0,44.05420831471067,3,0,0,0,0,5.546660718883989,0.4768667205401823,-0.9659258262890683,-0.25881904510252063,25.12168332588427
TXN389292754,1118.56,P2P,ICICI,SBI,Chennai,2024-04-17T10:15:35,10,2,0,21.504053013138513,3,0,0,0,0,7.020691029957699,0.3590608826178523,0.49999999999999994,-0.8660254037844387,16.101621205255405
TXN679837748,1347.79,P2P,Kotak,BOB,Mumbai,2024-06-12T10:50:41,10,2,0,41.06904773875693,3,0,0,0,0,7.20696317322248,0.3277758294111796,0.49999999999999994,-0.8660254037844387,23.927619095502774
TXN497648271,814.64,QR,BOB,SBI,Pune,2024-11-14T12:33:26,12,3,0,32.31163401976774,3,0,0,0,0,6.703973081146547,0.4005395432232354,1.2246467991473532e-16,-1.0,20.424653607907096
TXN813054035,273.4,P2P,PNB,Axis,Bangalore,2024-06-12T17:39:31,17,2,0,43.367375750926776,1,0,0,0,0,5.61458689585173,0.4744073711584075,-0.9659258262890683,-0.25881904510252063,19.84695030037071
TXN243196484,8652.22,P2P,Kotak,Axis,Pune,2024-05-14T08:45:13,8,1,0,38.45510513586159,3,0,0,0,0,9.06568678499173,0.669124581505437,0.8660254037844387,-0.4999999999999998,22.882042054344637
TXN432237944,244.41,P2P,PNB,PNB,Hyderabad,2024-11-03T15:22:18,15,6,0,30.296789311645373,1,0,0,0,0,5.502930281242811,0.47836389383197314,-0.7071067811865471,-0.7071067811865479,14.61871572465815
TXN782381768,238.97,P2M,BOB,BOB,Chennai,2024-09-23T18:59:59,18,0,0,25.636719378920183,3,0,0,0,0,5.4805139155288405,0.47910633892835797,-1.0,-1.8369701987210297e-16,17.754687751568074
TXN124523904,347.33,QR,Axis,Axis,Ahmedabad,2024-02-08T09:41:56,9,3,0,28.937375052988784,3,0,0,0,0,5.8531503063070245,0.4643174877069862,0.7071067811865476,-0.7071067811865475,19.074950021195512
TXN875620019,619.6,P2P,ICICI,ICICI,Jaipur,2024-07-27T09:49:54,9,5,0,19.62912558879357,3,0,0,0,0,6.43068675201428,0.4271583835906804,0.7071067811865476,-0.7071067811865475,15.351650235517429
TXN791059829,274.1,QR,ICICI,Axis,Lucknow,2024-01-23T13:43:02,13,1,0,42.872844765992234,2,0,0,0,0,5.617134667930529,0.47431183594379916,-0.2588190451025208,-0.9659258262890683,22.149137906396895
TXN627812862,6346.73,P2P,ICICI,ICICI,Kolkata,2024-11-10T14:26:02,14,6,0,33.815679510085985,2,1,0,0,0,8.755852547660457,0.354473893037733,-0.4999999999999997,-0.8660254037844388,38.526271804034394
TXN842060793,50.0,P2P,Axis,Axis,Mumbai,2024-12-24T09:27:17,9,1,0,27.984316937401935,3,0,0,0,0,3.9318256327243257,0.5048967525062706,0.7071067811865476,-0.7071067811865475,18.693726774960773
TXN886936421,163.22,P2P,BOB,BOB,Delhi,2024-09-15T11:56:59,11,6,0,19.211714073241296,2,0,0,0,0,5.101206992280643,0.489444613937761,0.258819045102521,-0.9659258262890682,12.684685629296519
TXN170516361,348.98,P2M,SBI,BOB,Bangalore,2024-11-07T17:57:56,17,3,0,31.982888528398025,2,0,0,0,0,5.857876009993602,0.46409229755826653,-0.9659258262890683,-0.25881904510252063,17.79315541135921
TXN133609661,25000.0,P2M,Kotak,PNB,Delhi,2024-08-30T05:15:28,5,4,1,91.80088529802993,9,1,1,0,1,10.12667110305036,2.90025125389116,0.9659258262890683,0.25881904510252074,94.22035411921198
TXN341820729,58.94,QR,Kotak,BOB,Jaipur,2024-03-31T17:25:18,17,6,0,36.047407993015426,3,0,0,0,0,4.0933440618885175,0.503676631336844,-0.9659258262890683,-0.25881904510252063,21.91896319720617
TXN825429428,898.39,P2P,Kotak,PNB,Hyderabad,2024-10-21T20:18:55,20,0,0,18.566215840088304,3,0,0,0,0,6.801716755751336,0.38910943718973695,-0.8660254037844386,0.5000000000000001,14.926486336035321
TXN698883058,20083.38,P2M,Axis,BOB,Pune,2024-12-28T20:52:51,20,5,0,37.510017222707845,2,0,0,0,0,9.907697677509363,2.229236472680189,-0.8660254037844386,0.5000000000000001,20.004006889083136
TXN324073875,196.13,P2M,PNB,HDFC,Delhi,2024-11-15T17:08:30,17,4,0,25.85938924162617,3,0,0,0,0,5.2838634095778865,0.4849530940623886,-0.9659258262890683,-0.25881904510252063,17.84375569665047
TXN366293595,1504.02,P2M,SBI,ICICI,Kolkata,2024-02-04T09:52:21,9,6,0,29.538111259788135,3,0,0,1,0,7.316561466131223,0.3064537342993772,0.7071067811865476,-0.7071067811865475,29.315244503915252
TXN932123414,8364.94,Collect,ICICI,BOB,Lucknow,2024-12-14T12:16:37,12,5,0,21.793262296267727,3,0,0,0,0,9.03192398009022,0.6299169294301724,1.2246467991473532e-16,-1.0,16.21730491850709
TXN618210788,1481.0,P2P,ICICI,ICICI,Bangalore,2024-02-25T16:09:55,16,6,0,39.08636541367285,2,0,0,0,0,7.301147805856032,0.3095954780712116,-0.8660254037844384,-0.5000000000000004,20.63454616546914
TXN578105422,635.27,QR,SBI,HDFC,Hyderabad,2024-12-15T14:01:16,14,6,0,10.691471521503251,3,0,0,0,0,6.455623001555365,0.42501975957223365,-0.4999999999999997,-0.8660254037844388,11.776588608601301
TXN172263757,57.65,QR,HDFC,Kotak,Bangalore,2024-08-12T08:45:43,8,0,0,39.35821967101339,1,0,0,0,0,4.0715875750994845,0.5038526890894794,0.8660254037844387,-0.4999999999999998,18.243287868405353
TXN166274039,97.21,P2P,BOB,Kotak,Pune,2024-01-08T13:23:59,13,0,0,24.86138457237703,1,0,0,0,0,4.587108043169683,0.49845358467532785,-0.2588190451025208,-0.9659258262890683,12.444553828950813
TXN993746361,161.45,QR,Kotak,Kotak,Hyderabad,2024-05-10T15:11:34,15,4,0,14.721700349963644,3,0,0,0,0,5.090370262115109,0.48968618155184207,-0.7071067811865471,-0.7071067811865479,13.388680139985457
TXN414706048,950.48,P2P,Kotak,Axis,Pune,2024-11-11T15:16:31,15,0,0,10.567013906881352,2,0,0,0,0,6.858018667072308,0.38200025243409597,-0.7071067811865471,-0.7071067811865479,9.226805562752542
TXN602158623,104.17,P2M,SBI,ICICI,Hyderabad,2024-05-01T13:45:04,13,2,0,30.37629614453195,3,0,0,0,0,4.655578088531937,0.4975036916843649,-0.2588190451025208,-0.9659258262890683,19.65051845781278
TXN523330675,251.66,P2P,SBI,PNB,Delhi,2024-08-04T11:55:03,11,6,0,12.628277603185989,3,0,0,0,0,5.532044711401891,0.4773744219663867,0.258819045102521,-0.9659258262890682,12.551311041274396
TXN867679570,228.19,P2P,Kotak,ICICI,Delhi,2024-12-30T15:40:40,15,0,0,29.080018572926978,1,0,0,0,0,5.434551353871315,0.48057758123332645,-0.7071067811865471,-0.7071067811865479,14.132007429170791
TXN270830242,7540.3,QR,Axis,SBI,Jaipur,2024-12-05T14:32:56,14,3,0,43.07180403624698,2,0,0,0,0,8.928149859933555,0.5173709874664217,-0.4999999999999997,-0.8660254037844388,22.22872161449879
TXN833214397,227.98,Auto-Pay,PNB,ICICI,Hyderabad,2024-05-24T14:14:07,14,4,0,26.618898056365254,2,0,0,0,0,5.433634663495666,0.48060624179770894,-0.4999999999999997,-0.8660254037844388,15.647559222546102
TXN114418934,1349.38,QR,PNB,ICICI,Lucknow,2024-12-03T13:18:35,13,1,0,24.962347762486573,1,0,0,0,0,7.208141313305477,0.32755882799514063,-0.2588190451025208,-0.9659258262890683,12.48493910499463
TXN983463728,276.38,P2P,ICICI,Axis,Kolkata,2024-05-28T16:33:28,16,1,0,32.780156948979425,2,0,0,0,0,5.625388407228189,0.474000664101932,-0.8660254037844384,-0.5000000000000004,18.11206277959177
TXN386883086,683.41,P2P,SBI,Kotak,Ahmedabad,2024-03-09T20:04:45,20,5,0,22.20839282557263,2,0,0,0,0,6.528557153249692,0.4184496663847398,-0.8660254037844386,0.5000000000000001,13.883357130229053
TXN186463233,50.0,P2P,PNB,PNB,Pune,2024-11-05T16:19:48,16,1,0,42.35240211678301,3,0,0,0,0,3.9318256327243257,0.5048967525062706,-0.8660254037844384,-0.5000000000000004,24.440960846713207
TXN713967455,792.61,QR,HDFC,SBI,Delhi,2024-03-21T12:57:45,12,3,0,24.370462971332692,1,0,0,0,0,6.676592156697725,0.40354617290583794,1.2246467991473532e-16,-1.0,12.248185188533078
TXN820783137,1102.38,Collect,Kotak,PNB,Hyderabad,2024-11-21T18:00:29,18,3,0,93.95063641681062,8,1,0,0,1,7.006133474881053,0.36126911086408514,-1.0,-1.8369701987210297e-16,77.58025456672425
TXN534987325,492.79,P2P,SBI,HDFC,Chennai,2024-06-05T15:53:04,15,2,0,39.719782265639274,2,0,0,0,0,6.202110325592211,0.44446527011137216,-0.7071067811865471,-0.7071067811865479,20.88791290625571
TXN873092458,12416.5,P2M,ICICI,ICICI,Mumbai,2024-03-12T13:11:25,13,1,0,10.714056374087221,2,0,0,0,0,9.426862046981505,1.1828692924281512,-0.2588190451025208,-0.9659258262890683,9.285622549634889
TXN626450419,67.39,P2P,SBI,SBI,Ahmedabad,2024-01-14T09:38:54,9,6,0,38.55050868359609,3,0,0,0,0,4.225226615110005,0.5025233848176434,0.7071067811865476,-0.7071067811865475,22.920203473438438
TXN855314546,1079.87,Collect,Kotak,HDFC,Kolkata,2024-10-26T10:50:43,10,5,0,18.19578862485622,1,0,0,0,0,6.985521551388086,0.36434125040813353,0.49999999999999994,-0.8660254037844387,9.77831544994249
TXN269749743,50.0,QR,ICICI,SBI,Ahmedabad,2024-06-03T10:50:14,10,0,0,37.98461106847801,2,0,0,0,0,3.9318256327243257,0.5048967525062706,0.49999999999999994,-0.8660254037844387,20.193844427391205
TXN178351768,1107.66,QR,HDFC,PNB,Lucknow,2024-03-21T11:38:47,11,3,0,25.580224848924175,3,0,0,0,0,7.01090735783758,0.3605485023881822,0.258819045102521,-0.9659258262890682,17.73208993956967
TXN402473527,7037.29,P2P,ICICI,SBI,Ahmedabad,2024-05-15T09:53:17,9,2,0,28.910964369767115,1,0,0,0,0,8.859120521920385,0.4487207470376453,0.7071067811865476,-0.7071067811865475,14.064385747906847
TXN749115604,1955.29,P2P,SBI,ICICI,Lucknow,2024-10-09T13:46:28,13,2,0,19.162351894223068,2,0,0,0,0,7.578805101363765,0.2448649110189376,-0.2588190451025208,-0.9659258262890683,12.664940757689227
TXN279017993,280.93,P2M,BOB,Kotak,Ahmedabad,2024-08-13T18:31:43,18,1,0,39.78964932310497,2,0,0,0,0,5.641658813174351,0.47337968520697776,-1.0,-1.8369701987210297e-16,20.915859729241987
TXN980064257,2136.08,P2M,HDFC,HDFC,Chennai,2024-07-16T14:59:29,14,1,0,26.659763723589197,3,0,0,0,0,7.667195690275914,0.22019089466316238,-0.4999999999999997,-0.8660254037844388,18.163905489435678
TXN762740791,2391.01,P2P,ICICI,PNB,Jaipur,2024-02-26T15:09:17,15,0,0,32.13847483859621,3,0,0,0,0,7.77988929566379,0.1853983342915833,-0.7071067811865471,-0.7071067811865479,20.355389935438485
TXN407178754,1767.73,QR,BOB,BOB,Ahmedabad,2024-06-04T09:51:27,9,1,0,30.149226850062348,1,0,0,0,0,7.478017053907124,0.2704628893788535,0.7071067811865476,-0.7071067811865475,14.55969074002494
TXN668744748,196.76,QR,Kotak,ICICI,Jaipur,2024-06-05T18:35:13,18,2,0,33.308796640746166,1,0,0,0,0,5.287054174269326,0.4848671123692412,-1.0,-1.8369701987210297e-16,15.823518656298468
TXN684737478,5758.06,Auto-Pay,ICICI,SBI,Delhi,2024-02-11T08:58:26,8,6,0,18.22839903447633,3,0,0,0,0,8.65852954592783,0.2741328719184556,0.8660254037844387,-0.4999999999999998,14.791359613790533
TXN133092003,332.97,P2P,PNB,ICICI,Pune,2024-11-18T08:30:55,8,0,0,33.01679078657078,3,0,0,0,0,5.811051168583329,0.4662773243952374,0.8660254037844387,-0.4999999999999998,20.706716314628313
TXN539806173,662.85,P2P,HDFC,BOB,Delhi,2024-08-16T19:22:33,19,4,0,21.32354699623486,3,0,0,0,0,6.498056220341911,0.42125567211666487,-0.9659258262890684,0.2588190451025203,16.029418798493943
TXN810089696,50.0,P2P,PNB,SBI,Lucknow,2024-06-08T13:27:17,13,5,0,22.3510271741633,1,0,0,0,0,3.9318256327243257,0.5048967525062706,-0.2588190451025208,-0.9659258262890683,11.44041086966532
TXN860906687,450.38,QR,PNB,Kotak,Hyderabad,2024-05-03T12:20:41,12,4,0,13.173047278070985,3,0,0,0,0,6.112309556800185,0.4502533393278577,1.2246467991473532e-16,-1.0,12.769218911228394
TXN941326649,9358.87,P2P,HDFC,ICICI,Jaipur,2024-09-02T16:43:30,16,0,0,36.34966162819843,2,0,0,0,0,9.144186680486298,0.7655673806525611,-0.8660254037844384,-0.5000000000000004,19.539864651279373
TXN234673923,277.92,P2P,Kotak,SBI,Pune,2024-03-02T14:20:36,14,5,0,13.32177684181273,3,0,0,0,0,5.63092500235281,0.4737904866297936,-0.4999999999999997,-0.8660254037844388,12.828710736725093
TXN473940046,6822.34,QR,HDFC,ICICI,Delhi,2024-09-23T18:01:21,18,0,0,37.57573355961387,3,0,0,0,0,8.828104367026318,0.4193846122089829,-1.0,-1.8369701987210297e-16,22.53029342384555
TXN992447620,5366.93,P2M,HDFC,ICICI,Delhi,2024-03-27T08:10:40,8,2,0,12.053129106017145,3,0,0,0,0,8.588197638328044,0.22075188836165285,0.8660254037844387,-0.4999999999999998,12.321251642406859
TXN445736033,1004.76,P2P,SBI,Axis,Mumbai,2024-08-27T15:04:52,15,1,0,39.66623111309441,3,0,0,0,0,6.913498753609203,0.3745921789356089,-0.7071067811865471,-0.7071067811865479,23.366492445237768
TXN868701665,50.0,P2M,SBI,PNB,Jaipur,2024-10-29T11:14:38,11,1,0,15.214866016975302,1,0,0,1,0,3.9318256327243257,0.5048967525062706,0.258819045102521,-0.9659258262890682,18.58594640679012
TXN686302331,529.3,QR,BOB,SBI,Pune,2024-12-24T15:35:43,15,1,0,40.041753477710785,2,0,0,1,0,6.273442884143084,0.43948242627515693,-0.7071067811865471,-0.7071067811865479,31.016701391084315
TXN767308675,132.57,Auto-Pay,BOB,PNB,Hyderabad,2024-08-13T08:14:01,8,1,0,29.524568876368935,1,0,0,0,0,4.8946256849890135,0.49362769154882635,0.8660254037844387,-0.4999999999999998,14.309827550547574
TXN268092355,9282.6,P2M,PNB,SBI,Pune,2024-10-05T11:30:19,11,5,0,16.93927092808177,2,0,0,0,0,9.13600468158894,0.7551581366265919,0.258819045102521,-0.9659258262890682,11.775708371232707
TXN277452505,130.89,Auto-Pay,SBI,PNB,Chennai,2024-11-10T08:49:22,8,6,0,19.75110413765359,3,0,0,0,0,4.881968241837793,0.4938569760638864,0.8660254037844387,-0.4999999999999998,15.400441655061437
TXN983763299,1226.02,P2P,ICICI,Axis,Pune,2024-11-02T13:40:57,13,5,0,24.249613870187858,2,0,0,0,0,7.112343744496569,0.34439486238669126,-0.2588190451025208,-0.9659258262890683,14.699845548075144
TXN584902497,258.74,P2P,PNB,HDFC,Delhi,2024-10-15T08:23:33,8,1,0,25.00206914396665,1,0,0,0,0,5.559681130681944,0.4764081515100622,0.8660254037844387,-0.4999999999999998,12.500827657586662
TXN754426466,437.36,P2M,ICICI,PNB,Ahmedabad,2024-03-07T13:18:34,13,3,0,25.79980512617396,2,0,0,0,0,6.083040490595192,0.4520302943195729,-0.2588190451025208,-0.9659258262890683,15.319922050469586
TXN399137040,129.23,P2M,Axis,HDFC,Bangalore,2024-02-09T14:26:07,14,4,0,43.77493204200103,2,0,0,0,0,4.869302117979612,0.4940835310013862,-0.4999999999999997,-0.8660254037844388,22.509972816800413
TXN722227327,10000.0,P2M,ICICI,ICICI,Hyderabad,2024-04-27T01:53:19,1,5,1,71.3730078160233,14,0,1,0,1,9.210440366976517,0.853068083712344,0.25881904510252074,0.9659258262890683,78.54920312640932
TXN723512415,565.93,P2P,SBI,SBI,Ahmedabad,2024-12-14T10:19:59,10,5,0,23.53573712051881,2,0,0,0,0,6.340235839316212,0.4344832049735803,0.49999999999999994,-0.8660254037844387,14.414294848207524
TXN866549150,4957.51,Auto-Pay,Kotak,HDFC,Pune,2024-09-07T17:25:52,17,5,0,15.432749972971418,2,0,0,1,0,8.50886057136308,0.16487470612601213,-0.9659258262890683,-0.25881904510252063,21.173099989188568
TXN701100379,6562.22,Auto-Pay,ICICI,BOB,Hyderabad,2024-03-14T11:23:04,11,3,0,18.05890858092827,2,0,0,0,0,8.789236615167422,0.383883726460522,0.258819045102521,-0.9659258262890682,12.223563432371309
TXN676939611,1243.44,Auto-Pay,ICICI,BOB,Kolkata,2024-11-14T17:27:38,17,3,0,37.35884227858669,3,0,0,0,0,7.126440908512017,0.34201740033172356,-0.9659258262890683,-0.25881904510252063,22.443536911434677
TXN272785596,134.6,P2P,SBI,ICICI,Bangalore,2024-08-18T12:53:13,12,6,0,12.922566918009599,2,0,0,0,0,4.909709375506295,0.4933506394264622,1.2246467991473532e-16,-1.0,10.169026767203839
TXN724037866,202.13,P2P,BOB,Axis,Kolkata,2024-02-09T18:51:31,18,4,0,18.03132664074475,3,0,0,0,0,5.3138461681656635,0.4841342207943171,-1.0,-1.8369701987210297e-16,14.7125306562979
TXN756443334,3881.55,QR,SBI,BOB,Lucknow,2024-11-16T19:53:40,19,5,0,38.666120729273054,1,0,0,0,0,8.264247433239982,0.018028892540305524,-0.9659258262890684,0.2588190451025203,17.96644829170922
TXN266744058,342.93,QR,Axis,SBI,Kolkata,2024-05-12T18:32:57,18,6,0,20.561567563436284,1,0,0,0,0,5.840438148294737,0.46491799477023865,-1.0,-1.8369701987210297e-16,10.724627025374515
TXN551759884,19118.36,QR,Kotak,PNB,Mumbai,2024-07-26T14:33:04,14,4,0,40.44773522447348,3,1,0,0,0,9.858456713241818,2.0975316258211247,-0.4999999999999997,-0.8660254037844388,43.679094089789395
TXN128797372,218.16,QR,SBI,Axis,Bangalore,2024-09-05T17:50:46,17,3,0,30.583018604914418,1,0,0,0,0,5.389802056670215,0.48194646437978605,-0.9659258262890683,-0.25881904510252063,14.733207441965767
TXN466867544,2654.05,P2M,HDFC,Axis,Jaipur,2024-10-24T09:49:01,9,3,0,40.69223524186066,1,0,0,0,0,7.8842187658904255,0.14949893021932759,0.7071067811865476,-0.7071067811865475,18.776894096744265
TXN792506821,56.65,P2P,PNB,HDFC,Delhi,2024-12-08T19:33:22,19,6,0,29.25488861888609,1,0,0,0,0,4.054390246715068,0.5039891679674914,-0.9659258262890684,0.2588190451025203,14.201955447554436
TXN935137823,4690.78,Auto-Pay,SBI,Kotak,Delhi,2024-03-16T14:25:26,14,5,0,21.12908189737051,1,0,0,0,0,8.453567320353528,0.12847169499389235,-0.4999999999999997,-0.8660254037844388,10.951632758948206
TXN629370653,84.9,QR,Axis,Kotak,Bangalore,2024-09-27T11:04:14,11,4,0,30.583851865953527,2,0,0,0,0,4.45318382899021,0.5001336396636546,0.258819045102521,-0.9659258262890682,17.23354074638141
TXN538567152,2200.14,P2P,ICICI,BOB,Chennai,2024-11-23T16:26:10,16,5,0,33.559587799268456,3,0,0,0,0,7.696730686954752,0.21144805773771871,-0.8660254037844384,-0.5000000000000004,20.923835119707384
TXN265529713,887.87,P2P,Kotak,SBI,Chennai,2024-01-27T12:35:42,12,5,0,22.952734097006093,1,0,0,0,0,6.7899509930999695,0.3905451949864224,1.2246467991473532e-16,-1.0,11.681093638802437
TXN512167624,1337.48,P2M,BOB,BOB,Chennai,2024-04-15T10:15:23,10,0,0,14.174508521391019,3,0,0,0,0,7.199289920749408,0.32918292664348253,0.49999999999999994,-0.8660254037844387,13.169803408556408
TXN992453250,377.06,P2P,ICICI,HDFC,Lucknow,2024-06-11T18:28:36,18,1,0,38.11242431354326,2,0,0,0,0,5.9350529131820196,0.4602599706636918,-1.0,-1.8369701987210297e-16,20.244969725417306
TXN246059284,3953.39,P2M,SBI,HDFC,Chennai,2024-06-27T11:45:39,11,3,0,19.515862823215834,2,0,0,0,0,8.282581633160905,0.02783353513668189,0.258819045102521,-0.9659258262890682,12.806345129286335
TXN355406275,50.0,Collect,Axis,HDFC,Ahmedabad,2024-07-30T10:14:50,10,1,0,38.257265901594266,3,0,0,0,0,3.9318256327243257,0.5048967525062706,0.49999999999999994,-0.8660254037844387,22.802906360637706
TXN739427290,72.21,P2M,SBI,BOB,Kolkata,2024-12-07T18:05:54,18,5,0,21.761489690884076,1,0,0,0,0,4.293332023658551,0.5018655566256259,-1.0,-1.8369701987210297e-16,11.20459587635363
TXN274447190,22660.34,QR,BOB,Kotak,Lucknow,2024-06-13T09:06:48,9,3,0,37.893894366763455,2,0,0,0,0,10.028415667873308,2.580937082161789,0.7071067811865476,-0.7071067811865475,20.157557746705383
TXN205418191,760.54,P2P,BOB,HDFC,Pune,2024-02-09T20:54:50,20,4,0,37.07159062379688,1,0,0,0,0,6.635342698861124,0.4079230505236803,-0.8660254037844386,0.5000000000000001,17.328636249518752
TXN449961409,398.19,P2P,BOB,Kotak,Mumbai,2024-08-30T14:46:18,14,4,0,10.264918527829968,3,0,0,0,0,5.98943749402335,0.45737617197129987,-0.4999999999999997,-0.8660254037844388,11.605967411131989
TXN585620778,334.82,P2M,SBI,BOB,Kolkata,2024-10-09T13:26:34,13,2,0,12.38914898338424,1,0,0,0,0,5.816575302131323,0.4660248384709153,-0.2588190451025208,-0.9659258262890683,7.455659593353697
TXN806814129,4559.45,Collect,BOB,Axis,Hyderabad,2024-08-23T11:14:48,11,4,0,15.42421069105885,2,0,0,0,0,8.42517658184999,0.11054792394458676,0.258819045102521,-0.9659258262890682,11.16968427642354
TXN470698085,1351.64,P2P,PNB,Kotak,Pune,2024-03-05T19:32:49,19,1,0,30.15125292321087,1,0,0,0,0,7.209813517378425,0.32725038573083376,-0.9659258262890684,0.2588190451025203,14.560501169284349
TXN395119367,4709.18,P2P,PNB,BOB,Delhi,2024-07-29T14:50:27,14,0,0,20.34056721170971,1,0,0,0,0,8.457481402840738,0.13098290634931178,-0.4999999999999997,-0.8660254037844388,10.636226884683884
TXN152717797,351.72,P2M,SBI,PNB,Chennai,2024-12-10T14:17:14,14,1,0,43.16477942134151,1,0,0,0,0,5.865674541049683,0.4637183454325139,-0.4999999999999997,-0.8660254037844388,19.765911768536604
TXN353710549,218.9,QR,HDFC,BOB,Jaipur,2024-11-25T16:24:12,16,0,0,37.00825452036567,2,0,0,0,0,5.393172897560715,0.4818454700100572,-0.8660254037844384,-0.5000000000000004,19.803301808146266
TXN797855729,3678.97,P2M,ICICI,SBI,Bangalore,2024-03-08T17:06:10,17,4,0,28.288046938561788,1,0,0,0,0,8.210659878955834,0.009618998567349497,-0.9659258262890683,-0.25881904510252063,13.815218775424716
TXN495698985,292.6,P2M,SBI,HDFC,Kolkata,2024-04-09T14:07:27,14,1,0,28.55765425035346,3,0,0,0,0,5.682218296740361,0.4717869767005786,-0.4999999999999997,-0.8660254037844388,18.923061700141382
TXN368948244,366.33,P2M,SBI,HDFC,Ahmedabad,2024-08-27T17:35:01,17,1,0,18.789170408008804,2,0,0,0,0,5.906260626593414,0.4617243890247597,-0.9659258262890683,-0.25881904510252063,12.515668163203522
TXN469340448,1579.46,P2P,Axis,PNB,Lucknow,2024-10-05T19:26:31,19,5,0,27.404727441852998,2,0,0,0,0,7.365471222888714,0.29615776774215785,-0.9659258262890684,0.2588190451025203,15.9618909767412
TXN464724492,140.81,P2P,Axis,BOB,Lucknow,2024-01-25T20:43:53,20,3,0,40.73555720403377,2,0,0,0,0,4.954488133473255,0.4925031055940081,-0.8660254037844386,0.5000000000000001,21.294222881613507
TXN511484036,9691.72,Auto-Pay,PNB,ICICI,Kolkata,2024-11-18T17:10:42,17,0,0,14.634161472375911,2,0,0,0,0,9.179130367249831,0.8109943751988289,-0.9659258262890683,-0.25881904510252063,10.853664588950366
TXN894624348,595.67,P2P,BOB,HDFC,Ahmedabad,2024-11-10T19:35:43,19,6,0,42.51910266046578,1,0,0,0,0,6.391364196743265,0.4304243231415057,-0.9659258262890684,0.2588190451025203,19.507641064186313
TXN831325348,97.44,QR,Kotak,SBI,Ahmedabad,2024-06-27T15:15:58,15,3,0,32.62600263970625,3,0,0,0,0,4.589447225522855,0.49842219453338515,-0.7071067811865471,-0.7071067811865479,20.550401055882503
TXN607685589,219.49,QR,Axis,PNB,Mumbai,2024-02-12T11:38:49,11,0,0,35.6247691395445,3,0,0,0,0,5.395852342384568,0.48176494747203014,0.258819045102521,-0.9659258262890682,21.7499076558178
TXN853934972,2219.23,P2M,ICICI,PNB,Mumbai,2024-09-08T10:41:25,10,6,0,41.16511142279789,1,0,0,0,0,7.705366073103446,0.20884267595647113,0.49999999999999994,-0.8660254037844387,18.96604456911916
TXN751400823,45000.0,QR,Kotak,SBI,Mumbai,2024-05-20T00:33:29,0,0,1,93.19982169552927,14,0,1,0,1,10.714439990727769,5.629828814129581,0.0,1.0,87.27992867821172
TXN321226779,88.72,QR,ICICI,PNB,Pune,2024-02-26T19:11:57,19,0,0,30.507803039062736,2,0,0,0,0,4.496693709652008,0.4996122903496491,-0.9659258262890684,0.2588190451025203,17.203121215625096
TXN633851875,1427.37,P2P,Axis,ICICI,Jaipur,2024-08-10T10:09:37,10,5,0,24.149195027280356,3,0,0,0,0,7.264289212979435,0.316914840298991,0.49999999999999994,-0.8660254037844387,17.159678010912145
TXN284596490,50.0,P2M,Axis,ICICI,Delhi,2024-05-02T14:24:13,14,3,0,16.735596187643427,1,0,0,0,0,3.9318256327243257,0.5048967525062706,-0.4999999999999997,-0.8660254037844388,9.194238475057372
TXN130107256,340.4,QR,Axis,BOB,Bangalore,2024-05-09T16:54:57,16,3,0,30.61901024595396,3,0,0,0,0,5.83305481036034,0.4652632863316088,-0.8660254037844384,-0.5000000000000004,19.747604098381586
TXN989107971,25000.0,QR,BOB,BOB,Chennai,2024-09-05T19:39:25,19,3,0,71.53947332054857,4,0,1,1,1,10.12667110305036,2.90025125389116,-0.9659258262890684,0.2588190451025203,48.61578932821943
TXN972344311,1062.29,P2M,PNB,BOB,Lucknow,2024-03-30T19:00:05,19,5,0,35.538673202478996,2,0,0,0,0,6.969123153929284,0.3667405490835831,-0.9659258262890684,0.2588190451025203,19.2154692809916
TXN857032074,20000.0,P2P,BOB,HDFC,Lucknow,2024-12-09T01:22:08,1,0,1,85.95629197714725,8,0,1,1,1,9.90353755128617,2.2178568638315546,0.25881904510252074,0.9659258262890683,79.3825167908589
TXN371633815,2542.34,P2P,HDFC,Kotak,Ahmedabad,2024-09-22T18:53:46,18,6,0,36.21388970308994,2,0,0,0,0,7.841233456838936,0.1647449856820393,-1.0,-1.8369701987210297e-16,19.485555881235975
TXN161858806,231.28,QR,Kotak,Kotak,Hyderabad,2024-04-09T15:00:46,15,1,0,38.98214544559113,2,0,0,0,0,5.447943540503849,0.4801558615002696,-0.7071067811865471,-0.7071067811865479,20.592858178236455
TXN294994138,537.23,Auto-Pay,Kotak,BOB,Pune,2024-04-04T19:19:14,19,3,0,16.921898707272284,1,0,0,1,0,6.2882859780994025,0.43840014877252237,-0.9659258262890684,0.2588190451025203,19.268759482908912
TXN162908951,3118.45,P2P,ICICI,Axis,Hyderabad,2024-04-14T10:45:54,10,6,0,41.912478933361996,3,0,0,0,0,8.04541198321274,0.08611813927059149,0.49999999999999994,-0.8660254037844387,24.264991573344798
TXN368114125,294.06,P2P,Kotak,SBI,Pune,2024-03-19T10:00:21,10,1,0,35.45348118494927,2,0,0,0,0,5.687178725489421,0.47158771753868123,0.49999999999999994,-0.8660254037844387,19.181392473979706
TXN123189831,128.79,P2P,ICICI,HDFC,Jaipur,2024-07-15T12:09:29,12,0,0,23.544818343300236,1,0,0,0,0,4.865917759699667,0.49414358170771144,1.2246467991473532e-16,-1.0,11.917927337320094
TXN548631165,154.34,Auto-Pay,ICICI,PNB,Kolkata,2024-08-17T13:39:57,13,5,0,13.719747904968752,1,0,0,0,0,5.045616262991501,0.4906565463745068,-0.2588190451025208,-0.9659258262890683,7.987899161987501
TXN748645303,900.45,P2M,HDFC,ICICI,Delhi,2024-04-07T08:18:13,8,6,0,32.32447752184902,3,0,0,0,0,6.804004577988209,0.38882829070103236,0.8660254037844387,-0.4999999999999998,20.429791008739606
TXN185105194,461.82,P2M,SBI,BOB,Delhi,2024-08-12T12:05:44,12,0,0,37.606927147775714,3,0,0,0,0,6.137338209597526,0.44869202096340133,1.2246467991473532e-16,-1.0,22.542770859110284
TXN529113449,355.01,QR,ICICI,BOB,Mumbai,2024-02-13T11:53:43,11,1,0,25.091868802300887,2,0,0,1,0,5.8749588203451575,0.46326932992385467,0.258819045102521,-0.9659258262890682,25.036747520920358
TXN856754968,115.26,QR,ICICI,SBI,Pune,2024-08-02T20:04:41,20,4,0,31.992149114230553,1,0,0,0,0,4.755829062273205,0.49599014092721266,-0.8660254037844386,0.5000000000000001,15.296859645692223
TXN487004596,8743.84,QR,Kotak,PNB,Hyderabad,2024-06-12T11:02:17,11,2,0,37.195191117358355,3,0,0,0,0,9.076219091116085,0.6816287763088893,0.258819045102521,-0.9659258262890682,22.378076446943343
TXN724877108,8532.45,P2M,Axis,HDFC,Ahmedabad,2024-07-05T12:32:04,12,4,0,28.95835055971746,2,0,0,0,0,9.051749013581086,0.6527785062859494,1.2246467991473532e-16,-1.0,16.583340223886985
TXN939060342,8367.34,Auto-Pay,HDFC,SBI,Chennai,2024-07-03T16:33:09,16,2,0,11.271926191068486,2,0,0,0,0,9.032210816454432,0.630244478737401,-0.8660254037844384,-0.5000000000000004,9.508770476427394
TXN830941009,19020.51,QR,Kotak,SBI,Bangalore,2024-11-13T19:09:44,19,2,0,32.697415914152145,2,0,0,0,0,9.85332572306382,2.084177167607658,-0.9659258262890684,0.2588190451025203,18.07896636566086
TXN529803038,8431.83,P2P,Axis,SBI,Hyderabad,2024-03-27T09:10:48,9,2,0,12.82963805751389,3,0,0,0,0,9.039887700471887,0.6390460015803897,0.7071067811865476,-0.7071067811865475,12.631855223005555
TXN854385528,347.15,P2P,Kotak,Axis,Kolkata,2024-03-27T10:17:25,10,2,0,30.076975028001772,2,0,0,0,0,5.852633421388556,0.4643420539050283,0.49999999999999994,-0.8660254037844387,17.030790011200708
TXN837260786,50.0,P2P,PNB,SBI,Jaipur,2024-03-19T16:10:57,16,1,0,25.87990694879103,2,0,0,0,0,3.9318256327243257,0.5048967525062706,-0.8660254037844384,-0.5000000000000004,15.351962779516413
TXN777055598,370.51,QR,Kotak,BOB,Chennai,2024-04-11T09:57:55,9,3,0,30.523440773251444,1,0,0,0,0,5.917575781695938,0.4611539073146699,0.7071067811865476,-0.7071067811865475,14.709376309300579
TXN897698969,8378.62,QR,PNB,BOB,Jaipur,2024-02-26T08:24:46,8,0,0,16.218084189499066,1,0,0,0,0,9.033557846385913,0.6317839604813755,0.8660254037844387,-0.4999999999999998,8.987233675799626
TXN995187379,165.66,P2P,PNB,HDFC,Kolkata,2024-02-12T17:28:53,17,0,0,11.581761814042553,2,0,0,0,0,5.115955808954061,0.4891116054754119,-0.9659258262890683,-0.25881904510252063,9.632704725617021
TXN227057371,5478.74,P2P,Kotak,PNB,Hyderabad,2024-04-21T20:16:40,20,6,0,37.18094687688408,3,0,0,0,0,8.608812933561024,0.23601159171216568,-0.8660254037844386,0.5000000000000001,22.372378750753633
TXN199552956,5693.75,QR,PNB,BOB,Lucknow,2024-08-28T12:37:26,12,2,0,18.91568632241229,1,0,0,0,0,8.647299976761452,0.2653559152735089,1.2246467991473532e-16,-1.0,10.066274528964918
TXN295630027,1606.62,P2P,SBI,HDFC,Chennai,2024-07-23T09:05:47,9,1,0,39.388731206125044,3,0,0,0,0,7.382510103403357,0.29245100141535413,0.7071067811865476,-0.7071067811865475,23.255492482450016
TXN377244271,3070.71,P2P,BOB,HDFC,Ahmedabad,2024-12-21T08:00:25,8,5,0,19.326219868778605,1,0,0,1,0,8.029989688769838,0.09263364090688057,0.8660254037844387,-0.4999999999999998,20.230487947511442
TXN312171302,50000.0,Collect,SBI,BOB,Bangalore,2024-09-23T06:16:49,6,0,0,73.67423757656293,14,0,1,0,1,10.819798284210286,6.312223204189186,1.0,6.123233995736766e-17,64.46969503062518
TXN395675992,398.02,Auto-Pay,BOB,HDFC,Ahmedabad,2024-09-21T20:06:07,20,5,0,15.085695548710845,2,0,0,0,0,5.989011540946915,0.4573993733805619,-0.8660254037844386,0.5000000000000001,11.034278219484339
TXN126502000,1779.58,P2M,PNB,HDFC,Bangalore,2024-12-18T11:44:39,11,2,0,22.224083943497984,1,0,0,0,0,7.484694432907558,0.26884561467441226,0.258819045102521,-0.9659258262890682,11.389633577399193
TXN308165599,1471.93,QR,Axis,PNB,Bangalore,2024-01-16T17:15:41,17,1,0,42.257018758920275,1,0,0,0,0,7.295008893269606,0.31083334149477976,-0.9659258262890683,-0.25881904510252063,19.40280750356811
TXN919904476,266.08,Auto-Pay,HDFC,PNB,Jaipur,2024-05-13T15:56:20,15,0,0,38.74481354929766,3,0,0,0,0,5.587548238989668,0.4754063965454548,-0.7071067811865471,-0.7071067811865479,22.997925419719067
TXN505282510,9987.99,P2P,ICICI,BOB,Delhi,2024-11-25T14:20:20,14,0,0,28.230634225548094,2,0,0,0,0,9.209238765430436,0.8514289723874209,-0.4999999999999997,-0.8660254037844388,16.29225369021924
TXN509954310,794.41,Auto-Pay,Axis,BOB,Mumbai,2024-02-14T18:34:21,18,2,0,27.829065433583963,2,0,0,0,0,6.678857704985231,0.4033005109254165,-1.0,-1.8369701987210297e-16,16.131626173433588
TXN254318968,181.64,P2M,PNB,ICICI,Delhi,2024-03-25T12:21:44,12,0,0,10.33904089593387,3,1,0,0,0,5.20751700222154,0.4869306730047814,1.2246467991473532e-16,-1.0,31.635616358373547
TXN136684956,45000.0,P2P,Kotak,Axis,Hyderabad,2024-12-30T06:18:06,6,0,0,65.26693250868436,12,1,1,1,1,10.714439990727769,5.629828814129581,1.0,6.123233995736766e-17,86.10677300347375
TXN515975634,291.96,Auto-Pay,ICICI,PNB,Mumbai,2024-01-25T11:28:18,11,3,0,21.966684733692162,1,0,0,0,0,5.6800360809262,0.4718743231825063,0.258819045102521,-0.9659258262890682,11.286673893476864
TXN482815108,1017.2,P2M,PNB,HDFC,Pune,2024-05-22T15:19:23,15,2,0,21.316521944334728,2,0,0,0,0,6.925791641468236,0.3728943816931406,-0.7071067811865471,-0.7071067811865479,13.526608777733891
TXN261424767,878.75,P2P,ICICI,PNB,Jaipur,2024-07-02T10:05:19,10,1,0,20.19763754932106,3,0,0,0,0,6.779637776201694,0.39178988235389106,0.49999999999999994,-0.8660254037844387,15.579055019728424
TXN935409602,274.8,Collect,PNB,HDFC,Jaipur,2024-06-07T14:09:23,14,4,0,15.527951996128849,3,0,0,0,0,5.619675965359201,0.4742163007291908,-0.4999999999999997,-0.8660254037844388,13.71118079845154
TXN163908769,777.08,P2P,SBI,PNB,Mumbai,2024-08-28T12:31:45,12,2,0,35.37003160192795,2,0,0,0,0,6.656829346655476,0.4056656898813631,1.2246467991473532e-16,-1.0,19.148012640771178
TXN639813521,1527.05,P2P,SBI,Kotak,Mumbai,2024-02-01T17:42:16,17,3,0,35.23691313142551,3,0,0,0,0,7.331747691704185,0.3033106257387627,-0.9659258262890683,-0.25881904510252063,21.594765252570205
TXN783955259,527.3,P2P,SBI,Kotak,Chennai,2024-01-15T09:34:48,9,0,0,15.378031335638944,3,0,0,0,0,6.26966430417027,0.4397553840311808,0.7071067811865476,-0.7071067811865475,13.651212534255578
TXN969491566,406.63,P2P,HDFC,ICICI,Jaipur,2024-07-08T09:01:54,9,0,0,23.118934492201348,3,0,0,0,0,6.010359900210274,0.45622429024087924,0.7071067811865476,-0.7071067811865475,16.747573796880538
TXN481342033,50.0,P2P,Axis,PNB,Delhi,2024-02-24T14:08:41,14,5,0,20.12961331971401,1,0,0,1,0,3.9318256327243257,0.5048967525062706,-0.4999999999999997,-0.8660254037844388,20.551845327885605
TXN250841411,439.73,QR,BOB,PNB,Hyderabad,2024-06-14T20:10:09,20,4,0,18.829763585189276,1,0,0,0,0,6.088432443050445,0.45170683937868467,-0.8660254037844386,0.5000000000000001,10.03190543407571
TXN878150393,249.38,QR,HDFC,PNB,Chennai,2024-11-05T15:23:12,15,1,0,32.31742554900828,1,0,0,0,0,5.522979763831517,0.4776855938082538,-0.7071067811865471,-0.7071067811865479,15.426970219603312
TXN750622119,8385.76,Auto-Pay,Axis,Kotak,Mumbai,2024-06-11T19:32:32,19,1,0,11.363709630858176,2,0,0,0,0,9.034409550860177,0.6327584196703806,-0.9659258262890684,0.2588190451025203,9.54548385234327
TXN132053929,50.0,QR,Axis,SBI,Delhi,2024-11-23T10:22:26,10,5,0,25.494279568860257,3,0,0,0,0,3.9318256327243257,0.5048967525062706,0.49999999999999994,-0.8660254037844387,17.697711827544104
TXN807527184,2250.64,P2P,Axis,Kotak,Kolkata,2024-01-27T18:07:55,18,5,0,34.94701277309166,1,0,0,0,0,7.719414118576859,0.2045558743981167,-1.0,-1.8369701987210297e-16,16.478805109236664
TXN768299498,404.86,P2M,SBI,SBI,Delhi,2024-07-18T08:40:49,8,3,0,28.48034999443623,2,0,0,0,0,6.006008272548823,0.45646585785496036,0.8660254037844387,-0.4999999999999998,16.392139997774493
TXN231837076,2044.74,P2P,PNB,ICICI,Bangalore,2024-03-10T13:59:57,13,6,0,17.266738437353972,2,0,0,0,0,7.623514861212726,0.23265687538077123,-0.2588190451025208,-0.9659258262890683,11.906695374941588
TXN586461334,1875.81,P2M,SBI,PNB,Pune,2024-09-24T16:22:24,16,1,0,24.170528818248695,1,0,0,0,0,7.53732880610326,0.25571225224332506,-0.8660254037844384,-0.5000000000000004,12.168211527299478
TXN415715641,4378.38,Auto-Pay,ICICI,ICICI,Chennai,2024-05-03T18:31:36,18,4,0,15.727151242021655,3,1,0,0,0,8.384662440839573,0.08583569350296825,-1.0,-1.8369701987210297e-16,33.79086049680866
TXN796548083,793.43,P2P,HDFC,ICICI,Mumbai,2024-11-18T15:28:14,15,0,0,25.370553483520908,2,0,0,0,0,6.677624876368361,0.4034342602258682,-0.7071067811865471,-0.7071067811865479,15.148221393408363
TXN782225071,369.21,P2P,BOB,Kotak,Pune,2024-07-16T17:13:32,17,1,0,26.863983843615678,2,0,0,0,0,5.914070412200284,0.4613313298560853,-0.9659258262890683,-0.25881904510252063,15.745593537446272
TXN646278098,5138.86,P2M,BOB,SBI,Chennai,2024-11-13T14:26:52,14,2,0,16.55034781493318,1,0,0,0,0,8.544781120724181,0.18962515065347393,-0.4999999999999997,-0.8660254037844388,9.120139125973271
TXN415580059,50.0,QR,HDFC,Kotak,Kolkata,2024-12-05T10:06:51,10,3,0,26.87916716428874,1,0,0,0,0,3.9318256327243257,0.5048967525062706,0.49999999999999994,-0.8660254037844387,13.251666865715498
TXN526499331,522.97,P2M,Axis,PNB,Kolkata,2024-12-08T16:58:24,16,6,0,30.290415498402865,1,0,0,0,0,6.261434430773692,0.44034633757297237,-0.8660254037844384,-0.5000000000000004,14.616166199361146
TXN966172199,693.93,QR,PNB,BOB,Kolkata,2024-03-30T16:09:07,16,5,0,43.30351658816897,1,0,0,0,0,6.543811121067789,0.41701390858805437,-0.8660254037844384,-0.5000000000000004,19.82140663526759
TXN792422161,7196.98,Auto-Pay,PNB,HDFC,Mumbai,2024-03-28T17:13:35,17,3,0,34.62760839161709,2,0,0,0,0,8.881555710085518,0.4705150590673689,-0.9659258262890683,-0.25881904510252063,18.851043356646834
TXN640229599,586.16,P2P,Axis,Kotak,Ahmedabad,2024-12-11T08:52:03,8,2,0,20.82252685434456,2,0,0,0,0,6.375297355089033,0.4317222372713991,0.8660254037844387,-0.4999999999999998,13.329010741737823
TXN523190745,724.04,P2P,ICICI,SBI,Delhi,2024-05-15T11:25:36,11,2,0,16.016895431962464,2,0,0,0,0,6.586226825746526,0.4129045295711154,0.258819045102521,-0.9659258262890682,11.406758172784986
TXN393839481,1172.03,P2M,Axis,Kotak,Delhi,2024-05-09T18:07:18,18,3,0,27.73640605088715,1,0,0,0,0,7.067345423773999,0.35176335701055483,-1.0,-1.8369701987210297e-16,13.594562420354862
TXN551672203,1383.68,P2P,Axis,BOB,Mumbai,2024-07-16T13:40:33,13,1,0,23.048478700752618,1,0,0,0,0,7.233224344994577,0.3228776024793318,-0.2588190451025208,-0.9659258262890683,11.719391480301047
TXN885111675,861.7,Auto-Pay,HDFC,Kotak,Chennai,2024-08-19T20:46:31,20,0,0,42.57587887268444,2,0,0,0,0,6.760067006082533,0.3941168472239943,-0.8660254037844386,0.5000000000000001,22.030351549073778
TXN480352908,8177.18,P2P,ICICI,Axis,Chennai,2024-11-22T13:30:16,13,4,0,43.77129432172354,3,0,0,0,0,9.009224910953826,0.6042916552946541,-0.2588190451025208,-0.9659258262890683,25.008517728689416
TXN363672063,50.0,P2P,HDFC,PNB,Pune,2024-10-12T17:11:10,17,5,0,27.32472013181657,1,0,0,0,0,3.9318256327243257,0.5048967525062706,-0.9659258262890683,-0.25881904510252063,13.429888052726628
TXN615129082,80.3,P2M,Axis,Kotak,Delhi,2024-10-25T18:31:13,18,4,0,28.328219561911375,2,0,0,0,0,4.398146016553765,0.5007614425025094,-1.0,-1.8369701987210297e-16,16.33128782476455
TXN516861748,482.59,Auto-Pay,Kotak,Kotak,Ahmedabad,2024-01-31T13:16:19,13,2,0,30.5100604572749,1,0,0,0,0,6.181237440280355,0.4458573546670937,-0.2588190451025208,-0.9659258262890683,14.704024182909961
TXN684251005,640.89,QR,BOB,Axis,Hyderabad,2024-10-30T12:06:21,12,2,0,12.758485572935834,2,0,0,0,0,6.464416949445798,0.4242527482778066,1.2246467991473532e-16,-1.0,10.103394229174334
TXN922396808,8488.79,QR,ICICI,PNB,Lucknow,2024-04-30T15:55:16,15,1,0,21.02757115648413,3,0,0,0,0,9.046619544017146,0.6468198384719489,-0.7071067811865471,-0.7071067811865479,15.911028462593652
TXN845394917,53.01,P2M,SBI,PNB,Hyderabad,2024-08-24T20:02:44,20,5,0,22.144206612150377,3,0,0,0,0,3.9891692146047997,0.5044859510834547,-0.8660254037844386,0.5000000000000001,16.35768264486015
TXN111630340,464.54,QR,Kotak,Kotak,Hyderabad,2024-06-19T19:17:13,19,2,0,26.11614189122973,1,0,0,0,0,6.143198022133913,0.44832079841520894,-0.9659258262890684,0.2588190451025203,12.946456756491893
TXN632103813,1098.96,QR,HDFC,Axis,Jaipur,2024-06-01T13:57:11,13,5,0,27.2995847548395,2,0,0,0,0,7.003029094488925,0.36173586862688595,-0.2588190451025208,-0.9659258262890683,15.919833901935801
TXN190957907,226.5,P2P,ICICI,SBI,Kolkata,2024-07-05T08:02:33,8,4,0,12.057860579062297,1,0,0,0,0,5.427150238391005,0.4808082305371666,0.8660254037844387,-0.4999999999999998,7.323144231624919
TXN484550318,5563.19,P2P,BOB,BOB,Hyderabad,2024-12-14T18:09:11,18,5,0,31.284045223005545,2,0,0,1,0,8.624106700555195,0.24753723296027239,-1.0,-1.8369701987210297e-16,27.513618089202218
TXN146218948,6937.03,P2P,BOB,Axis,Delhi,2024-10-02T20:49:23,20,2,0,41.91890029521289,1,0,0,0,0,8.84477315153303,0.43503737472817006,-0.8660254037844386,0.5000000000000001,19.267560118085157
TXN366748354,1827.22,QR,SBI,Kotak,Chennai,2024-07-05T12:25:40,12,4,0,26.46562098557709,1,0,0,1,0,7.511098094882011,0.2623437609259243,1.2246467991473532e-16,-1.0,23.086248394230836
TXN734351918,24620.15,P2P,SBI,Kotak,Pune,2024-07-21T18:10:28,18,6,0,22.29103605551427,3,0,0,0,0,10.111361108639443,2.8484097520783322,-1.0,-1.8369701987210297e-16,16.41641442220571
TXN971916654,412.22,P2P,PNB,Axis,Kolkata,2024-09-20T19:48:15,19,4,0,31.311162991235683,2,0,0,0,0,6.023980138784662,0.45546137331279263,-0.9659258262890684,0.2588190451025203,17.524465196494276
TXN476542475,432.41,QR,Axis,Axis,Lucknow,2024-10-05T13:29:54,13,5,0,23.340167867636776,2,0,0,0,0,6.0716841622094,0.45270586476573194,-0.2588190451025208,-0.9659258262890683,14.336067147054711
TXN867128841,1405.4,P2P,ICICI,Axis,Bangalore,2024-09-30T09:17:13,9,0,0,31.18457676454091,2,0,0,0,0,7.2487885269309125,0.31991328124891283,0.7071067811865476,-0.7071067811865475,17.473830705816365
TXN427793005,1585.05,P2M,SBI,HDFC,Pune,2024-02-05T09:02:00,9,0,0,20.052439989457653,2,0,0,0,0,7.369001927549062,0.2953948508140713,0.7071067811865476,-0.7071067811865475,13.020975995783061
TXN815541868,128.0,QR,ICICI,Axis,Delhi,2024-05-22T13:40:09,13,2,0,14.789204394890849,3,0,0,0,0,4.859812404361672,0.4942514000213408,-0.2588190451025208,-0.9659258262890683,13.415681757956339
TXN797688926,7455.35,QR,SBI,Axis,Ahmedabad,2024-09-02T20:56:39,20,0,0,32.68180770623967,1,0,0,1,0,8.91682129732377,0.5057771067793091,-0.8660254037844386,0.5000000000000001,25.57272308249587
TXN366492469,8910.88,QR,PNB,Axis,Chennai,2024-01-08T09:05:47,9,0,0,12.769295447685604,2,0,0,0,0,9.095140497085389,0.7044262080920004,0.7071067811865476,-0.7071067811865475,10.107718179074242
TXN531949797,332.41,P2P,HDFC,BOB,Ahmedabad,2024-07-11T08:25:50,8,3,0,33.8240286868116,1,0,0,0,0,5.809372963868082,0.4663537525669241,0.8660254037844387,-0.4999999999999998,16.02961147472464
TXN198428478,80.9,P2P,ICICI,Kotak,Lucknow,2024-12-06T12:01:03,12,4,0,35.49104286728071,2,0,0,0,0,4.405498990859024,0.5006795551757023,1.2246467991473532e-16,-1.0,19.196417146912285
TXN325407206,858.91,Auto-Pay,HDFC,HDFC,Kolkata,2024-04-26T11:58:33,11,4,0,22.315969202145226,3,0,0,0,0,6.756827732608448,0.3944976232936476,0.258819045102521,-0.9659258262890682,16.42638768085809
TXN275189542,50.0,QR,SBI,PNB,Hyderabad,2024-05-08T18:19:54,18,2,0,27.3783426097809,2,0,0,0,0,3.9318256327243257,0.5048967525062706,-1.0,-1.8369701987210297e-16,15.95133704391236
TXN711715760,50.0,Collect,Kotak,Kotak,Kolkata,2024-11-23T13:36:51,13,5,0,44.300014545976595,2,0,0,0,0,3.9318256327243257,0.5048967525062706,-0.2588190451025208,-0.9659258262890683,22.72000581839064
TXN244177396,212.74,P2P,SBI,ICICI,Delhi,2024-06-04T09:36:15,9,1,0,31.797303066918257,1,1,0,0,0,5.364760323096751,0.4826861798986106,0.7071067811865476,-0.7071067811865475,35.21892122676731
TXN341247942,1319.85,P2P,Axis,ICICI,Lucknow,2024-11-13T19:45:26,19,2,0,15.692410023023303,2,0,0,0,0,7.186030747734346,0.3315890492628327,-0.9659258262890684,0.2588190451025203,11.276964009209323
TXN366282037,237.69,P2P,Kotak,Kotak,Kolkata,2024-06-30T10:41:57,10,6,0,31.114881180770595,1,0,0,0,0,5.475165638876943,0.4792810318922132,0.49999999999999994,-0.8660254037844387,14.945952472308239
TXN177924587,7142.61,P2P,Kotak,PNB,Delhi,2024-06-25T10:09:04,10,1,0,10.417129404238473,3,0,0,0,0,8.87397352980078,0.4630947024698608,0.49999999999999994,-0.8660254037844387,11.66685176169539
TXN776516238,3351.7,QR,SBI,HDFC,Chennai,2024-01-10T17:50:31,17,2,0,33.14362921295586,2,0,0,0,0,8.117521270348837,0.054284440974310906,-0.9659258262890683,-0.25881904510252063,18.257451685182346
TXN101912584,2516.0,P2P,HDFC,HDFC,Kolkata,2024-10-17T19:37:25,19,3,0,41.99827805830145,1,0,0,0,0,7.830822995135316,0.1683398393288733,-0.9659258262890684,0.2588190451025203,19.299311223320583
TXN292001646,15000.0,P2P,HDFC,HDFC,Hyderabad,2024-11-26T06:53:41,6,1,0,93.97941001979414,12,0,1,0,1,9.61587214452889,1.5354624737719493,1.0,6.123233995736766e-17,67.59176400791766
TXN546108722,96.82,P2P,Axis,Kotak,Hyderabad,2024-01-21T17:31:21,17,6,0,36.642125990988895,2,0,0,0,0,4.583129055111211,0.4985068114377525,-0.9659258262890683,-0.25881904510252063,19.65685039639556
TXN599225408,4544.39,Collect,Axis,PNB,Delhi,2024-04-08T11:19:15,11,0,0,37.28082426635392,3,0,0,0,0,8.421868811511091,0.10849255204172731,0.258819045102521,-0.9659258262890682,22.41232970654157
TXN167991986,5581.06,P2P,Kotak,HDFC,Delhi,2024-11-12T12:57:48,12,1,0,11.051323458085095,3,1,0,1,0,8.627313162874042,0.24997611051034554,1.2246467991473532e-16,-1.0,41.92052938323404
TXN784455863,178.96,P2P,ICICI,BOB,Kolkata,2024-01-13T14:39:54,14,5,0,36.37064416823148,1,0,0,0,0,5.192734603972972,0.4872964363978533,-0.4999999999999997,-0.8660254037844388,17.048257667292592
TXN391376117,474.35,QR,Kotak,Axis,Hyderabad,2024-07-07T14:18:23,14,6,0,34.09491183123269,3,0,0,0,0,6.164051374805039,0.446981940621912,-0.4999999999999997,-0.8660254037844388,21.137964732493078
TXN463612368,169.32,QR,SBI,Axis,Hyderabad,2024-01-30T20:38:09,20,1,0,27.11065162637231,1,0,0,0,0,5.137679020585224,0.4886120927818882,-0.8660254037844386,0.5000000000000001,13.344260650548925
TXN912139846,254.39,P2P,Kotak,ICICI,Bangalore,2024-10-11T16:39:25,16,4,0,28.701004692488855,2,0,0,0,0,5.542791788564076,0.47700183462941415,-0.8660254037844384,-0.5000000000000004,16.480401876995543
TXN413581697,45000.0,Collect,HDFC,BOB,Chennai,2024-04-20T05:26:48,5,5,1,77.80206532544952,14,1,1,1,1,10.714439990727769,5.629828814129581,0.9659258262890683,0.25881904510252074,111.12082613017981
TXN643982817,21749.35,P2M,SBI,SBI,Delhi,2024-06-28T10:09:33,10,4,0,23.170913593424917,3,1,0,0,0,9.987385128341378,2.456606189081709,0.49999999999999994,-0.8660254037844387,36.768365437369965
TXN503902109,1296.17,Collect,BOB,ICICI,Jaipur,2024-10-03T20:46:10,20,3,0,36.29305661178287,3,0,0,0,0,7.167940247431231,0.334820869094155,-0.8660254037844386,0.5000000000000001,22.01722264471315
TXN293843462,20000.0,P2P,PNB,SBI,Delhi,2024-07-26T09:15:32,9,4,0,81.29317566231956,6,1,1,1,1,9.90353755128617,2.2178568638315546,0.7071067811865476,-0.7071067811865475,77.51727026492782
TXN330544543,120.76,Auto-Pay,Kotak,ICICI,Chennai,2024-03-01T10:26:21,10,4,0,12.82479589678951,1,0,0,1,0,4.802051894113376,0.4952395070981471,0.49999999999999994,-0.8660254037844387,17.629918358715805
TXN584741076,3472.19,QR,BOB,ICICI,Hyderabad,2024-03-11T19:24:02,19,0,0,40.875835356486164,2,0,0,0,0,8.152828758993126,0.0378401009626545,-0.9659258262890684,0.2588190451025203,21.350334142594466
TXN178257771,324.05,P2P,Axis,SBI,Hyderabad,2024-12-28T18:36:28,18,5,0,33.574331305861726,3,0,0,0,0,5.783979016650478,0.4674947159871037,-1.0,-1.8369701987210297e-16,20.929732522344693
TXN823999035,287.78,P2P,SBI,Axis,Jaipur,2024-07-11T10:54:48,10,3,0,29.945173484425144,3,0,0,0,0,5.665665152543073,0.47244480489259605,0.49999999999999994,-0.8660254037844387,19.478069393770056
TXN926560232,6533.95,P2M,SBI,SBI,Bangalore,2024-05-14T13:14:56,13,1,0,32.311985980047154,1,0,0,0,0,8.784919974919642,0.38002546857912495,-0.2588190451025208,-0.9659258262890683,15.424794392018862
TXN348618166,1100.39,P2M,Kotak,SBI,Ahmedabad,2024-02-23T15:08:20,15,4,0,38.377722525698985,2,0,0,0,0,7.004328297433614,0.3615407038313289,-0.7071067811865471,-0.7071067811865479,20.351089010279594
TXN179104658,7775.93,P2M,Kotak,PNB,Chennai,2024-10-27T19:21:20,19,6,0,30.244390286917337,2,0,0,0,0,8.958916937754346,0.5495295054923707,-0.9659258262890684,0.2588190451025203,17.097756114766938
TXN715517205,98.91,P2P,HDFC,HDFC,Mumbai,2024-04-01T09:05:29,9,0,0,22.71677509156307,2,0,0,0,0,4.604269780744927,0.49822157058270766,0.7071067811865476,-0.7071067811865475,14.086710036625227
TXN540163497,655.4,P2P,BOB,HDFC,Hyderabad,2024-12-26T18:13:32,18,3,0,34.41481629649504,3,0,0,0,0,6.486770359215936,0.42227243975785367,-1.0,-1.8369701987210297e-16,21.265926518598015
TXN617101092,5390.66,Collect,Kotak,ICICI,Pune,2024-02-20T09:05:58,9,1,0,25.544469960801308,2,0,0,0,0,8.592608594224183,0.2239905321368757,0.7071067811865476,-0.7071067811865475,15.217787984320523
TXN119808297,205.19,P2M,SBI,Kotak,Pune,2024-10-04T14:20:50,14,4,0,12.541470097894141,3,0,0,0,0,5.328798073801623,0.48371659542760065,-0.4999999999999997,-0.8660254037844388,12.516588039157657
TXN715528945,8522.57,P2M,Axis,ICICI,Kolkata,2024-09-05T14:12:48,14,3,0,36.031514342299374,1,0,0,0,0,9.050590546145981,0.6514300949711914,-0.4999999999999997,-0.8660254037844388,16.91260573691975
TXN990219001,64.11,QR,PNB,Kotak,Chennai,2024-11-05T12:50:44,12,1,0,32.04222730486536,3,0,0,0,0,4.176078147248771,0.5029710355375224,1.2246467991473532e-16,-1.0,20.316890921946143
TXN680665721,50.96,P2P,Axis,ICICI,Ahmedabad,2024-03-07T15:44:18,15,3,0,37.05148540286085,3,0,0,0,0,3.9504741918023987,0.5047657327833792,-0.7071067811865471,-0.7071067811865479,22.320594161144342
TXN242255662,1273.63,QR,SBI,Kotak,Pune,2024-12-23T17:14:59,17,0,0,18.82598869828151,3,0,0,0,0,7.150411219399065,0.3378971030045437,-0.9659258262890683,-0.25881904510252063,15.030395479312604
TXN193157308,24929.2,P2P,SBI,Kotak,Mumbai,2024-12-21T17:47:04,17,5,0,30.15233551888901,3,0,0,0,0,10.12383519894832,2.890588549327916,-0.9659258262890683,-0.25881904510252063,19.560934207555604
TXN501284863,83.89,P2P,HDFC,PNB,Lucknow,2024-02-02T10:12:13,10,4,0,44.69564207938888,3,0,0,0,0,4.441356300749876,0.5002714833304467,0.49999999999999994,-0.8660254037844387,25.378256831755554
TXN867261535,63.32,P2P,BOB,Axis,Hyderabad,2024-09-19T17:38:21,17,3,0,23.637662778886153,2,0,0,0,0,4.163870624870711,0.5030788538511519,-0.9659258262890683,-0.25881904510252063,14.455065111554461
TXN144148699,92.11,P2P,ICICI,BOB,Jaipur,2024-09-11T12:32:44,12,2,0,16.38110935240535,2,0,0,0,0,4.533781589900438,0.49914962695318865,1.2246467991473532e-16,-1.0,11.55244374096214
TXN542203418,50.0,P2M,PNB,SBI,Chennai,2024-07-28T11:15:07,11,6,0,35.64446677065982,2,0,0,0,0,3.9318256327243257,0.5048967525062706,0.258819045102521,-0.9659258262890682,19.25778670826393
TXN607475029,78.87,P2P,SBI,HDFC,Ahmedabad,2024-09-23T13:50:23,13,0,0,10.341979659671429,1,0,0,0,0,4.380400312929297,0.5009566072980666,-0.2588190451025208,-0.9659258262890683,6.636791863868572
TXN478009459,182.63,Auto-Pay,Kotak,HDFC,Pune,2024-10-11T14:40:56,14,4,0,33.74283026247241,1,0,0,0,0,5.212922863531088,0.48679555891554954,-0.4999999999999997,-0.8660254037844388,15.997132104988964
TXN553159226,351.98,Auto-Pay,Axis,Kotak,Ahmedabad,2024-06-26T13:59:10,13,2,0,29.602007142176046,1,0,0,0,0,5.86641139810442,0.4636828609242307,-0.2588190451025208,-0.9659258262890683,14.340802856870418
TXN696102214,6700.64,P2P,BOB,ICICI,Jaipur,2024-11-23T13:38:55,13,5,0,24.733461710430024,3,0,0,0,0,8.810107551545673,0.4027751327549321,-0.2588190451025208,-0.9659258262890683,17.393384684172013
TXN135441923,56.89,P2M,ICICI,SBI,Hyderabad,2024-05-07T12:03:32,12,1,0,33.20601081552813,3,0,0,0,0,4.058544658090914,0.5039564130367685,1.2246467991473532e-16,-1.0,20.782404326211253
TXN514575804,138.28,P2M,Kotak,BOB,Kolkata,2024-10-09T11:18:54,11,2,0,39.230957766329105,3,0,0,0,0,4.936486295459933,0.49284839715537826,0.258819045102521,-0.9659258262890682,23.192383106531643
TXN610662754,51.35,QR,Kotak,BOB,Chennai,2024-07-20T19:17:13,19,5,0,19.28634245226335,3,0,0,0,0,3.9579519373165457,0.5047125060209546,-0.9659258262890684,0.2588190451025203,15.21453698090534
TXN263171920,538.67,P2P,Axis,BOB,Lucknow,2024-10-05T11:18:28,11,5,0,16.386298617717603,1,0,0,0,0,6.2909578416427046,0.4382036191881852,0.258819045102521,-0.9659258262890682,9.054519447087042
TXN704548842,335.08,Collect,ICICI,ICICI,Mumbai,2024-11-22T09:10:49,9,4,0,40.45552291652143,3,1,0,0,0,5.817349226861126,0.46598935396263225,0.7071067811865476,-0.7071067811865475,43.68220916660857
TXN265290722,545.4,P2M,Axis,BOB,Pune,2024-08-30T11:00:45,11,4,0,22.536969219021564,2,0,0,0,0,6.30335130825658,0.43728511633916495,0.258819045102521,-0.9659258262890682,14.014787687608626
TXN926364008,6169.86,P2P,SBI,SBI,Chennai,2024-10-12T19:19:43,19,5,0,23.52454466407034,3,0,0,0,0,8.727593491303063,0.33033487388376453,-0.9659258262890684,0.2588190451025203,16.909817865628135
TXN287804926,526.3,P2P,ICICI,Kotak,Kolkata,2024-10-06T18:17:42,18,6,0,44.80048718314135,2,0,0,0,0,6.267769646536424,0.4398918629091927,-1.0,-1.8369701987210297e-16,22.92019487325654
TXN198907912,493.68,P2M,ICICI,Kotak,Lucknow,2024-01-24T09:34:27,9,2,0,39.71748062162222,2,0,0,0,0,6.2039110888738564,0.44434380390994155,0.7071067811865476,-0.7071067811865475,20.886992248648887
TXN341164353,285.87,P2P,BOB,HDFC,Pune,2024-01-21T18:09:17,18,6,0,38.957010541838464,1,0,0,0,0,5.65902915146902,0.47270547954959885,-1.0,-1.8369701987210297e-16,18.082804216735386
TXN266351196,153.19,P2P,Axis,HDFC,Kolkata,2024-09-16T15:15:17,15,0,0,37.10434262438042,2,0,0,0,0,5.038185608183261,0.4908134970842205,-0.7071067811865471,-0.7071067811865479,19.84173704975217
TXN494427986,8900.66,P2P,HDFC,PNB,Pune,2024-03-16T14:12:39,14,5,0,14.194196397602244,2,0,0,0,0,9.093993055182057,0.7030313939587187,-0.4999999999999997,-0.8660254037844388,10.6776785590409
TXN392446134,50.0,P2P,SBI,BOB,Pune,2024-09-13T18:54:24,18,4,0,18.651585898010577,3,0,0,0,0,3.9318256327243257,0.5048967525062706,-1.0,-1.8369701987210297e-16,14.960634359204231
TXN666307760,157.97,QR,SBI,Axis,Jaipur,2024-07-26T15:46:42,15,4,0,25.400074475651294,3,0,0,0,0,5.06871550517278,0.4901611280473236,-0.7071067811865471,-0.7071067811865479,17.660029790260516
TXN426624372,1223.49,P2P,BOB,HDFC,Ahmedabad,2024-02-12T15:29:55,15,0,0,36.94421516380608,3,0,0,0,0,7.110279709760264,0.3447401539480614,-0.7071067811865471,-0.7071067811865479,22.27768606552243
TXN892420515,20000.0,P2P,SBI,Kotak,Mumbai,2024-09-27T02:17:55,2,4,1,82.00536670988681,9,1,1,0,1,9.90353755128617,2.2178568638315546,0.49999999999999994,0.8660254037844387,90.30214668395473
TXN814381958,91.82,Auto-Pay,BOB,HDFC,Delhi,2024-01-05T20:59:15,20,4,0,44.826009488733426,1,0,0,0,0,4.5306621338130295,0.4991892058278121,-0.8660254037844386,0.5000000000000001,20.430403795493373
TXN643573228,50.0,P2P,Axis,Kotak,Lucknow,2024-09-11T09:47:22,9,2,0,11.292387909614579,3,0,0,0,0,3.9318256327243257,0.5048967525062706,0.7071067811865476,-0.7071067811865475,12.016955163845832
TXN613274325,20425.15,QR,Kotak,Axis,Jaipur,2024-11-16T13:48:59,13,5,0,26.7394573924281,2,0,0,0,0,9.92457122169279,2.275880858818323,-0.2588190451025208,-0.9659258262890683,15.695782956971241
TXN455151631,2158.72,P2P,BOB,Kotak,Kolkata,2024-11-18T14:38:29,14,0,0,34.120017494311824,3,0,0,0,0,7.677733862645934,0.2171010128649725,-0.4999999999999997,-0.8660254037844388,21.14800699772473
TXN264542535,50.0,Auto-Pay,ICICI,Axis,Chennai,2024-10-18T12:43:49,12,4,0,20.03049748064511,3,0,0,0,0,3.9318256327243257,0.5048967525062706,1.2246467991473532e-16,-1.0,15.512198992258044
TXN366334015,781.47,P2P,HDFC,Axis,Bangalore,2024-08-06T09:38:18,9,1,0,36.21792744675882,1,0,0,0,0,6.662455583021217,0.4050665476068908,0.7071067811865476,-0.7071067811865475,16.98717097870353
TXN399671690,50.0,P2P,PNB,SBI,Pune,2024-02-20T11:19:15,11,1,0,18.612401349023685,2,0,0,0,0,3.9318256327243257,0.5048967525062706,0.258819045102521,-0.9659258262890682,12.444960539609475
TXN654488476,4638.77,P2M,SBI,PNB,Bangalore,2024-01-16T14:44:35,14,1,0,42.59604176757367,2,0,0,0,0,8.442420075026202,0.12137342854849244,-0.4999999999999997,-0.8660254037844388,22.038416707029466
TXN106093294,5670.83,Auto-Pay,BOB,Axis,Lucknow,2024-12-16T19:14:13,19,0,0,17.129385798825364,1,0,0,0,0,8.643267095971545,0.26222781938947565,-0.9659258262890684,0.2588190451025203,9.351754319530146
TXN810857477,83.91,QR,PNB,BOB,Jaipur,2024-05-28T09:07:44,9,1,0,32.531198635502314,1,0,0,0,0,4.441591872011272,0.5002687537528865,0.7071067811865476,-0.7071067811865475,15.512479454200927
TXN321915474,18196.45,P2M,Kotak,ICICI,Kolkata,2024-07-07T14:03:23,14,6,0,14.147232556894021,2,0,0,0,0,9.80903675335847,1.9717103833931546,-0.4999999999999997,-0.8660254037844388,10.65889302275761
TXN835133194,328.16,Auto-Pay,BOB,ICICI,Pune,2024-01-10T08:08:12,8,2,0,21.393776515223102,3,0,0,0,0,5.796543954737512,0.4669337877984747,0.8660254037844387,-0.4999999999999998,16.05751060608924
TXN684539149,92.39,P2P,PNB,Axis,Mumbai,2024-10-10T17:24:19,17,3,0,31.807256289342387,3,0,0,0,0,4.536784273121627,0.49911141286734534,-0.9659258262890683,-0.25881904510252063,20.222902515736955
TXN783089840,1062.17,P2M,Kotak,Kotak,Kolkata,2024-06-02T16:34:49,16,6,0,23.695991520988002,1,1,0,0,0,6.969010290296648,0.36675692654894454,-0.8660254037844384,-0.5000000000000004,31.9783966083952
TXN397337324,751.16,P2P,PNB,BOB,Chennai,2024-08-24T13:06:02,13,5,0,26.04823394475183,1,0,0,0,0,6.622949067275821,0.40920322239943213,-0.2588190451025208,-0.9659258262890683,12.919293577900731
TXN141271430,9319.14,QR,SBI,ICICI,Delhi,2024-01-25T20:51:18,20,3,0,13.77033579269629,3,1,0,0,0,9.139932929026044,0.7601450748291474,-0.8660254037844386,0.5000000000000001,33.008134317078515
TXN648359979,922.95,P2P,Kotak,Kotak,Chennai,2024-04-02T18:39:54,18,1,0,24.901203153234565,2,0,0,0,0,6.8286579576234345,0.38575751594576413,-1.0,-1.8369701987210297e-16,14.960481261293827
TXN480974484,50.0,P2M,Kotak,SBI,Lucknow,2024-04-02T09:57:50,9,1,0,41.2976042013574,1,0,0,0,0,3.9318256327243257,0.5048967525062706,0.7071067811865476,-0.7071067811865475,19.019041680542962
TXN833860645,1793.07,P2M,ICICI,HDFC,Mumbai,2024-05-22T11:53:10,11,2,0,26.696141244365958,1,0,0,0,0,7.492242060809584,0.26700451461003144,0.258819045102521,-0.9659258262890682,13.178456497746383
TXN862364564,127.38,P2M,HDFC,ICICI,Bangalore,2024-10-04T09:55:44,9,4,0,15.03350226101848,3,0,0,0,0,4.854994615883632,0.4943360169257082,0.7071067811865476,-0.7071067811865475,13.513400904407392
TXN755461131,3397.4,P2M,Axis,ICICI,Jaipur,2024-07-08T17:34:03,17,0,0,14.21191540850682,3,0,0,0,0,8.131060011607564,0.048047356249166076,-0.9659258262890683,-0.25881904510252063,13.184766163402728
TXN647020689,518.57,P2P,SBI,BOB,Pune,2024-11-21T13:31:40,13,3,0,19.58958348144901,3,0,0,0,0,6.253001546409061,0.4409468446362248,-0.2588190451025208,-0.9659258262890683,15.335833392579605
TXN810963132,573.49,P2M,SBI,PNB,Hyderabad,2024-11-03T09:06:24,9,6,0,34.22236194949181,3,0,0,0,0,6.353482690696934,0.4334514246558101,0.7071067811865476,-0.7071067811865475,21.188944779796728
TXN741783320,985.52,P2M,SBI,HDFC,Ahmedabad,2024-01-21T12:14:22,12,6,0,41.153691570494644,1,0,0,0,0,6.894183598952043,0.3772180325485583,1.2246467991473532e-16,-1.0,18.961476628197858
TXN737312334,67.84,P2P,Kotak,BOB,Ahmedabad,2024-05-28T20:27:23,20,1,0,27.951557851276462,1,0,0,0,0,4.231784971343338,0.502461969322538,-0.8660254037844386,0.5000000000000001,13.680623140510585
TXN944770922,273.33,P2M,BOB,HDFC,Ahmedabad,2024-10-22T10:42:36,10,1,0,31.95404402225924,2,0,0,0,0,5.614331761266853,0.47441692467986835,0.49999999999999994,-0.8660254037844387,17.781617608903694
TXN522267729,17165.57,P2P,HDFC,Kotak,Mumbai,2024-06-07T13:11:20,13,4,0,16.131113560353903,1,0,0,0,0,9.750719166899902,1.8310170376282253,-0.2588190451025208,-0.9659258262890683,8.952445424141562
TXN484486310,359.92,P2M,BOB,Kotak,Delhi,2024-09-10T12:42:35,12,1,0,38.87972064814967,1,0,0,0,0,5.8886563271263,0.4625992186328161,1.2246467991473532e-16,-1.0,18.05188825925987
TXN987357974,940.45,QR,SBI,BOB,Bangalore,2024-04-16T12:47:06,12,1,0,16.87704384346739,1,0,0,0,0,6.847421239942437,0.3833691355805555,1.2246467991473532e-16,-1.0,9.250817537386958
TXN817481144,9696.8,P2P,SBI,ICICI,Pune,2024-10-05T09:38:06,9,5,0,14.09697606376053,3,0,0,0,0,9.179654334643818,0.8116876878991295,0.7071067811865476,-0.7071067811865475,13.138790425504212
TXN228615330,9572.92,P2M,Kotak,ICICI,Mumbai,2024-11-21T14:16:23,14,3,0,34.3236260709055,1,0,0,0,0,9.166798013953473,0.7947806844910128,-0.4999999999999997,-0.8660254037844388,16.2294504283622
TXN132136230,100.6,Collect,BOB,HDFC,Hyderabad,2024-12-24T13:25:29,13,1,0,32.57667816081607,3,0,0,0,0,4.6210435351443815,0.49799092127886746,-0.2588190451025208,-0.9659258262890683,20.53067126432643
TXN424251672,412.72,QR,ICICI,ICICI,Pune,2024-06-25T19:37:06,19,1,0,14.5338596768702,3,0,0,0,0,6.025189416509603,0.4553931338737867,-0.9659258262890684,0.2588190451025203,13.31354387074808
TXN825533928,8343.52,P2M,Kotak,Kotak,Chennai,2024-06-22T08:55:20,8,5,0,44.243904758020854,2,0,0,0,0,9.029360314968889,0.6269935518631571,0.8660254037844387,-0.4999999999999998,22.697561903208342
TXN967347545,14171.87,P2M,Kotak,Axis,Chennai,2024-05-11T13:45:35,13,5,0,26.720977665750134,1,0,0,0,0,9.55908485275484,1.4224402205239373,-0.2588190451025208,-0.9659258262890683,13.188391066300055
TXN207987347,328.79,QR,ICICI,HDFC,Lucknow,2024-06-18T13:55:28,13,1,0,13.637821690612405,1,0,0,0,0,5.798456088258882,0.4668478061053272,-0.2588190451025208,-0.9659258262890683,7.9551286762449624
TXN647953234,385.13,P2P,Kotak,PNB,Hyderabad,2024-04-18T09:46:35,9,3,0,32.60710344660605,2,0,0,0,0,5.956174100329396,0.45915858611813554,0.7071067811865476,-0.7071067811865475,18.04284137864242
TXN338292035,135.37,QR,ICICI,HDFC,Kolkata,2024-03-18T20:56:12,20,0,0,25.253988197707354,1,0,0,0,0,4.9153717798697425,0.493245550690393,-0.8660254037844386,0.5000000000000001,12.601595279082943
TXN562378960,196.62,P2P,SBI,HDFC,Jaipur,2024-06-22T14:56:34,14,5,0,23.912079734791973,3,0,0,0,0,5.286345994766816,0.4848862194121628,-0.4999999999999997,-0.8660254037844388,17.06483189391679
TXN992812242,481.34,Collect,BOB,Kotak,Lucknow,2024-12-26T17:13:24,17,3,0,27.369099231464357,1,0,0,0,0,6.1786492595679245,0.44602795326460865,-0.9659258262890683,-0.25881904510252063,13.447639692585744
TXN222824370,460.09,Auto-Pay,BOB,HDFC,Lucknow,2024-08-30T08:25:15,8,4,0,17.50203946635444,3,0,0,0,0,6.133593251707915,0.44892812942236193,0.8660254037844387,-0.4999999999999998,14.500815786541775
TXN150000078,8873.93,P2P,BOB,PNB,Hyderabad,2024-08-07T10:43:34,10,2,0,32.249424677493124,2,0,0,0,0,9.090985726988567,0.6993833135494602,0.49999999999999994,-0.8660254037844387,17.89976987099725
TXN664080297,50.0,P2P,ICICI,Axis,Hyderabad,2024-09-04T14:49:35,14,2,0,25.568222026402797,3,0,0,0,0,3.9318256327243257,0.5048967525062706,-0.4999999999999997,-0.8660254037844388,17.72728881056112
TXN232125085,14438.33,P2P,PNB,BOB,Pune,2024-03-16T17:30:32,17,5,0,42.26978195115898,2,0,0,1,0,9.577711012478389,1.4588063823589936,-0.9659258262890683,-0.25881904510252063,31.907912780463594
TXN326154778,7337.39,P2P,Axis,Kotak,Bangalore,2024-02-15T10:01:55,10,3,0,13.181461551609175,2,0,0,0,0,8.900874751499652,0.48967805832902284,0.49999999999999994,-0.8660254037844387,10.27258462064367
TXN864658630,434.45,Collect,SBI,SBI,Hyderabad,2024-12-09T08:48:28,8,0,0,24.511844330445832,3,0,0,0,0,6.076379979138749,0.45242744785458766,0.8660254037844387,-0.4999999999999998,17.30473773217833
TXN432064052,334.2,P2M,PNB,BOB,Lucknow,2024-06-08T20:32:09,20,5,0,28.304555786709837,2,0,0,0,0,5.814727368607928,0.46610945537528276,-0.8660254037844386,0.5000000000000001,16.321822314683935
TXN736399146,7189.38,P2P,SBI,HDFC,Delhi,2024-07-08T20:08:07,20,0,0,43.28543800138772,2,0,0,0,0,8.880499300500716,0.4694778195944784,-0.8660254037844386,0.5000000000000001,22.314175200555088
TXN322170429,7381.54,QR,BOB,ICICI,Pune,2024-09-18T16:38:30,16,2,0,33.12870414047377,2,0,0,0,0,8.90687303182216,0.4957036007932491,-0.8660254037844384,-0.5000000000000004,18.25148165618951
TXN259272248,964.39,P2P,BOB,Axis,Mumbai,2024-10-16T14:10:30,14,2,0,43.59243252532002,3,0,0,0,0,6.872532164772081,0.3801018312409502,-0.4999999999999997,-0.8660254037844388,24.93697301012801
TXN755137386,257.67,Collect,ICICI,HDFC,Hyderabad,2024-07-02T10:32:38,10,1,0,44.928226784950496,1,0,0,0,0,5.555553118030016,0.476554183909535,0.49999999999999994,-0.8660254037844387,20.4712907139802
TXN452060035,320.25,P2M,PNB,SBI,Mumbai,2024-04-28T11:07:29,11,6,0,14.674536841491944,2,0,0,0,0,5.77221963620943,0.46801333572354903,0.258819045102521,-0.9659258262890682,10.869814736596778
TXN386768602,905.73,P2M,Axis,Axis,Lucknow,2024-12-21T20:23:59,20,5,0,12.706282092529857,2,0,0,0,0,6.809844721123507,0.3881076822251295,-0.8660254037844386,0.5000000000000001,10.082512837011944
TXN981603669,954.73,P2P,BOB,PNB,Hyderabad,2024-10-10T09:25:12,9,3,0,36.628058511463564,1,0,0,0,0,6.862475446383205,0.3814202172025453,0.7071067811865476,-0.7071067811865475,17.151223404585426
TXN351844228,526.97,P2P,BOB,Axis,Chennai,2024-01-23T12:27:48,12,1,0,23.099753003989893,2,0,0,0,0,6.26903946391023,0.43980042206092473,1.2246467991473532e-16,-1.0,14.239901201595957
TXN241108131,271.55,P2M,BOB,SBI,Jaipur,2024-02-20T19:07:50,19,1,0,28.830167470967428,2,0,0,0,0,5.60782208351029,0.47465985708272956,-0.9659258262890684,0.2588190451025203,16.532066988386973
TXN206944624,8000.3,P2M,SBI,HDFC,Ahmedabad,2024-11-29T20:52:56,20,4,0,20.38143687549826,1,0,0,0,0,8.987359307460277,0.5801512713519054,-0.8660254037844386,0.5000000000000001,10.652574750199305
TXN834384730,795.9,QR,ICICI,ICICI,Jaipur,2024-02-05T11:01:09,11,0,0,16.661382804121697,1,0,0,0,0,6.680729200403702,0.4030971573971787,0.258819045102521,-0.9659258262890682,9.16455312164868
TXN775442244,9764.68,P2M,ICICI,ICICI,Kolkata,2024-01-18T16:07:58,16,3,0,40.71681212480479,1,0,0,0,0,9.186629477343008,0.8209518741385788,-0.8660254037844384,-0.5000000000000004,18.786724849921917
TXN698684410,126.81,Auto-Pay,ICICI,BOB,Mumbai,2024-02-11T19:26:10,19,6,0,24.995060233949054,2,0,0,0,0,4.850544786143623,0.494413809886175,-0.9659258262890684,0.2588190451025203,14.998024093579623
TXN852925860,20000.0,P2P,Kotak,Axis,Jaipur,2024-12-18T02:27:20,2,2,1,85.45655382404647,16,1,1,1,1,9.90353755128617,2.2178568638315546,0.49999999999999994,0.8660254037844387,119.18262152961859
TXN641660417,3008.93,QR,SBI,BOB,Pune,2024-05-31T18:23:35,18,4,0,30.86094074852204,3,0,0,0,0,8.009672101658547,0.10106530599045709,-1.0,-1.8369701987210297e-16,19.844376299408815
TXN584092981,1044.64,Collect,Kotak,Kotak,Hyderabad,2024-05-27T20:10:57,20,0,0,32.17006190391376,3,0,0,0,0,6.952384417125342,0.3691494012804935,-0.8660254037844386,0.5000000000000001,20.368024761565508
TXN291004495,210.33,P2M,PNB,PNB,Pune,2024-02-16T18:07:39,18,4,0,24.37722610574476,2,0,0,0,0,5.353420892774061,0.4830150939946194,-1.0,-1.8369701987210297e-16,14.750890442297905
TXN126875637,182.95,P2M,ICICI,ICICI,Ahmedabad,2024-09-18T16:43:42,16,2,0,41.64851519926478,3,0,0,0,0,5.214663981550784,0.48675188567458577,-0.8660254037844384,-0.5000000000000004,24.159406079705914
TXN805445842,147.92,Collect,ICICI,HDFC,Hyderabad,2024-03-24T08:05:32,8,6,0,20.40251495641209,2,0,0,0,0,5.003409249004516,0.49153274077134335,0.8660254037844387,-0.4999999999999998,13.161005982564836
TXN703755789,461.65,Auto-Pay,SBI,SBI,Chennai,2024-09-14T10:44:20,10,5,0,28.891300960518137,3,0,0,0,0,6.1369708286950395,0.44871522237266337,0.49999999999999994,-0.8660254037844387,19.056520384207253
TXN917819717,50.0,QR,PNB,Kotak,Kolkata,2024-07-05T08:35:55,8,4,0,38.2061909218899,2,0,0,1,0,3.9318256327243257,0.5048967525062706,0.8660254037844387,-0.4999999999999998,30.282476368755958
TXN810328684,8037.69,Collect,HDFC,BOB,Mumbai,2024-01-20T12:18:09,12,5,0,44.31737080017995,1,0,0,0,0,8.992021413574227,0.585254216600771,1.2246467991473532e-16,-1.0,20.22694832007198
TXN960427455,209.02,P2M,Kotak,SBI,Kolkata,2024-11-16T11:41:00,11,5,0,19.250008550214147,3,0,0,0,0,5.3472027642778475,0.483193881324815,0.258819045102521,-0.9659258262890682,15.20000342008566
TXN910407939,45000.0,P2P,SBI,Axis,Lucknow,2024-10-02T02:34:55,2,2,1,72.91122180326377,12,0,1,0,1,10.714439990727769,5.629828814129581,0.49999999999999994,0.8660254037844387,74.1644887213055
TXN223761204,526.63,QR,Axis,HDFC,Bangalore,2024-11-30T16:13:20,16,5,0,41.91234976073491,1,0,0,0,0,6.268395280485149,0.4398468248794487,-0.8660254037844384,-0.5000000000000004,19.264939904293964
TXN110011347,427.75,Auto-Pay,Axis,BOB,Kolkata,2024-08-03T15:05:54,15,5,0,33.873260975324236,2,0,0,0,0,6.06087399848015,0.4533418563372675,-0.7071067811865471,-0.7071067811865479,18.549304390129695
TXN705437444,903.75,Collect,Kotak,BOB,Pune,2024-12-20T09:24:53,9,4,0,38.59639225132128,3,0,0,0,0,6.807658662443852,0.38837791040359304,0.7071067811865476,-0.7071067811865475,22.93855690052851
TXN750686005,727.09,P2P,Kotak,HDFC,Ahmedabad,2024-04-13T08:33:20,8,5,0,27.08574754069736,1,0,0,1,0,6.590424666929202,0.41248826899317903,0.8660254037844387,-0.4999999999999998,23.334299016278944
TXN390057123,60.81,P2P,SBI,Axis,Kolkata,2024-08-25T18:05:11,18,6,0,22.249425368706866,2,0,0,0,0,4.124065163671182,0.5034214158349618,-1.0,-1.8369701987210297e-16,13.899770147482746
TXN865657285,187.08,QR,SBI,HDFC,Mumbai,2024-01-15T14:52:07,14,0,0,27.141994007352515,2,0,0,0,0,5.236867404231814,0.48618822790839655,-0.4999999999999997,-0.8660254037844388,15.856797602941008
TXN837705052,11888.72,P2P,HDFC,BOB,Hyderabad,2024-04-27T09:37:30,9,5,0,20.405280338783214,1,0,0,0,0,9.383429440206532,1.1108384701910194,0.7071067811865476,-0.7071067811865475,10.662112135513286
TXN573472103,50.0,P2M,SBI,ICICI,Kolkata,2024-12-11T11:34:48,11,2,0,17.814716189502143,1,0,0,0,0,3.9318256327243257,0.5048967525062706,0.258819045102521,-0.9659258262890682,9.625886475800858
TXN604493810,564.23,QR,Axis,BOB,Chennai,2024-01-01T18:27:28,18,0,0,26.340658026526242,1,0,0,0,0,6.337232727958019,0.4347152190662005,-1.0,-1.8369701987210297e-16,13.036263210610498
TXN245824958,2977.5,QR,Kotak,PNB,Ahmedabad,2024-05-06T12:28:34,12,0,0,39.35176286693199,1,0,0,0,0,7.9991750970687425,0.10535483712637174,1.2246467991473532e-16,-1.0,18.240705146772797
TXN322317363,306.01,Auto-Pay,Axis,SBI,Kolkata,2024-06-11T10:03:18,10,1,0,24.00446075859275,3,0,0,0,0,5.726880320346601,0.46995679494643877,0.49999999999999994,-0.8660254037844387,17.1017843034371
TXN140146103,591.24,P2M,Axis,Axis,Pune,2024-02-28T19:47:03,19,2,0,18.56733713406111,1,0,0,0,0,6.383911958134843,0.4310289245710985,-0.9659258262890684,0.2588190451025203,9.926934853624445
TXN155716957,816.5,QR,Axis,PNB,Hyderabad,2024-04-16T12:08:35,12,1,0,19.551038552129693,3,0,0,0,0,6.706250902771409,0.4002856925101332,1.2246467991473532e-16,-1.0,15.320415420851877
TXN265749497,23198.94,QR,Axis,Kotak,Ahmedabad,2024-06-02T15:37:02,15,6,0,14.514261777450784,1,0,0,1,0,10.051904971444161,2.6544446058590094,-0.7071067811865471,-0.7071067811865479,18.305704710980315
TXN235011681,1518.48,Collect,PNB,SBI,Delhi,2024-09-25T12:30:57,12,2,0,27.474878634762266,1,0,0,0,0,7.3261234500458094,0.3044802497233248,1.2246467991473532e-16,-1.0,13.489951453904908
TXN848371999,60.88,Collect,Axis,BOB,Hyderabad,2024-02-20T09:02:45,9,1,0,32.553266624626275,2,0,0,0,0,4.125197025704866,0.503411862313501,0.7071067811865476,-0.7071067811865475,18.02130664985051
TXN655862664,6591.92,QR,HDFC,SBI,Delhi,2024-08-02T19:31:30,19,4,0,20.996432460149588,3,0,0,0,0,8.79375162495808,0.387937149137476,-0.9659258262890684,0.2588190451025203,15.898572984059836
TXN749524719,45000.0,P2P,SBI,SBI,Delhi,2024-10-07T11:09:11,11,0,0,80.33812800213083,4,1,1,1,1,10.714439990727769,5.629828814129581,0.258819045102521,-0.9659258262890682,72.13525120085234
TXN317352427,30000.0,P2P,Axis,Kotak,Kolkata,2024-02-28T22:50:18,22,2,1,87.74094420193815,11,0,1,1,1,10.308985993422082,3.5826456439507655,-0.5000000000000004,0.8660254037844384,87.59637768077526
TXN590112753,223.63,P2P,ICICI,ICICI,Kolkata,2024-04-18T10:49:51,10,3,0,17.5645724875462,1,0,0,0,0,5.414454604177079,0.4811999249170608,0.49999999999999994,-0.8660254037844387,9.52582899501848
TXN832938790,501.34,P2M,BOB,Kotak,Ahmedabad,2024-11-28T16:11:07,16,3,0,13.884791868041285,1,0,0,0,0,6.219277181270455,0.4432983757043702,-0.8660254037844384,-0.5000000000000004,8.053916747216515
TXN146206528,163.32,P2M,PNB,SBI,Pune,2024-08-02T12:01:41,12,4,0,31.858489088587916,3,0,0,0,0,5.1018157461802485,0.4894309660499598,1.2246467991473532e-16,-1.0,20.243395635435167
TXN109989209,23188.21,P2P,Axis,BOB,Lucknow,2024-07-03T20:24:25,20,2,0,32.511416892806835,1,0,0,0,0,10.05144236326137,2.6529801874979415,-0.8660254037844386,0.5000000000000001,15.504566757122735
TXN459868140,50.0,P2M,PNB,ICICI,Hyderabad,2024-10-09T17:43:28,17,2,0,38.564466556415184,3,0,0,0,0,3.9318256327243257,0.5048967525062706,-0.9659258262890683,-0.25881904510252063,22.925786622566072
TXN529257455,292.63,QR,HDFC,Axis,Lucknow,2024-10-24T09:29:20,9,3,0,42.67657817306286,1,0,0,0,0,5.682320471356869,0.47178288233423826,0.7071067811865476,-0.7071067811865475,19.570631269225142
TXN480194639,50000.0,P2P,SBI,SBI,Kolkata,2024-04-15T02:45:41,2,0,1,68.64604229474126,14,1,1,1,1,10.819798284210286,6.312223204189186,0.49999999999999994,0.8660254037844387,107.4584169178965
TXN209107307,601.16,P2M,SBI,Axis,Ahmedabad,2024-03-17T15:53:25,15,6,0,10.197216438901606,1,0,0,0,0,6.400523190726276,0.42967505410122026,-0.7071067811865471,-0.7071067811865479,6.5788865755606425
TXN524841810,1359.16,Collect,ICICI,PNB,Ahmedabad,2024-12-13T20:37:53,20,4,0,10.894399962728281,1,0,0,0,0,7.2153576188690485,0.32622406456818404,-0.8660254037844386,0.5000000000000001,6.857759985091312
TXN492961708,6084.26,P2P,BOB,PNB,Delhi,2024-07-05T18:40:41,18,4,0,22.942578163246388,3,0,0,0,0,8.713624732528533,0.3186522819259442,-1.0,-1.8369701987210297e-16,16.677031265298556
TXN420470016,463.17,P2P,Kotak,Kotak,Ahmedabad,2024-05-18T11:35:14,11,5,0,34.57555236764844,1,0,0,0,0,6.14025086443609,0.44850777447808526,0.258819045102521,-0.9659258262890682,16.330220947059377
TXN242848793,35000.0,P2P,BOB,PNB,Chennai,2024-10-05T13:06:55,13,5,0,68.71721290747617,5,0,1,1,1,10.463131911491967,4.2650400340103705,-0.2588190451025208,-0.9659258262890683,49.98688516299047
TXN168863450,758.43,P2M,ICICI,SBI,Hyderabad,2024-11-03T13:17:36,13,6,0,41.87408352103769,1,0,0,0,0,6.632568151889672,0.4082110209562855,-0.2588190451025208,-0.9659258262890683,19.249633408415075
TXN988763239,395.25,QR,HDFC,HDFC,Jaipur,2024-12-02T16:06:58,16,0,0,33.752433590084145,1,0,0,0,0,5.98204532519149,0.4577774198726549,-0.8660254037844384,-0.5000000000000004,16.00097343603366
TXN751259095,2608.85,P2P,ICICI,SBI,Mumbai,2024-01-08T13:52:54,13,0,0,19.36009770647582,2,0,0,0,0,7.867048027400835,0.15566777550546645,-0.2588190451025208,-0.9659258262890683,12.744039082590328
TXN393130268,90.93,P2P,ICICI,Axis,Delhi,2024-07-08T17:45:01,17,0,0,35.253650139266696,3,0,0,0,0,4.521027417875663,0.4993106720292428,-0.9659258262890683,-0.25881904510252063,21.60146005570668
TXN554474102,15000.0,P2P,ICICI,PNB,Chennai,2024-01-18T01:01:29,1,3,1,82.58197616088472,18,1,1,1,1,9.61587214452889,1.5354624737719493,0.25881904510252074,0.9659258262890683,123.0327904643539
TXN776605002,170.53,P2M,BOB,SBI,Hyderabad,2024-11-13T18:41:16,18,2,0,22.93903739579803,3,0,0,0,0,5.144758178421734,0.4884469533394938,-1.0,-1.8369701987210297e-16,16.675614958319215
TXN297980303,651.52,QR,SBI,BOB,Kolkata,2024-03-16T12:29:34,12,5,0,31.996321790041677,1,0,0,0,0,6.4808417900681015,0.42280197780453993,1.2246467991473532e-16,-1.0,15.298528716016671
TXN858052254,2992.76,P2P,Kotak,HDFC,Mumbai,2024-06-17T13:35:31,13,0,0,13.598619298018528,2,0,0,0,0,8.004285401445923,0.1032721694479098,-0.2588190451025208,-0.9659258262890683,10.439447719207411
TXN566547672,269.39,P2M,Axis,SBI,Jaipur,2024-12-15T12:30:27,12,6,0,37.56157104842949,1,0,0,0,0,5.599865361236428,0.4749546514592353,1.2246467991473532e-16,-1.0,17.524628419371798
TXN727589057,328.66,P2P,Kotak,PNB,Kolkata,2024-11-29T20:55:59,20,4,0,12.691872355736713,3,0,0,1,0,5.79806182030321,0.46686554835946875,-0.8660254037844386,0.5000000000000001,22.576748942294685
TXN134851369,508.19,QR,Axis,PNB,Chennai,2024-01-20T19:55:47,19,5,0,24.560953841114625,1,0,0,0,0,6.23282122784155,0.44236349538998854,-0.9659258262890684,0.2588190451025203,12.32438153644585
TXN657248537,218.46,P2M,HDFC,PNB,Hyderabad,2024-08-26T17:05:25,17,0,0,27.668071162258755,3,0,0,0,0,5.391169983562653,0.48190552071638243,-0.9659258262890683,-0.25881904510252063,18.5672284649035
TXN888683659,209.49,QR,Axis,PNB,Bangalore,2024-12-11T11:26:21,11,2,0,18.16724473165879,2,0,0,0,0,5.349438146055751,0.48312973625214933,0.258819045102521,-0.9659258262890682,12.266897892663517
TXN218433840,232.49,P2M,BOB,SBI,Ahmedabad,2024-05-06T16:01:11,16,0,0,20.212812635330383,2,0,0,0,0,5.453139249639406,0.4799907220578752,-0.8660254037844384,-0.5000000000000004,13.085125054132154
TXN279031273,502.72,P2P,ICICI,SBI,Pune,2024-09-19T19:09:52,19,3,0,23.79061432849837,1,0,0,0,0,6.222020558137646,0.4431100348527138,-0.9659258262890684,0.2588190451025203,12.01624573139935
TXN286895735,50.0,QR,SBI,PNB,Delhi,2024-03-23T15:17:27,15,5,0,38.147844388876294,2,0,0,0,0,3.9318256327243257,0.5048967525062706,-0.7071067811865471,-0.7071067811865479,20.25913775555052
TXN826866415,50.0,QR,ICICI,Kotak,Hyderabad,2024-06-02T17:33:45,17,6,0,29.13015687770091,1,0,0,1,0,3.9318256327243257,0.5048967525062706,-0.9659258262890683,-0.25881904510252063,24.152062751080365
TXN905417965,141.59,Auto-Pay,Axis,Axis,Lucknow,2024-09-03T08:21:42,8,1,0,18.848311895441043,2,0,0,0,0,4.959973379294028,0.4923966520691588,0.8660254037844387,-0.4999999999999998,12.539324758176416
TXN479062114,10234.76,P2P,ICICI,PNB,Pune,2024-02-28T16:22:07,16,2,0,14.84872899054939,2,0,0,0,0,9.23364275034595,0.8851078651144226,-0.8660254037844384,-0.5000000000000004,10.939491596219757
TXN130269248,1495.64,P2M,BOB,ICICI,Kolkata,2024-06-02T16:27:14,16,6,0,27.188956832034158,3,0,0,0,0,7.310977874537522,0.30759742729711714,-0.8660254037844384,-0.5000000000000004,18.375582732813662
TXN305733047,21698.74,P2M,HDFC,Axis,Delhi,2024-11-27T10:15:58,10,2,0,42.84445309056656,2,0,0,0,0,9.985055557889952,2.449698993065526,0.49999999999999994,-0.8660254037844387,22.137781236226626
TXN389498172,146.79,P2P,SBI,ICICI,Pune,2024-03-02T08:38:48,8,5,0,20.95906217817348,1,1,0,0,0,4.995792347226481,0.49168696190349687,0.8660254037844387,-0.4999999999999998,30.88362487126939
TXN822518955,14702.49,QR,BOB,Axis,Mumbai,2024-06-16T14:02:10,14,6,0,14.420470446810024,1,0,0,0,0,9.59584015955434,1.4948586427746227,-0.4999999999999997,-0.8660254037844388,8.26818817872401
TXN853506933,50.0,Auto-Pay,BOB,Axis,Ahmedabad,2024-02-17T19:39:58,19,5,0,26.834167523098447,3,0,0,0,0,3.9318256327243257,0.5048967525062706,-0.9659258262890684,0.2588190451025203,18.23366700923938
TXN861992135,118.42,P2P,Axis,SBI,Bangalore,2024-03-31T09:10:00,9,6,0,13.036014541817341,1,0,0,0,0,4.782646691118846,0.495558867672695,0.7071067811865476,-0.7071067811865475,7.714405816726937
TXN434973982,862.74,QR,ICICI,Kotak,Ahmedabad,2024-03-26T16:44:07,16,1,0,14.772673666845495,3,0,0,0,0,6.761271797590838,0.3939749091908619,-0.8660254037844384,-0.5000000000000004,13.409069466738199
TXN647956782,90.64,P2P,PNB,HDFC,Bangalore,2024-08-27T17:06:14,17,1,0,17.28128339159766,3,0,0,0,0,4.517867857585295,0.4993502509038662,-0.9659258262890683,-0.25881904510252063,14.412513356639064
TXN937041984,50.0,P2P,HDFC,Kotak,Ahmedabad,2024-11-14T10:48:51,10,3,0,22.336197453973394,3,0,0,0,0,3.9318256327243257,0.5048967525062706,0.49999999999999994,-0.8660254037844387,16.434478981589358
TXN714178864,5268.12,QR,PNB,Kotak,Lucknow,2024-07-05T09:45:23,9,4,0,19.654410957404995,2,0,0,0,0,8.569618644670006,0.2072664104252949,0.7071067811865476,-0.7071067811865475,12.861764382961997
TXN346971476,8745.44,P2P,Kotak,BOB,Ahmedabad,2024-04-04T16:03:50,16,3,0,13.61527136434251,3,0,0,0,0,9.07640203941998,0.6818471425137084,-0.8660254037844384,-0.5000000000000004,12.946108545737005
TXN765751092,159.8,P2M,Axis,SBI,Bangalore,2024-05-01T12:18:55,12,2,0,11.895983455656847,2,0,0,0,0,5.080161356744866,0.4899113717005617,1.2246467991473532e-16,-1.0,9.758393382262739
TXN706091498,131.31,P2M,Axis,HDFC,Pune,2024-10-22T20:41:50,20,1,0,14.586951019758363,2,0,0,0,0,4.88514765405432,0.4937996549351214,-0.8660254037844386,0.5000000000000001,10.834780407903345
TXN516736697,3909.25,P2P,HDFC,ICICI,Chennai,2024-06-19T14:29:41,14,2,0,39.145375892174556,1,0,0,0,0,8.271356589554351,0.021809357461235714,-0.4999999999999997,-0.8660254037844388,18.158150356869825
TXN845041003,135.14,QR,SBI,BOB,Jaipur,2024-10-14T11:59:36,11,0,0,13.85065629037176,3,0,0,0,0,4.913683768019805,0.49327694083233575,0.258819045102521,-0.9659258262890682,13.040262516148704
TXN299966673,836.81,Auto-Pay,PNB,PNB,Bangalore,2024-09-24T15:13:33,15,1,0,25.323441160242364,2,0,0,0,0,6.730791344464618,0.39751380649771106,-0.7071067811865471,-0.7071067811865479,15.129376464096946
TXN849441003,2582.59,P2M,BOB,PNB,Lucknow,2024-06-03T08:51:33,8,0,0,33.27920623397655,3,0,0,1,0,7.856935183582627,0.15925171084205947,0.8660254037844387,-0.4999999999999998,30.811682493590624
TXN134084243,15733.16,P2M,Kotak,PNB,Kolkata,2024-12-04T08:34:56,8,2,0,21.314601034750478,2,0,0,0,0,9.663589423898117,1.6355233279751693,0.8660254037844387,-0.4999999999999998,13.525840413900191
TXN715968278,7057.12,P2M,HDFC,SBI,Mumbai,2024-04-07T20:32:31,20,6,0,42.86234786523927,3,0,0,0,0,8.861934006074248,0.45142712318862166,-0.8660254037844386,0.5000000000000001,24.64493914609571
TXN486372136,25000.0,Collect,ICICI,Kotak,Delhi,2024-10-21T05:09:10,5,0,1,69.30448828477955,16,1,1,1,1,10.12667110305036,2.90025125389116,0.9659258262890683,0.25881904510252074,112.72179531391183
TXN375417708,2670.82,QR,ICICI,ICICI,Hyderabad,2024-02-07T12:47:28,12,2,0,20.121560620358245,3,0,0,0,0,7.890515167117933,0.14721017943506767,1.2246467991473532e-16,-1.0,15.548624248143298
TXN742230552,1669.26,P2P,HDFC,HDFC,Jaipur,2024-10-14T20:59:28,20,0,0,28.922175159497765,2,0,0,0,0,7.420734581915339,0.2839019644966874,-0.8660254037844386,0.5000000000000001,16.568870063799107
TXN675881135,4205.77,P2P,HDFC,Kotak,Delhi,2024-04-08T15:00:07,15,0,0,34.2390098372113,3,0,0,1,0,8.344450411309236,0.06227807436933061,-0.7071067811865471,-0.7071067811865479,31.19560393488452
TXN533159270,760.4,Collect,Axis,SBI,Delhi,2024-05-04T17:05:52,17,5,0,20.995672234294023,1,1,0,0,0,6.635158843948397,0.40794215756660196,-0.9659258262890683,-0.25881904510252063,30.89826889371761
TXN446882747,534.62,P2M,SBI,PNB,Chennai,2024-03-11T08:20:13,8,0,0,30.516973320376778,1,0,0,0,0,6.283424954419326,0.4387563586441335,0.8660254037844387,-0.4999999999999998,14.706789328150712
TXN519377262,5444.1,P2P,BOB,BOB,Pune,2024-02-16T08:14:52,8,4,0,30.9319259638876,3,0,0,0,0,8.602471400671329,0.23128396337783283,0.8660254037844387,-0.4999999999999998,19.872770385555043
TXN695073655,87.46,QR,ICICI,HDFC,Delhi,2024-09-12T18:36:13,18,3,0,37.49135430951672,3,1,0,0,0,4.482550472440181,0.4997842537359441,-1.0,-1.8369701987210297e-16,42.496541723806686
TXN663161288,386.93,QR,Axis,Kotak,Pune,2024-10-20T11:23:07,11,6,0,38.98208399565067,3,0,0,0,0,5.9608249109758695,0.4589129241377141,0.258819045102521,-0.9659258262890682,23.09283359826027
TXN326623789,1074.91,Collect,ICICI,Axis,Delhi,2024-06-06T20:45:52,20,3,0,12.637118960214487,1,0,0,0,0,6.980922094100772,0.3650181856430726,-0.8660254037844386,0.5000000000000001,7.554847584085795
TXN300504729,10192.28,Auto-Pay,Axis,Axis,Jaipur,2024-04-03T12:23:20,12,2,0,44.39934918068034,1,0,0,0,0,9.229483958623362,0.8793102423764763,1.2246467991473532e-16,-1.0,20.259739672272136
TXN535796428,50.0,P2P,BOB,PNB,Lucknow,2024-08-29T09:38:41,9,3,0,37.33842142934688,1,0,0,0,0,3.9318256327243257,0.5048967525062706,0.7071067811865476,-0.7071067811865475,17.435368571738753
TXN327946294,14511.21,P2P,BOB,SBI,Mumbai,2024-06-01T15:05:59,15,5,0,42.4250977727294,3,0,0,0,0,9.582745643033018,1.4687529629885023,-0.7071067811865471,-0.7071067811865479,24.47003910909176
TXN507822133,7662.73,P2M,HDFC,BOB,Chennai,2024-02-11T08:45:21,8,6,0,33.77054210102449,3,0,0,0,0,8.944254089385025,0.5340800965014212,0.8660254037844387,-0.4999999999999998,21.008216840409794
TXN865110384,4541.96,P2M,SBI,HDFC,Pune,2024-05-13T20:55:49,20,0,0,14.065382267315645,1,0,0,0,0,8.421334060966073,0.1081609083681583,-0.8660254037844386,0.5000000000000001,8.126152906926258
TXN613607434,672.65,P2P,PNB,ICICI,Lucknow,2024-06-03T19:40:54,19,0,0,28.482883666267256,1,0,0,0,0,6.512710688201857,0.419918179112148,-0.9659258262890684,0.2588190451025203,13.893153466506902
TXN734330615,9569.03,QR,Axis,SBI,Hyderabad,2024-12-13T09:32:59,9,4,0,23.124846418664113,1,0,0,0,0,9.166391619238325,0.7942497816555465,0.7071067811865476,-0.7071067811865475,11.749938567465646
TXN224804093,244.04,P2P,PNB,Kotak,Lucknow,2024-12-04T08:47:15,8,2,0,40.58647786255072,2,0,0,0,0,5.50142146252452,0.4784143910168375,0.8660254037844387,-0.4999999999999998,21.23459114502029
TXN806792164,4278.92,P2M,SBI,Axis,Mumbai,2024-04-14T09:12:42,9,6,0,30.93412574874375,2,0,0,0,0,8.361689596812367,0.07226150429590258,0.7071067811865476,-0.7071067811865475,17.3736502994975
TXN284217960,679.15,QR,Kotak,BOB,Ahmedabad,2024-07-30T10:18:25,10,1,0,28.959815870587168,2,0,0,0,0,6.522313362079439,0.41903106640507054,0.49999999999999994,-0.8660254037844387,16.58392634823487
TXN471152165,50.0,P2P,Axis,PNB,Lucknow,2024-12-07T12:43:49,12,5,0,42.218755978589414,2,1,0,0,0,3.9318256327243257,0.5048967525062706,1.2246467991473532e-16,-1.0,41.88750239143577
TXN161638403,50.0,P2P,Kotak,HDFC,Jaipur,2024-03-04T13:35:29,13,0,0,16.565921311998103,1,0,0,0,0,3.9318256327243257,0.5048967525062706,-0.2588190451025208,-0.9659258262890683,9.126368524799242
TXN834737847,234.15,QR,BOB,SBI,Bangalore,2024-05-04T17:50:09,17,5,0,33.52702322477893,3,0,0,0,0,5.460223608391057,0.4797641671203754,-0.9659258262890683,-0.25881904510252063,20.910809289911573
TXN433084001,568.12,P2M,PNB,SBI,Mumbai,2024-05-16T08:32:18,8,3,0,10.774951641542032,3,0,0,0,0,6.344091308200145,0.43418431623073417,0.8660254037844387,-0.4999999999999998,11.809980656616812
TXN564344617,500.17,P2M,PNB,Axis,Lucknow,2024-07-22T20:33:17,20,0,0,25.464419445022767,2,0,0,0,0,6.216945364885678,0.4434580559916442,-0.8660254037844386,0.5000000000000001,15.185767778009108
TXN890462070,1474.3,QR,SBI,HDFC,Lucknow,2024-05-09T12:50:25,12,3,0,24.915541380084694,2,0,0,0,0,7.296616637923521,0.31050988655389156,1.2246467991473532e-16,-1.0,14.966216552033877
TXN193730045,4557.29,QR,HDFC,Kotak,Pune,2024-04-16T11:57:28,11,1,0,34.59740070080912,3,0,0,0,0,8.42470283217835,0.11025312956808105,0.258819045102521,-0.9659258262890682,21.338960280323647
TXN829452023,854.17,P2M,HDFC,Axis,Pune,2024-11-25T19:55:32,19,0,0,12.637044115060275,3,0,0,0,0,6.7513002795819705,0.3951445331754241,-0.9659258262890684,0.2588190451025203,12.55481764602411
TXN207390764,6607.88,Auto-Pay,HDFC,SBI,Lucknow,2024-05-26T18:31:41,18,6,0,35.433642206131424,3,0,0,0,0,8.796169478247055,0.39011535203054626,-1.0,-1.8369701987210297e-16,21.67345688245257
TXN901058635,35000.0,P2P,Axis,SBI,Chennai,2024-10-02T19:04:29,19,2,0,94.43154424789186,7,0,1,1,1,10.463131911491967,4.2650400340103705,-0.9659258262890684,0.2588190451025203,65.27261769915674
TXN209852466,128.16,QR,HDFC,PNB,Ahmedabad,2024-10-21T14:27:00,14,0,0,39.371958999484164,2,0,0,0,0,4.8610519458900745,0.49422956340085894,-0.4999999999999997,-0.8660254037844388,20.74878359979367
TXN510448218,311.29,QR,Kotak,Kotak,Lucknow,2024-02-07T18:41:26,18,2,0,28.73771486380626,2,0,0,1,0,5.7439322432832505,0.46923618647053583,-1.0,-1.8369701987210297e-16,26.495085945522504
TXN714511145,73.43,P2P,Kotak,SBI,Lucknow,2024-02-29T17:58:39,17,3,0,42.09065466532152,2,0,0,0,0,4.309859086371819,0.5016990523944513,-0.9659258262890683,-0.25881904510252063,21.83626186612861
TXN528262926,897.84,QR,BOB,ICICI,Pune,2024-06-14T17:13:34,17,4,0,19.89072505032005,2,0,0,0,0,6.801105043103732,0.3891845005726435,-0.9659258262890683,-0.25881904510252063,12.95629002012802
TXN224424324,87.48,P2P,SBI,Axis,Delhi,2024-05-05T18:33:26,18,6,0,12.159200787439891,3,0,0,0,0,4.482776537774025,0.4997815241583839,-1.0,-1.8369701987210297e-16,12.363680314975957
TXN430714741,624.78,P2P,ICICI,BOB,Delhi,2024-01-09T08:57:52,8,1,0,33.89635744636449,1,0,0,0,0,6.438998871631718,0.42645142300257866,0.8660254037844387,-0.4999999999999998,16.058542978545795
TXN754366087,3562.07,Auto-Pay,HDFC,ICICI,Bangalore,2024-05-08T19:52:37,19,2,0,15.051996325777658,2,0,0,0,0,8.17837781177827,0.02557337940694302,-0.9659258262890684,0.2588190451025203,11.020798530311064
TXN540941975,1472.09,P2M,Kotak,Kotak,Mumbai,2024-07-17T08:39:18,8,2,0,32.939749092081875,1,0,0,0,0,7.295117514392448,0.3108115048742979,0.8660254037844387,-0.4999999999999998,15.675899636832751
TXN337600905,824.02,P2M,SBI,PNB,Pune,2024-09-04T10:14:05,10,2,0,24.5787530361913,1,0,0,0,0,6.715407628465081,0.3992593713474835,0.49999999999999994,-0.8660254037844387,12.331501214476521
TXN421367121,469.81,P2P,Kotak,Axis,Delhi,2024-12-03T17:06:59,17,1,0,13.734985099781905,3,0,0,0,0,6.154454615602348,0.4476015547280861,-0.9659258262890683,-0.25881904510252063,12.993994039912764
TXN788046106,344.61,P2P,PNB,SBI,Chennai,2024-08-02T09:10:05,9,4,0,12.085857898423303,1,1,0,0,0,5.845310971696471,0.4646887102551786,0.7071067811865476,-0.7071067811865475,27.334343159369322
TXN859328517,466.2,QR,HDFC,SBI,Jaipur,2024-10-08T20:28:17,20,1,0,10.23987992272031,3,0,0,0,0,6.146757431514017,0.44809424347770915,-0.8660254037844386,0.5000000000000001,11.595951969088123
TXN988158440,136.09,QR,HDFC,Kotak,Delhi,2024-04-23T14:41:02,14,1,0,19.16135041629583,1,0,0,0,0,4.920637644447809,0.4931472858982244,-0.4999999999999997,-0.8660254037844388,10.164540166518332
TXN450230653,5717.28,P2P,HDFC,ICICI,Mumbai,2024-04-15T10:31:57,10,0,0,19.33058198934696,2,0,0,0,0,8.651423339854045,0.26856726327312935,0.49999999999999994,-0.8660254037844387,12.732232795738785
TXN493617437,722.65,P2P,HDFC,PNB,Pune,2024-01-07T11:43:31,11,6,0,27.353687711054945,2,0,0,0,0,6.584307850083613,0.413094235211552,0.258819045102521,-0.9659258262890682,15.94147508442198
TXN501035351,1250.58,Collect,Kotak,BOB,Ahmedabad,2024-12-09T08:50:54,8,0,0,19.46341323587297,3,0,0,0,0,7.132162032120871,0.3410429411427185,0.8660254037844387,-0.4999999999999998,15.285365294349187
TXN498338175,212.22,P2P,SBI,Kotak,Hyderabad,2024-07-08T20:15:30,20,0,0,14.56274471708904,3,0,0,0,0,5.362324496522329,0.48275714891517685,-0.8660254037844386,0.5000000000000001,13.325097886835616
TXN644619225,192.68,P2M,ICICI,Axis,Chennai,2024-11-11T14:25:35,14,0,0,21.80972940148014,1,0,0,0,0,5.2662073126298035,0.4854239461915298,-0.4999999999999997,-0.8660254037844388,11.223891760592057
TXN226570285,385.42,P2M,BOB,Kotak,Pune,2024-12-04T13:03:29,13,2,0,17.81393903742763,2,0,0,0,0,5.9569248608332375,0.4591190072435121,-0.2588190451025208,-0.9659258262890683,12.125575614971051
TXN250318875,5007.88,Collect,SBI,PNB,Hyderabad,2024-03-07T13:22:12,13,3,0,34.35381308583365,2,0,0,0,0,8.518967616193025,0.17174914721147258,-0.2588190451025208,-0.9659258262890683,18.74152523433346
TXN809276200,272.56,P2M,Kotak,BOB,Mumbai,2024-11-23T10:25:32,10,5,0,14.27394174780979,2,0,0,0,0,5.611520976229896,0.4745220134159375,0.49999999999999994,-0.8660254037844387,10.709576699123916
TXN113900306,284.02,P2P,HDFC,SBI,Lucknow,2024-05-22T19:47:05,19,2,0,41.169290206931294,2,0,0,0,0,5.652559353245066,0.4729579654739209,-0.9659258262890684,0.2588190451025203,21.46771608277252
TXN357158785,72.17,P2P,BOB,Kotak,Jaipur,2024-06-09T13:49:55,13,6,0,36.60797509613903,3,0,0,0,0,4.292785500895938,0.5018710157807463,-0.2588190451025208,-0.9659258262890683,22.143190038455614
TXN705021412,9284.89,P2P,PNB,BOB,Bangalore,2024-06-08T20:11:18,20,5,0,17.610348123045796,3,0,0,0,0,9.136251322720344,0.755470673257239,-0.8660254037844386,0.5000000000000001,14.544139249218318
TXN592537197,835.5,P2M,Kotak,SBI,Pune,2024-12-16T08:11:21,8,0,0,43.499346848994605,2,0,0,0,0,6.729226520426879,0.39769259382790667,0.8660254037844387,-0.4999999999999998,22.399738739597844
TXN652553884,1593.22,P2P,Kotak,PNB,Bangalore,2024-09-19T19:45:29,19,3,0,38.79563431470143,2,0,0,0,0,7.3741398673924845,0.2942798183807139,-0.9659258262890684,0.2588190451025203,20.518253725880573
TXN237858334,2836.83,P2P,PNB,SBI,Kolkata,2024-05-27T20:16:14,20,0,0,18.6581022879525,2,0,0,0,0,7.95079495458686,0.12455332089630869,-0.8660254037844386,0.5000000000000001,12.463240915181
TXN636908273,1660.95,QR,Kotak,Axis,Delhi,2024-05-07T17:04:57,17,1,0,44.74092015035811,1,0,0,0,0,7.415746890726993,0.2850361039729664,-0.9659258262890683,-0.25881904510252063,20.396368060143242
TXN185150587,234.8,P2M,ICICI,HDFC,Hyderabad,2024-09-18T13:42:15,13,2,0,35.82464702681431,2,0,0,0,0,5.462983988103271,0.47967545584966764,-0.2588190451025208,-0.9659258262890683,19.329858810725725
TXN934658579,479.16,P2P,PNB,BOB,Jaipur,2024-01-28T15:23:36,15,6,0,29.270154867597824,3,0,0,0,0,6.174119381692057,0.44632547721867466,-0.7071067811865471,-0.7071067811865479,19.20806194703913
TXN899564176,1952.17,P2M,ICICI,SBI,Lucknow,2024-08-14T17:17:28,17,2,0,28.749113965961044,2,0,0,0,0,7.577208972659349,0.24529072511833477,-0.9659258262890683,-0.25881904510252063,16.499645586384418
TXN468263603,1119.56,P2P,Axis,ICICI,Delhi,2024-12-02T20:12:03,20,0,0,24.86495934822506,3,0,0,0,0,7.021583839330791,0.35892440373984036,-0.8660254037844386,0.5000000000000001,17.445983739290025
TXN721629320,521.65,P2P,BOB,Axis,Mumbai,2024-06-14T18:53:55,18,4,0,35.798379265121795,2,0,0,0,0,6.258912023978716,0.4405264896919481,-1.0,-1.8369701987210297e-16,19.31935170604872
TXN611849042,67.17,P2M,PNB,ICICI,Jaipur,2024-05-15T20:15:01,20,2,0,44.938536985214334,3,0,0,0,0,4.222004585374694,0.502553410170806,-0.8660254037844386,0.5000000000000001,25.475414794085733
TXN294392899,1001.22,Auto-Pay,Axis,Kotak,Mumbai,2024-02-12T09:39:46,9,0,0,23.397749087796825,3,0,0,0,0,6.909972818423092,0.37507531416377116,0.7071067811865476,-0.7071067811865475,16.85909963511873
TXN832371851,7762.76,QR,HDFC,Kotak,Ahmedabad,2024-01-02T08:46:54,8,1,0,20.03442802152317,1,0,0,0,0,8.957222031910037,0.5477320786689537,0.8660254037844387,-0.4999999999999998,10.513771208609269
TXN644949028,2536.36,P2P,SBI,HDFC,Mumbai,2024-11-29T17:46:48,17,4,0,40.11893913758803,1,0,0,0,0,7.838879449414196,0.16556112937255058,-0.9659258262890683,-0.25881904510252063,18.547575655035214
TXN416049464,265.5,P2M,BOB,SBI,Kolkata,2024-06-22T16:37:40,16,5,0,23.054576075484746,3,0,0,0,0,5.585374243605899,0.4754855542947017,-0.8660254037844384,-0.5000000000000004,16.721830430193897
TXN104290624,285.41,P2M,Kotak,BOB,Pune,2024-09-15T14:35:10,14,6,0,21.007586644399897,2,0,0,0,0,5.657424350678052,0.47276825983348436,-0.4999999999999997,-0.8660254037844388,13.403034657759958
TXN901298106,226.78,P2M,SBI,ICICI,Chennai,2024-12-27T09:38:48,9,4,0,21.009579322451977,2,0,0,0,0,5.428380250846205,0.4807700164513232,0.7071067811865476,-0.7071067811865475,13.40383172898079
TXN402152146,50.0,P2M,BOB,PNB,Kolkata,2024-07-06T13:01:58,13,5,0,27.213093816535732,1,0,0,0,0,3.9318256327243257,0.5048967525062706,-0.2588190451025208,-0.9659258262890683,13.385237526614294
TXN671710035,7911.36,P2P,HDFC,HDFC,Bangalore,2024-04-07T16:13:24,16,6,0,24.727398492670908,2,0,0,0,0,8.976181372772993,0.5680128399415251,-0.8660254037844384,-0.5000000000000004,14.890959397068364
TXN156891878,68.01,P2M,PNB,Axis,Pune,2024-05-29T12:00:36,12,2,0,34.66784599738534,2,0,0,0,0,4.234251421632511,0.5024387679132759,1.2246467991473532e-16,-1.0,18.86713839895414
TXN564487238,181.52,QR,Axis,BOB,Ahmedabad,2024-08-06T20:50:16,20,1,0,18.6555629589703,1,0,0,0,0,5.206859756059202,0.4869470504701428,-0.8660254037844386,0.5000000000000001,9.96222518358812
TXN165372195,1620.34,Auto-Pay,ICICI,HDFC,Mumbai,2024-02-28T20:17:23,20,2,0,40.66079309718829,3,0,0,0,0,7.391008246811545,0.2905785112090306,-0.8660254037844386,0.5000000000000001,23.764317238875318
TXN250310511,977.23,Auto-Pay,ICICI,Kotak,Lucknow,2024-11-22T19:46:08,19,4,0,17.676279529210834,1,0,0,0,0,6.885744816209919,0.3783494424472771,-0.9659258262890684,0.2588190451025203,9.570511811684334
TXN383302862,222.08,P2M,HDFC,Kotak,Delhi,2024-09-10T18:54:01,18,1,0,27.772612437571418,2,0,0,1,0,5.407530451521353,0.4814114671779793,-1.0,-1.8369701987210297e-16,26.109044975028567
TXN565945588,3313.43,QR,PNB,Axis,Mumbai,2024-11-16T16:29:20,16,5,0,12.208816157770256,1,0,0,0,0,8.106040942134248,0.05950748763582712,-0.8660254037844384,-0.5000000000000004,7.383526463108103
TXN123301468,706.96,QR,PNB,Axis,Bangalore,2024-07-30T09:25:47,9,1,0,37.778187839425314,2,0,0,0,0,6.562387594922553,0.415235588807559,0.7071067811865476,-0.7071067811865475,20.11127513577013
TXN223400033,908.44,Collect,Axis,Axis,Ahmedabad,2024-08-03T11:12:30,11,5,0,39.039350543544764,3,0,0,0,0,6.812829025468681,0.38773782446571714,0.258819045102521,-0.9659258262890682,23.11574021741791
TXN757579045,20000.0,P2P,ICICI,Axis,Chennai,2024-01-02T03:20:49,3,1,1,96.34086557349855,17,1,1,0,1,9.90353755128617,2.2178568638315546,0.7071067811865476,0.7071067811865476,116.03634622939941
TXN438689586,306.54,QR,Kotak,HDFC,Bangalore,2024-12-16T20:22:31,20,0,0,15.276696029686999,2,0,0,0,0,5.728605160087547,0.46988446114109245,-0.8660254037844386,0.5000000000000001,11.110678411874801
TXN888506739,8275.07,Collect,Axis,Axis,Kolkata,2024-04-06T16:09:17,16,5,0,19.400074430915637,3,0,0,0,0,9.021123497022026,0.617651572663241,-0.8660254037844384,-0.5000000000000004,15.260029772366256
TXN641135335,50.0,P2M,Axis,HDFC,Jaipur,2024-10-14T19:33:10,19,0,0,15.728933051285551,2,0,0,0,0,3.9318256327243257,0.5048967525062706,-0.9659258262890684,0.2588190451025203,11.29157322051422
TXN296905161,368.74,P2M,PNB,HDFC,Jaipur,2024-05-03T10:09:05,10,4,0,11.612474840809847,2,0,0,0,0,5.9128000559243,0.46139547492875094,0.49999999999999994,-0.8660254037844387,9.644989936323938
TXN824017586,50.0,P2M,Kotak,PNB,Hyderabad,2024-02-04T16:38:54,16,6,0,26.08002614373859,2,0,0,0,0,3.9318256327243257,0.5048967525062706,-0.8660254037844384,-0.5000000000000004,15.432010457495437
TXN174241397,289.65,P2M,SBI,HDFC,Lucknow,2024-03-15T17:05:25,17,4,0,23.178802674507935,3,0,0,1,0,5.67211979414736,0.47218958939071376,-0.9659258262890683,-0.25881904510252063,26.771521069803175
TXN231208917,7606.27,QR,PNB,HDFC,Lucknow,2024-11-20T20:46:45,20,2,0,32.13904384880398,1,0,0,0,0,8.93685964799171,0.5263744990488682,-0.8660254037844386,0.5000000000000001,15.355617539521592
TXN696298289,9115.02,Auto-Pay,Kotak,ICICI,Ahmedabad,2024-07-18T20:28:27,20,3,0,14.93663217543045,3,0,0,0,0,9.117788584307881,0.7322870062493542,-0.8660254037844386,0.5000000000000001,13.47465287017218
TXN824424375,13888.81,P2P,Kotak,Kotak,Pune,2024-11-11T18:40:57,18,0,0,42.67229610556575,2,0,0,0,0,9.538910756749145,1.3838085093138828,-1.0,-1.8369701987210297e-16,22.068918442226302
TXN838003547,9720.71,P2P,PNB,PNB,Delhi,2024-03-03T18:48:50,18,6,0,39.76503206876248,3,0,0,0,0,9.18211680790726,0.8149508978723945,-1.0,-1.8369701987210297e-16,23.406012827504995
TXN155861298,50.0,P2P,Axis,PNB,Chennai,2024-09-20T11:41:28,11,4,0,10.641547828125894,3,0,0,0,0,3.9318256327243257,0.5048967525062706,0.258819045102521,-0.9659258262890682,11.756619131250357
TXN207703393,231.2,Collect,BOB,Axis,Delhi,2024-12-13T18:50:31,18,4,0,24.762041234934365,3,0,0,0,0,5.4475990692637914,0.4801667798105106,-1.0,-1.8369701987210297e-16,17.404816493973748
TXN891433487,50.0,P2P,Axis,Axis,Lucknow,2024-07-02T16:48:43,16,1,0,35.27161256135723,1,0,0,0,0,3.9318256327243257,0.5048967525062706,-0.8660254037844384,-0.5000000000000004,16.608645024542895
TXN422088172,4688.46,P2P,ICICI,Axis,Chennai,2024-10-10T16:50:59,16,3,0,34.20085105674123,2,0,0,0,0,8.453072716218617,0.12815506399690474,-0.8660254037844384,-0.5000000000000004,18.680340422696492
TXN841173844,15000.0,P2M,BOB,Kotak,Ahmedabad,2024-02-19T22:45:29,22,0,1,68.39402083307927,9,1,1,1,1,9.61587214452889,1.5354624737719493,-0.5000000000000004,0.8660254037844384,94.85760833323171
TXN832275883,50000.0,QR,PNB,SBI,Hyderabad,2024-07-12T06:55:45,6,4,0,72.3409618614855,13,1,1,1,1,10.819798284210286,6.312223204189186,1.0,6.123233995736766e-17,91.43638474459419
TXN503648733,3013.88,P2P,SBI,BOB,Delhi,2024-05-28T20:50:57,20,1,0,34.32982903846242,2,0,0,0,0,8.011315307374181,0.10038973554429804,-0.8660254037844386,0.5000000000000001,18.73193161538497
TXN267237535,7879.18,P2P,ICICI,HDFC,Bangalore,2024-10-30T12:34:21,12,2,0,42.84448103503504,1,0,0,0,0,8.97210602523063,0.5636209496471016,1.2246467991473532e-16,-1.0,19.637792414014015
TXN256214051,2513.38,P2P,HDFC,ICICI,Hyderabad,2024-06-07T20:34:23,20,4,0,40.21930778813778,3,0,0,0,0,7.829781531267822,0.16869741398926452,-0.8660254037844386,0.5000000000000001,23.587723115255113
TXN492078056,54.49,P2M,HDFC,Axis,Kolkata,2024-02-20T09:05:54,9,1,0,20.11130348967951,1,1,0,0,0,4.01620282433781,0.5042839623439972,0.7071067811865476,-0.7071067811865475,30.544521395871804
TXN725846550,221.82,P2M,HDFC,Axis,Ahmedabad,2024-06-12T10:49:55,10,2,0,15.256296932865425,1,1,0,0,0,5.406364270631171,0.4814469516862624,0.49999999999999994,-0.8660254037844387,28.60251877314617
TXN176428465,275.54,QR,Kotak,ICICI,Ahmedabad,2024-09-12T09:35:59,9,3,0,12.193524714568806,2,0,0,1,0,5.622355475960472,0.474115306359462,0.7071067811865476,-0.7071067811865475,19.87740988582752
TXN340197765,4425.61,P2P,BOB,Axis,Jaipur,2024-01-12T08:41:37,8,4,0,21.28847922462453,3,0,0,0,0,8.39538933307556,0.09228159091147123,0.8660254037844387,-0.4999999999999998,16.015391689849814
TXN666105622,441.56,P2P,SBI,HDFC,Lucknow,2024-11-30T17:23:07,17,5,0,30.158421935256335,1,0,0,0,0,6.092576048476394,0.4514570830319229,-0.9659258262890683,-0.25881904510252063,14.563368774102535
TXN544408047,1277.04,P2P,ICICI,Axis,Hyderabad,2024-11-02T18:05:56,18,5,0,32.89781862715865,1,0,0,0,0,7.153082933352218,0.337431710030523,-1.0,-1.8369701987210297e-16,15.65912745086346
TXN484402318,981.25,QR,HDFC,Axis,Hyderabad,2024-04-21T11:40:51,11,6,0,17.48917174736727,3,0,0,0,0,6.889845858438569,0.3778007973576692,0.258819045102521,-0.9659258262890682,14.495668698946908
TXN542641563,381.17,P2M,SBI,Axis,Lucknow,2024-01-01T17:32:35,17,0,0,12.219684877521697,1,0,0,0,0,5.945865535789805,0.45969904247506277,-0.9659258262890683,-0.25881904510252063,7.387873951008679
TXN512857391,50.0,P2M,SBI,BOB,Bangalore,2024-11-01T19:18:00,19,4,0,28.983529606665357,2,0,0,1,0,3.9318256327243257,0.5048967525062706,-0.9659258262890684,0.2588190451025203,26.593411842666143
TXN575537517,6154.0,P2P,HDFC,Axis,Delhi,2024-01-25T18:00:47,18,3,0,36.69648872840524,3,0,0,0,0,8.725020038618554,0.3281703188784955,-1.0,-1.8369701987210297e-16,22.178595491362096
TXN795534537,409.34,P2P,BOB,BOB,Ahmedabad,2024-05-01T20:24:44,20,2,0,40.019539271843335,2,0,0,0,0,6.016986084338059,0.45585443248146695,-0.8660254037844386,0.5000000000000001,21.007815708737336
TXN811105996,356.11,Collect,BOB,HDFC,Chennai,2024-10-24T17:49:36,17,3,0,24.697568403297527,1,0,0,0,0,5.878043857568719,0.4631192031580415,-0.9659258262890683,-0.25881904510252063,12.379027361319011
TXN128944126,371.0,QR,Axis,Kotak,Pune,2024-07-19T18:48:47,18,4,0,43.2842452125316,1,0,0,0,0,5.918893854273146,0.461087032664444,-1.0,-1.8369701987210297e-16,19.813698085012643
TXN686634989,255.96,P2P,BOB,BOB,Pune,2024-10-20T19:44:57,19,6,0,28.42395785528457,1,1,0,0,0,5.548920430758397,0.4767875627909354,-0.9659258262890684,0.2588190451025203,33.869583142113825
TXN953953763,182.94,P2P,Axis,Axis,Ahmedabad,2024-01-01T17:02:43,17,0,0,40.601892129387416,2,0,0,0,0,5.214609617474552,0.48675325046336587,-0.9659258262890683,-0.25881904510252063,21.240756851754966
TXN256277042,50.0,Auto-Pay,Axis,Kotak,Bangalore,2024-05-26T11:49:32,11,6,0,21.674206413698734,1,0,0,0,0,3.9318256327243257,0.5048967525062706,0.258819045102521,-0.9659258262890682,11.169682565479494
TXN780132177,50000.0,P2P,PNB,Axis,Mumbai,2024-07-01T06:06:43,6,0,0,66.47154566523265,15,1,1,0,1,10.819798284210286,6.312223204189186,1.0,6.123233995736766e-17,84.08861826609306
TXN356686939,5589.01,P2M,HDFC,Axis,Ahmedabad,2024-11-13T14:26:26,14,2,0,43.53879102813761,2,0,0,0,0,8.62873635505631,0.2510611175905403,-0.4999999999999997,-0.8660254037844388,22.415516411255044
TXN167585521,410.36,P2M,Axis,PNB,Mumbai,2024-05-11T09:13:24,9,5,0,18.814867682099816,3,0,0,0,0,6.01946874351758,0.45571522402589476,0.7071067811865476,-0.7071067811865475,15.025947072839926
TXN956851050,285.07,QR,HDFC,Axis,Chennai,2024-08-01T15:46:53,15,3,0,10.642357530447656,1,0,0,0,0,5.656236536116929,0.4728146626520084,-0.7071067811865471,-0.7071067811865479,6.756943012179063
TXN198287284,499.83,P2M,BOB,ICICI,Ahmedabad,2024-04-19T17:13:35,17,4,0,20.322415124773187,1,0,0,0,0,6.216266722145061,0.44350445881016826,-0.9659258262890683,-0.25881904510252063,10.628966049909275
TXN435765490,40000.0,P2P,HDFC,ICICI,Bangalore,2024-08-25T05:35:17,5,6,1,86.97582254436259,13,1,1,1,1,10.596659732783579,4.947434424069976,0.9659258262890683,0.25881904510252074,112.29032901774504
TXN888523487,708.86,P2P,ICICI,SBI,Mumbai,2024-08-05T08:53:15,8,0,0,13.882208080618227,2,0,0,0,0,6.565067767493627,0.41497627893933636,0.8660254037844387,-0.4999999999999998,10.552883232247291
TXN435825999,1149.84,P2P,ICICI,SBI,Chennai,2024-11-14T09:20:03,9,3,0,25.766524002512135,3,0,0,0,0,7.048247389502252,0.35479182331363945,0.7071067811865476,-0.7071067811865475,17.806609601004855
TXN817164538,7543.11,Collect,ICICI,Axis,Ahmedabad,2024-04-21T18:41:22,18,6,0,37.84078353621556,2,0,0,0,0,8.928522405331062,0.5177544931136352,-1.0,-1.8369701987210297e-16,20.136313414486224
TXN634452214,30000.0,P2P,SBI,SBI,Hyderabad,2024-06-21T09:21:49,9,4,0,79.32935341218246,7,1,1,0,1,10.308985993422082,3.5826456439507655,0.7071067811865476,-0.7071067811865475,69.23174136487299
TXN951360247,25000.0,QR,PNB,HDFC,Lucknow,2024-07-05T06:19:52,6,4,0,73.19826696961954,10,1,1,0,1,10.12667110305036,2.90025125389116,1.0,6.123233995736766e-17,74.27930678784782
TXN754567082,516.35,P2M,PNB,Kotak,Lucknow,2024-08-22T12:14:01,12,3,0,25.490207107648537,3,0,0,0,0,6.24871962805096,0.44124982774541127,1.2246467991473532e-16,-1.0,17.696082843059415
TXN246220061,422.26,P2P,SBI,ICICI,Pune,2024-09-04T14:06:29,14,2,0,18.78123317238479,3,0,0,0,0,6.047986647432308,0.454091125377553,-0.4999999999999997,-0.8660254037844388,15.012493268953918
TXN986342659,5068.66,P2P,HDFC,Kotak,Chennai,2024-03-25T14:24:44,14,0,0,29.797906723112757,2,0,0,0,0,8.531029033192546,0.1800443334170371,-0.4999999999999997,-0.8660254037844388,16.919162689245105
TXN290124183,1175.71,QR,HDFC,ICICI,Delhi,2024-09-06T15:53:41,15,4,0,10.240728677687725,1,0,0,0,0,7.070477687776596,0.351261114739471,-0.7071067811865471,-0.7071067811865479,6.59629147107509
TXN713953055,50.0,P2P,Axis,HDFC,Kolkata,2024-10-19T12:26:47,12,5,0,22.085196398016997,1,0,0,0,0,3.9318256327243257,0.5048967525062706,1.2246467991473532e-16,-1.0,11.3340785592068
TXN546101043,184.42,QR,HDFC,SBI,Bangalore,2024-06-09T20:04:05,20,6,0,13.328277669875533,2,0,0,0,0,5.222623522178837,0.4865512617239082,-0.8660254037844386,0.5000000000000001,10.331311067950214
TXN384809787,101.35,P2P,SBI,HDFC,Chennai,2024-09-24T16:56:10,16,1,0,21.547040011935543,1,0,0,0,0,4.628398312107299,0.49788856212035854,-0.8660254037844384,-0.5000000000000004,11.118816004774217
TXN707671734,75.66,Collect,ICICI,SBI,Lucknow,2024-03-02T09:06:06,9,5,0,16.282753342837776,2,0,0,0,0,4.339380059952409,0.5013947044964848,0.7071067811865476,-0.7071067811865475,11.513101337135112
TXN256236662,25000.0,P2P,SBI,ICICI,Chennai,2024-08-01T16:19:27,16,3,0,67.3440075954284,5,1,1,0,1,10.12667110305036,2.90025125389116,-0.8660254037844384,-0.5000000000000004,59.43760303817136
TXN243422698,102.9,Auto-Pay,Axis,Kotak,Kolkata,2024-05-04T11:06:05,11,5,0,40.10920126121451,1,0,0,0,0,4.6434288981051814,0.49767701985944,0.258819045102521,-0.9659258262890682,18.543680504485803
TXN788856247,53.66,P2P,Kotak,PNB,Kolkata,2024-12-17T12:58:04,12,1,0,33.951502765934336,3,0,0,0,0,4.001132180499922,0.5043972398127471,1.2246467991473532e-16,-1.0,21.080601106373734
TXN801868857,55.9,P2M,ICICI,ICICI,Delhi,2024-08-05T14:54:00,14,0,0,34.59977881886114,1,0,0,0,0,4.041295341132285,0.5040915271260004,-0.4999999999999997,-0.8660254037844388,16.33991152754446
TXN734681699,53.21,P2M,SBI,Axis,Hyderabad,2024-05-28T18:57:18,18,1,0,17.98351322658348,3,0,0,0,0,3.992865393272247,0.5044586553078524,-1.0,-1.8369701987210297e-16,14.693405290633393
TXN480600301,212.62,Collect,PNB,BOB,Pune,2024-01-14T14:01:14,14,6,0,43.71548688186926,1,0,0,0,0,5.3641987356615495,0.4827025573639721,-0.4999999999999997,-0.8660254037844388,19.986194752747704
TXN876779282,934.16,P2P,HDFC,HDFC,Pune,2024-06-16T09:06:30,9,6,0,13.467692807061951,2,0,0,0,0,6.84071763764347,0.38422758772325055,0.7071067811865476,-0.7071067811865475,10.387077122824781
TXN448391690,65.25,Collect,HDFC,Kotak,Chennai,2024-09-09T08:59:40,8,0,0,42.84343687487052,3,0,0,1,0,4.193435464866331,0.5028154496165889,0.8660254037844387,-0.4999999999999998,34.63737474994821
TXN876468049,50000.0,P2M,BOB,Axis,Kolkata,2024-10-28T08:20:52,8,0,0,93.3937350447217,8,1,1,1,1,10.819798284210286,6.312223204189186,0.8660254037844387,-0.4999999999999998,87.35749401788868
TXN349685689,20000.0,P2P,PNB,PNB,Ahmedabad,2024-09-17T06:01:19,6,1,0,70.14510183886144,13,0,1,1,1,9.90353755128617,2.2178568638315546,1.0,6.123233995736766e-17,70.55804073554458
TXN263846196,2268.33,P2M,Axis,Axis,Hyderabad,2024-10-06T19:03:15,19,6,0,23.695449694759482,2,0,0,0,0,7.727239912723857,0.20214156304608583,-0.9659258262890684,0.2588190451025203,14.478179877903793
TXN362023698,759.16,P2P,HDFC,ICICI,Bangalore,2024-12-13T08:46:27,8,4,0,21.351528207303133,2,0,0,0,0,6.633528937438611,0.40811139137533675,0.8660254037844387,-0.4999999999999998,13.540611282921253
TXN774366422,4566.44,QR,Axis,SBI,Mumbai,2024-12-24T08:57:52,8,1,0,25.719803765927963,1,0,0,0,0,8.426708151876882,0.11150191130189006,0.8660254037844387,-0.4999999999999998,12.787921506371186
TXN435483603,7707.42,P2P,Axis,ICICI,Ahmedabad,2024-09-07T14:42:46,14,5,0,17.210493964323533,1,0,0,1,0,8.950068516892555,0.540179337559774,-0.4999999999999997,-0.8660254037844388,19.384197585729414
TXN453149527,8948.04,QR,Axis,Kotak,Hyderabad,2024-04-08T18:51:57,18,0,0,34.919855636089636,3,0,0,0,0,9.099301542946028,0.7094977631989237,-1.0,-1.8369701987210297e-16,21.467942254435854
TXN339355652,9971.26,P2P,PNB,Axis,Lucknow,2024-01-18T20:20:32,20,3,0,12.624985494406918,2,1,0,0,0,9.207562517307966,0.8491456807582815,-0.8660254037844386,0.5000000000000001,30.049994197762768
TXN263579487,620.28,P2M,PNB,PNB,Delhi,2024-07-31T17:41:15,17,2,0,11.887036867725227,1,0,0,0,0,6.431781865983357,0.4270655779536323,-0.9659258262890683,-0.25881904510252063,7.254814747090091
TXN333107842,453.74,P2P,PNB,PNB,Kolkata,2024-10-09T13:34:37,13,2,0,43.34774894790195,3,0,0,0,0,6.119725827051993,0.4497947702977376,-0.2588190451025208,-0.9659258262890683,24.83909957916078
TXN669821611,3391.64,QR,HDFC,HDFC,Mumbai,2024-07-24T12:08:56,12,2,0,20.678924888744323,3,0,0,0,0,8.129363658359386,0.04883347458651477,1.2246467991473532e-16,-1.0,15.77156995549773
TXN843915082,727.18,P2M,ICICI,Kotak,Bangalore,2024-01-09T15:13:53,15,1,0,23.160274439547358,1,0,0,0,0,6.5905482703820155,0.412475985894158,-0.7071067811865471,-0.7071067811865479,11.764109775818943
TXN789045750,582.16,P2P,SBI,Axis,Lucknow,2024-02-24T09:17:42,9,5,0,14.277762819786513,2,0,0,0,0,6.368461591236621,0.43226815278344677,0.7071067811865476,-0.7071067811865475,10.711105127914607
TXN404554548,535.84,Collect,Axis,SBI,Kolkata,2024-08-31T13:22:10,13,5,0,18.784526993311346,3,0,0,0,0,6.285700098529605,0.43858985441295895,-0.2588190451025208,-0.9659258262890683,15.013810797324538
TXN661439515,4277.42,P2P,HDFC,HDFC,Mumbai,2024-09-25T08:06:31,8,2,0,18.71144348176172,1,0,0,0,0,8.361339061541425,0.07205678597888471,0.8660254037844387,-0.4999999999999998,9.984577392704688
TXN549726952,50.0,QR,PNB,SBI,Ahmedabad,2024-02-06T19:03:13,19,1,0,14.621462014024129,2,0,0,0,0,3.9318256327243257,0.5048967525062706,-0.9659258262890684,0.2588190451025203,10.84858480560965
TXN720208181,1806.61,P2M,HDFC,PNB,Hyderabad,2024-01-15T10:03:18,10,0,0,11.293064008308209,1,0,0,0,0,7.499760809719211,0.26515659060175,0.49999999999999994,-0.8660254037844387,7.017225603323284
TXN150459392,713.48,P2M,SBI,BOB,Mumbai,2024-04-27T19:17:52,19,5,0,22.810502350438792,2,0,0,0,0,6.571555005375631,0.4143457465229213,-0.9659258262890684,0.2588190451025203,14.124200940175518
TXN944621417,85.56,QR,HDFC,ICICI,Delhi,2024-05-19T14:01:38,14,6,0,14.908993998547945,3,0,0,0,0,4.460837815098172,0.5000435636041668,-0.4999999999999997,-0.8660254037844388,13.463597599419177
TXN359000017,61.54,P2P,HDFC,Axis,Mumbai,2024-07-23T12:38:12,12,1,0,44.31348720255527,1,0,0,0,0,4.135806352029695,0.5033217862540131,1.2246467991473532e-16,-1.0,20.22539488102211
TXN859660324,1768.72,P2P,Axis,ICICI,Hyderabad,2024-11-28T20:41:08,20,3,0,38.81273422833526,3,0,0,0,0,7.478576620963791,0.2703277752896217,-0.8660254037844386,0.5000000000000001,23.025093691334106
TXN163317241,143.67,QR,HDFC,ICICI,Mumbai,2024-01-05T17:29:53,17,4,0,23.194515855039455,2,0,0,1,0,4.974455286641499,0.492112776002894,-0.9659258262890683,-0.25881904510252063,24.277806342015783
TXN444695003,111.7,P2M,SBI,HDFC,Kolkata,2024-03-12T09:41:15,9,1,0,42.201524211744214,1,0,0,0,0,4.724729421045731,0.49647600573293516,0.7071067811865476,-0.7071067811865475,19.380609684697685
TXN322186482,256.35,P2P,BOB,ICICI,Ahmedabad,2024-03-24T19:19:44,19,6,0,14.305345085562275,2,0,0,0,0,5.550437026098764,0.4767343360285108,-0.9659258262890684,0.2588190451025203,10.72213803422491
TXN996482416,491.56,QR,Axis,BOB,Bangalore,2024-10-29T09:40:13,9,1,0,31.21383599485406,2,0,0,0,0,6.199616280602955,0.4446331391313268,0.7071067811865476,-0.7071067811865475,17.485534397941624
TXN997807235,3708.7,P2P,HDFC,Kotak,Chennai,2024-09-04T14:39:27,14,2,0,44.84288388055532,1,0,0,0,0,8.218706289798238,0.0055614815240550815,-0.4999999999999997,-0.8660254037844388,20.437153552222128
TXN172171683,242.38,P2M,PNB,BOB,Kolkata,2024-12-21T18:56:07,18,5,0,22.205102519995535,2,0,0,0,0,5.494624007908654,0.47864094595433726,-1.0,-1.8369701987210297e-16,13.882041007998215
TXN757676594,385.58,QR,ICICI,Axis,Pune,2024-03-06T16:16:02,16,2,0,25.237861845106515,1,0,0,0,0,5.957338832378606,0.45909717062303024,-0.8660254037844384,-0.5000000000000004,12.595144738042606
TXN937295181,9226.88,QR,Kotak,SBI,Ahmedabad,2024-02-20T13:08:15,13,1,0,17.51129762179241,2,1,0,0,0,9.129984615307922,0.7475535335437675,-0.2588190451025208,-0.9659258262890683,32.004519048716965
TXN613057730,18639.3,P2P,BOB,Kotak,Ahmedabad,2024-03-26T16:01:46,16,1,0,28.463703378342114,1,0,0,0,0,9.83308118253067,2.032150054520734,-0.8660254037844384,-0.5000000000000004,13.885481351336846
TXN605912354,12391.52,P2M,Kotak,Axis,Lucknow,2024-10-15T12:18:17,12,1,0,11.392447792564132,2,0,0,0,0,9.424848343772789,1.1794600500554135,1.2246467991473532e-16,-1.0,9.556979117025653
TXN338114273,15673.75,P2P,HDFC,Kotak,Kolkata,2024-04-15T16:06:16,16,0,0,15.885810825076225,3,0,0,0,0,9.659806416410618,1.6274151178324812,-0.8660254037844384,-0.5000000000000004,13.85432433003049
TXN687240952,460.5,P2M,ICICI,HDFC,Pune,2024-09-30T15:56:34,15,0,0,39.55759197644692,1,1,0,0,0,6.134482053942907,0.4488721730823771,-0.7071067811865471,-0.7071067811865479,38.32303679057877
TXN620582389,568.23,P2P,ICICI,Kotak,Kolkata,2024-10-26T08:25:56,8,5,0,19.550736202665774,2,0,0,0,0,6.34428457037846,0.43416930355415284,0.8660254037844387,-0.4999999999999998,12.820294481066309
TXN147466014,15987.49,P2M,BOB,PNB,Jaipur,2024-02-29T15:16:00,15,3,0,29.067671364255805,3,0,0,0,0,9.679624367347564,1.6702340010199412,-0.7071067811865471,-0.7071067811865479,19.127068545702322
TXN133354214,67.28,QR,SBI,BOB,Chennai,2024-10-20T09:32:42,9,6,0,27.287292590734094,2,1,0,0,0,4.22361689792624,0.5025383974942247,0.7071067811865476,-0.7071067811865475,35.91491703629364
TXN625684264,80.46,P2M,SBI,PNB,Hyderabad,2024-04-19T14:21:38,14,4,0,28.243477383277103,3,0,0,0,0,4.400112102220266,0.5007396058820276,-0.4999999999999997,-0.8660254037844388,18.797390953310842
TXN623547903,882.02,P2P,Kotak,PNB,Lucknow,2024-03-17T10:14:44,10,6,0,12.073695833990463,3,0,0,0,0,6.783347850404076,0.3913435964227921,0.49999999999999994,-0.8660254037844387,12.329478333596185
TXN974446473,6348.09,P2P,PNB,Kotak,Pune,2024-07-15T08:43:46,8,0,0,37.890523982829386,1,0,0,0,0,8.756066774530682,0.3546595043118293,0.8660254037844387,-0.4999999999999998,17.656209593131756
TXN750000114,560.8,P2P,Axis,HDFC,Jaipur,2024-01-10T17:22:10,17,2,0,23.79665303674465,3,0,0,0,0,6.331145914670143,0.43518334161778144,-0.9659258262890683,-0.25881904510252063,17.01866121469786
TXN954469344,515.66,QR,SBI,BOB,Hyderabad,2024-12-23T11:15:09,11,0,0,24.02282520804066,1,0,0,0,0,6.2473850179361285,0.44134399817123954,0.258819045102521,-0.9659258262890682,12.109130083216264
TXN653665425,717.55,P2M,ICICI,BOB,Delhi,2024-01-07T11:36:55,11,6,0,13.544097011530562,1,0,0,0,0,6.577235292520256,0.4137902774894128,0.258819045102521,-0.9659258262890682,7.917638804612225
TXN430905133,1399.68,P2P,Kotak,HDFC,Ahmedabad,2024-05-12T23:13:36,23,6,1,71.58403096692535,12,1,0,1,1,7.244713111968063,0.3206939404311411,-0.25881904510252157,0.9659258262890681,103.63361238677014
TXN552938661,661.49,P2P,Axis,ICICI,Hyderabad,2024-11-03T20:55:28,20,6,0,30.211776631480824,1,0,0,0,0,6.496005463406834,0.42144128339076103,-0.8660254037844386,0.5000000000000001,14.58471065259233
TXN734534586,713.47,P2P,BOB,ICICI,Pune,2024-02-25T13:13:25,13,6,0,27.908710474048313,3,1,0,0,0,6.5715410090846476,0.41434711131170143,-0.2588190451025208,-0.9659258262890683,38.663484189619325
TXN594564249,813.06,P2M,SBI,Axis,Jaipur,2024-01-16T16:28:07,16,1,0,38.60831384320124,2,0,0,0,0,6.702034073359797,0.4007551798504942,-0.8660254037844384,-0.5000000000000004,20.443325537280494
TXN832339002,924.71,Auto-Pay,PNB,HDFC,Kolkata,2024-12-18T12:40:22,12,2,0,15.734210648756658,3,0,0,0,0,6.830561010650661,0.38551731312046317,1.2246467991473532e-16,-1.0,13.793684259502664
TXN769794599,312.16,QR,SBI,PNB,Pune,2024-01-31T20:11:50,20,2,0,30.108820008417204,1,0,0,0,0,5.7467142420397135,0.4691174498466655,-0.8660254037844386,0.5000000000000001,14.543528003366882
TXN849787771,216.03,QR,BOB,HDFC,Ahmedabad,2024-08-16T20:34:37,20,4,0,37.4071582251173,3,0,0,1,0,5.380035592832894,0.4822371643899514,-0.8660254037844386,0.5000000000000001,32.46286329004692
TXN765487068,20841.11,QR,SBI,SBI,Kolkata,2024-03-20T13:43:01,13,2,0,20.139360720957015,2,0,0,0,0,9.944730738342878,2.332650612916162,-0.2588190451025208,-0.9659258262890683,13.055744288382806
TXN594167199,813.09,P2M,Axis,HDFC,Pune,2024-10-12T16:03:00,16,5,0,27.422296918986856,2,0,0,0,0,6.702070925001234,0.4007510854841538,-0.8660254037844384,-0.5000000000000004,15.968918767594744
TXN597920176,539.5,P2P,HDFC,Kotak,Jaipur,2024-12-23T20:11:34,20,0,0,19.143446581206817,3,0,0,0,0,6.292494637079263,0.43809034171943534,-0.8660254037844386,0.5000000000000001,15.157378632482727
TXN762333512,1455.64,P2P,Axis,Kotak,Kolkata,2024-11-18T14:08:39,14,0,0,14.44785642956515,3,0,0,0,0,7.283887692617802,0.313056582417594,-0.4999999999999997,-0.8660254037844388,13.27914257182606
TXN380061770,170.29,P2M,PNB,PNB,Ahmedabad,2024-04-07T11:33:31,11,6,0,23.09395960044518,1,0,0,0,0,5.143358026509894,0.4884797082702167,0.258819045102521,-0.9659258262890682,11.737583840178074
TXN359575142,773.03,Auto-Pay,BOB,BOB,Delhi,2024-03-12T20:05:55,20,1,0,43.92341357207138,1,0,0,0,0,6.651610632528512,0.40621842933731134,-0.8660254037844386,0.5000000000000001,20.069365428828554
TXN612335247,387.79,P2P,Axis,Axis,Pune,2024-11-02T12:16:51,12,5,0,18.669761410325428,3,0,0,0,0,5.963039352090906,0.45879555230262387,1.2246467991473532e-16,-1.0,14.967904564130173
TXN122919530,896.81,Collect,ICICI,Axis,Kolkata,2024-04-09T10:31:57,10,1,0,33.65380237864258,2,0,0,0,0,6.799958464623961,0.3893250738169958,0.49999999999999994,-0.8660254037844387,18.461520951457032
TXN692856492,1260.3,P2P,ICICI,ICICI,Hyderabad,2024-12-28T02:38:33,2,5,1,94.20208605005953,13,0,0,0,1,7.139898214093147,0.33971636644844266,0.49999999999999994,0.8660254037844387,85.18083442002381
TXN176040002,331.03,P2P,HDFC,Kotak,Lucknow,2024-02-03T14:02:16,14,5,0,31.765868736163775,3,0,0,0,0,5.805225326279922,0.4665420934185805,-0.4999999999999997,-0.8660254037844388,20.20634749446551
TXN675972410,1916.15,P2P,Axis,Axis,Lucknow,2024-03-05T16:12:35,16,1,0,23.62947398921864,1,0,0,0,0,7.558594987245833,0.2502066943043242,-0.8660254037844384,-0.5000000000000004,11.951789595687456
TXN671247934,168.09,P2M,Kotak,Kotak,Pune,2024-12-24T19:00:58,19,1,0,29.672243502060006,2,0,0,0,0,5.130431117550338,0.4887799618018429,-0.9659258262890684,0.2588190451025203,16.868897400824004
TXN727308674,238.12,QR,PNB,Kotak,Kolkata,2024-07-16T11:43:15,11,1,0,11.886039694950739,3,0,0,0,0,5.476965517975683,0.4792223459746681,0.258819045102521,-0.9659258262890682,12.254415877980296
TXN253653526,4906.63,P2M,SBI,PNB,Bangalore,2024-03-16T17:20:14,17,5,0,43.30005158799688,3,0,0,0,0,8.498546415865986,0.15793066081276558,-0.9659258262890683,-0.25881904510252063,24.820020635198755
TXN253427443,551.43,P2M,PNB,PNB,Delhi,2024-03-07T10:47:30,10,3,0,23.067811713980397,2,0,0,0,0,6.314326728532607,0.43646214870475314,0.49999999999999994,-0.8660254037844387,14.227124685592159
TXN885145258,320.58,P2P,Axis,Kotak,Hyderabad,2024-03-31T09:22:20,9,6,0,13.558042740174878,3,0,0,0,0,5.773246346316266,0.4679682976938051,0.7071067811865476,-0.7071067811865475,12.923217096069951
TXN476233923,50.0,P2P,PNB,HDFC,Pune,2024-10-17T19:45:52,19,3,0,41.57236401973164,3,0,0,0,0,3.9318256327243257,0.5048967525062706,-0.9659258262890684,0.2588190451025203,24.128945607892657
TXN856194649,1344.4,P2P,PNB,ICICI,Kolkata,2024-08-09T03:04:42,3,4,1,93.5506919568709,14,0,0,1,1,7.2044466455915055,0.32823849280764,0.7071067811865476,0.7071067811865476,97.42027678274837
TXN952813111,176.46,QR,HDFC,ICICI,Pune,2024-04-06T14:10:59,14,5,0,38.52161101859882,1,0,0,0,0,5.178745231407191,0.48763763359288315,-0.4999999999999997,-0.8660254037844388,17.908644407439528
TXN219871796,50.0,QR,Kotak,Kotak,Ahmedabad,2024-08-07T16:46:11,16,2,0,12.987907276429784,2,0,0,0,0,3.9318256327243257,0.5048967525062706,-0.8660254037844384,-0.5000000000000004,10.195162910571913
TXN578456408,45000.0,P2P,Axis,PNB,Chennai,2024-01-30T03:30:50,3,1,1,65.3624368900845,14,1,1,1,1,10.714439990727769,5.629828814129581,0.7071067811865476,0.7071067811865476,106.1449747560338
TXN749845672,212.73,P2P,BOB,BOB,Pune,2024-02-19T20:05:03,20,0,0,24.209736253825277,1,0,0,0,0,5.364713536187719,0.4826875446873908,-0.8660254037844386,0.5000000000000001,12.183894501530112
TXN361953819,327.48,Collect,HDFC,SBI,Hyderabad,2024-07-02T16:25:29,16,1,0,39.799688212677744,3,0,0,0,0,5.794475953270624,0.46702659343552283,-0.8660254037844384,-0.5000000000000004,23.4198752850711
TXN198814067,1164.72,P2M,ICICI,Axis,Hyderabad,2024-07-05T15:47:32,15,4,0,14.17471145941499,1,0,0,0,0,7.061094200851609,0.35276101760882206,-0.7071067811865471,-0.7071067811865479,8.169884583765995
TXN583691071,130.8,QR,SBI,SBI,Chennai,2024-04-29T10:14:47,10,0,0,24.71786253267863,1,0,0,0,0,4.881285622068407,0.4938692591629074,0.49999999999999994,-0.8660254037844387,12.387145013071454
TXN643555331,524.23,QR,ICICI,SBI,Delhi,2024-02-17T14:55:59,14,5,0,41.34320421332892,2,0,0,0,0,6.263836261894019,0.4401743741866773,-0.4999999999999997,-0.8660254037844388,21.537281685331568
TXN906561740,147.06,P2P,Axis,PNB,Hyderabad,2024-03-26T12:51:38,12,1,0,41.73340851153166,3,0,0,0,0,4.997617597014952,0.4916501126064336,1.2246467991473532e-16,-1.0,24.193363404612665
TXN223862765,206.36,Collect,HDFC,Kotak,Chennai,2024-11-14T20:14:08,20,3,0,10.178387328508931,2,0,0,0,0,5.33445641316391,0.48355691514032667,-0.8660254037844386,0.5000000000000001,9.071354931403572
TXN898266330,50.0,P2M,SBI,Axis,Kolkata,2024-12-14T17:44:32,17,5,0,12.578586451736012,2,0,0,0,0,3.9318256327243257,0.5048967525062706,-0.9659258262890683,-0.25881904510252063,10.031434580694405
TXN172021100,603.68,QR,HDFC,Axis,Delhi,2024-01-21T17:50:35,17,6,0,13.118369869127786,2,0,0,0,0,6.404699392480507,0.4293311273286302,-0.9659258262890683,-0.25881904510252063,10.247347947651114
TXN741540379,146.13,P2P,SBI,BOB,Hyderabad,2024-04-23T13:28:14,13,1,0,26.28958416491259,2,0,0,0,0,4.991316549709856,0.49177703796298466,-0.2588190451025208,-0.9659258262890683,15.515833665965037
TXN306442768,8559.98,P2P,BOB,SBI,Ahmedabad,2024-07-30T20:50:40,20,1,0,14.287425168809623,3,0,0,0,0,9.054969948564077,0.6565357697976174,-0.8660254037844386,0.5000000000000001,13.21497006752385
TXN233228313,25000.0,P2P,Kotak,Kotak,Hyderabad,2024-12-22T06:48:42,6,6,0,97.27084577754165,16,1,1,1,1,10.12667110305036,2.90025125389116,1.0,6.123233995736766e-17,108.90833831101666
TXN406447116,2166.38,P2M,Axis,PNB,Mumbai,2024-09-08T16:13:16,16,6,0,11.259077739478357,2,0,0,0,0,7.681274343800292,0.21605558465940114,-0.8660254037844384,-0.5000000000000004,9.503631095791343
TXN423710986,262.72,P2P,SBI,SBI,Kolkata,2024-10-27T18:36:00,18,6,0,34.6788245499219,1,0,0,0,0,5.574887934245099,0.47586496557557484,-1.0,-1.8369701987210297e-16,16.37152981996876
TXN148998017,25000.0,P2P,SBI,ICICI,Delhi,2024-08-10T04:20:01,4,5,1,84.46211820956144,14,1,1,0,1,10.12667110305036,2.90025125389116,0.8660254037844386,0.5000000000000001,103.78484728382458
TXN277168776,4692.42,QR,Kotak,SBI,Mumbai,2024-07-28T15:13:38,15,6,0,36.893997513207296,1,0,0,0,0,8.453916806782521,0.12869552035383194,-0.7071067811865471,-0.7071067811865479,17.25759900528292
TXN601774283,50.0,Collect,HDFC,HDFC,Ahmedabad,2024-08-12T10:02:39,10,0,0,24.5240541769862,2,0,0,0,0,3.9318256327243257,0.5048967525062706,0.49999999999999994,-0.8660254037844387,14.809621670794481
TXN462141002,14324.6,Auto-Pay,SBI,Kotak,Mumbai,2024-01-02T12:19:58,12,1,0,18.937351967869503,2,0,0,0,0,9.569803425522549,1.443284639562698,1.2246467991473532e-16,-1.0,12.574940787147803
TXN976611025,50.0,P2P,HDFC,HDFC,Bangalore,2024-04-09T15:31:21,15,1,0,10.95284203324366,2,0,0,0,0,3.9318256327243257,0.5048967525062706,-0.7071067811865471,-0.7071067811865479,9.381136813297465
TXN942868946,3767.77,P2P,HDFC,HDFC,Bangalore,2024-06-19T20:12:59,20,2,0,26.74718745375162,3,0,0,0,0,8.234503967260752,0.0025003258001091186,-0.8660254037844386,0.5000000000000001,18.19887498150065
TXN710564522,80.14,QR,Kotak,Kotak,Delhi,2024-07-13T19:14:52,19,5,0,26.432578129601694,2,0,0,0,0,4.396176057778301,0.5007832791229914,-0.9659258262890684,0.2588190451025203,15.573031251840678
TXN927163574,131.92,P2P,SBI,PNB,Kolkata,2024-11-17T08:49:30,8,6,0,39.18967667346838,2,0,0,0,0,4.889747443486393,0.4937164028195341,0.8660254037844387,-0.4999999999999998,20.67587066938735
TXN382374266,50.0,P2M,Kotak,ICICI,Ahmedabad,2024-12-04T09:43:45,9,2,0,26.57024807812575,3,0,0,0,0,3.9318256327243257,0.5048967525062706,0.7071067811865476,-0.7071067811865475,18.128099231250303
TXN294554318,1091.41,P2P,SBI,BOB,Jaipur,2024-08-31T09:13:19,9,5,0,29.000525691267413,2,0,0,0,0,6.996141543713637,0.3627662841558759,0.7071067811865476,-0.7071067811865475,16.600210276506964
TXN429547207,357.61,P2M,Axis,Axis,Lucknow,2024-10-25T19:36:28,19,4,0,42.197846036341076,2,0,0,0,0,5.882235447006424,0.4629144848410236,-0.9659258262890684,0.2588190451025203,21.87913841453643
TXN343552133,2195.46,P2P,HDFC,HDFC,Kolkata,2024-12-29T20:59:01,20,6,0,42.988977388809545,2,0,0,0,0,7.694602252460123,0.2120867788868145,-0.8660254037844386,0.5000000000000001,22.19559095552382
TXN822851686,45000.0,QR,Kotak,PNB,Lucknow,2024-04-18T05:33:27,5,3,1,86.21660596492165,12,1,1,0,1,10.714439990727769,5.629828814129581,0.9659258262890683,0.25881904510252074,99.48664238596866
TXN926747214,258.76,P2P,Kotak,HDFC,Ahmedabad,2024-12-24T18:23:21,18,1,0,28.372998462153106,1,0,0,0,0,5.55975812779459,0.47640542193250207,-1.0,-1.8369701987210297e-16,13.849199384861244
TXN442046157,244.74,P2P,BOB,Kotak,Kolkata,2024-08-02T09:25:13,9,4,0,18.292755779786884,3,0,0,0,0,5.504274066439425,0.47831885580222916,0.7071067811865476,-0.7071067811865475,14.817102311914754
TXN801112844,8284.25,P2P,BOB,SBI,Hyderabad,2024-10-25T13:47:38,13,4,0,37.94033126383713,1,0,0,0,0,9.022232104420494,0.6189044487633905,-0.2588190451025208,-0.9659258262890683,17.676132505534852
TXN241350802,5083.68,P2P,SBI,ICICI,Lucknow,2024-01-25T11:30:58,11,3,0,35.95081188137753,1,0,0,0,0,8.533987376315649,0.1820942461647762,0.258819045102521,-0.9659258262890682,16.88032475255101
TXN860735476,970.17,P2P,PNB,Axis,Delhi,2024-08-04T20:22:44,20,6,0,40.841034695071876,1,0,0,0,0,6.8785015302070525,0.37931298332604124,-0.8660254037844386,0.5000000000000001,18.83641387802875
TXN154907146,2227.07,Collect,PNB,Kotak,Jaipur,2024-05-23T10:13:34,10,3,0,39.12870798699841,1,0,0,0,0,7.708891018866018,0.20777268155285764,0.49999999999999994,-0.8660254037844387,18.15148319479936
TXN772472515,186.97,P2P,ICICI,ICICI,Hyderabad,2024-06-23T20:54:00,20,6,0,14.353399093446352,2,0,0,0,0,5.236282375628504,0.4862032405849779,-0.8660254037844386,0.5000000000000001,10.74135963737854
TXN401883004,869.06,Auto-Pay,Axis,Kotak,Chennai,2024-03-29T19:27:53,19,4,0,27.77370051417808,2,0,0,0,0,6.768562174787859,0.3931123626818266,-0.9659258262890684,0.2588190451025203,16.109480205671233
TXN742776237,419.02,P2P,Axis,Axis,Pune,2024-03-25T18:04:34,18,0,0,19.022247087139696,1,1,0,1,0,6.040302329191282,0.4545333169423116,-1.0,-1.8369701987210297e-16,40.10889883485588
TXN520451700,380.49,Auto-Pay,SBI,SBI,Kolkata,2024-01-19T10:42:43,10,4,0,38.31070835637953,3,0,0,0,0,5.944084638061173,0.4597918481121108,0.49999999999999994,-0.8660254037844387,22.824283342551812
TXN515132557,1134.36,QR,BOB,ICICI,Pune,2024-02-04T13:45:32,13,6,0,13.16545907051744,3,0,0,0,0,7.034705060241105,0.35690451634526393,-0.2588190451025208,-0.9659258262890683,12.766183628206976
TXN322361055,8014.17,QR,SBI,SBI,Mumbai,2024-07-12T17:48:10,17,4,0,33.153289290853465,2,0,0,0,0,8.989091275049537,0.5820442333899308,-0.9659258262890683,-0.25881904510252063,18.261315716341386
TXN458680791,50.0,QR,PNB,SBI,Chennai,2024-05-12T17:14:03,17,6,0,13.877444502124874,3,0,0,0,0,3.9318256327243257,0.5048967525062706,-0.9659258262890683,-0.25881904510252063,13.05097780084995
TXN501177625,50.0,Auto-Pay,Axis,Axis,Lucknow,2024-09-01T16:48:50,16,6,0,30.915153049063516,3,0,0,0,0,3.9318256327243257,0.5048967525062706,-0.8660254037844384,-0.5000000000000004,19.866061219625408
TXN138000706,265.7,P2M,ICICI,Kotak,Mumbai,2024-10-10T16:00:34,16,3,0,30.67844359386869,3,0,0,0,0,5.586124431187969,0.47545825851909934,-0.8660254037844384,-0.5000000000000004,19.77137743754748
TXN846311580,4302.01,P2P,PNB,BOB,Hyderabad,2024-10-30T12:03:43,12,2,0,24.19422808380151,3,0,0,0,0,8.367070056795928,0.07541280158919786,1.2246467991473532e-16,-1.0,17.177691233520605
TXN471028231,3233.29,P2P,SBI,HDFC,Pune,2024-04-07T19:57:12,19,6,0,31.0984940726482,1,0,0,0,0,8.081564708349267,0.07044490491970246,-0.9659258262890684,0.2588190451025203,14.93939762905928
TXN873171638,5264.28,P2P,PNB,Axis,Ahmedabad,2024-04-25T11:37:03,11,3,0,20.28729551400266,2,0,0,0,0,8.56888960454051,0.2067423315337291,0.258819045102521,-0.9659258262890682,13.114918205601064
TXN254741580,144.57,P2M,HDFC,ICICI,Bangalore,2024-09-11T19:07:33,19,2,0,44.10890882881198,1,0,0,0,0,4.980657070576569,0.4919899450126833,-0.9659258262890684,0.2588190451025203,20.14356353152479
TXN808470882,9857.95,P2P,ICICI,PNB,Kolkata,2024-04-09T17:10:19,17,1,0,16.20783698102399,1,0,0,0,0,9.196134951053915,0.8336812590907507,-0.9659258262890683,-0.25881904510252063,8.983134792409597
TXN548494111,40000.0,P2P,HDFC,SBI,Delhi,2024-12-03T01:42:55,1,1,1,98.81099928698964,13,1,1,0,1,10.596659732783579,4.947434424069976,0.25881904510252074,0.9659258262890683,107.02439971479586
TXN519225389,9037.38,P2M,PNB,ICICI,Jaipur,2024-04-25T10:51:05,10,3,0,15.872289713654807,2,0,0,0,0,9.109235233787526,0.7216907861605084,0.49999999999999994,-0.8660254037844387,11.348915885461924
TXN408384909,959.84,QR,BOB,Kotak,Ahmedabad,2024-02-20T08:35:02,8,1,0,11.307352775244423,1,0,0,0,0,6.867807901872543,0.38072281013590437,0.8660254037844387,-0.4999999999999998,7.0229411100977694
TXN301260621,6588.18,P2M,Kotak,BOB,Bangalore,2024-08-13T20:57:20,20,1,0,15.801242293705457,1,0,0,0,0,8.793184188798385,0.3874267181337115,-0.8660254037844386,0.5000000000000001,8.820496917482183
TXN115378762,453.23,QR,Axis,SBI,Hyderabad,2024-03-01T19:05:32,19,4,0,11.84407874921585,3,0,0,0,0,6.11860367768839,0.44986437452552375,-0.9659258262890684,0.2588190451025203,12.23763149968634
TXN208994622,50.0,P2P,BOB,ICICI,Mumbai,2024-02-25T14:49:57,14,6,0,42.67346261813318,2,0,0,0,0,3.9318256327243257,0.5048967525062706,-0.4999999999999997,-0.8660254037844388,22.069385047253274
TXN642598872,468.81,P2P,BOB,HDFC,Chennai,2024-03-18T10:22:28,10,0,0,26.19083662997061,3,0,0,0,0,6.152328357651745,0.44773803360609804,0.49999999999999994,-0.8660254037844387,17.976334651988246
TXN119825663,3370.97,P2P,PNB,BOB,Jaipur,2024-02-28T11:40:12,11,2,0,17.003101380885617,2,0,0,0,0,8.123252422285017,0.05165449299502119,0.258819045102521,-0.9659258262890682,11.801240552354248
TXN793728376,378.73,P2P,ICICI,SBI,Delhi,2024-02-27T15:20:47,15,1,0,17.37108724213779,3,0,0,0,0,5.939460473861186,0.46003205093741184,-0.7071067811865471,-0.7071067811865479,14.448434896855115
TXN891137396,54.24,P2M,BOB,Kotak,Ahmedabad,2024-08-09T20:17:30,20,4,0,13.171855285207522,1,0,0,0,0,4.0116873285410914,0.5043180820635002,-0.8660254037844386,0.5000000000000001,7.768742114083009
TXN324886856,4888.93,P2P,BOB,Axis,Kolkata,2024-11-10T17:33:36,17,6,0,16.709474490657204,3,0,0,0,0,8.494933267438032,0.1555149846719546,-0.9659258262890683,-0.25881904510252063,14.183789796262882
TXN726688473,2617.36,P2P,HDFC,PNB,Jaipur,2024-03-14T17:49:09,17,3,0,28.609814880336835,1,0,0,1,0,7.870303446565548,0.15450634025358498,-0.9659258262890683,-0.25881904510252063,23.943925952134734
TXN341575365,2746.71,P2M,ICICI,PNB,Bangalore,2024-04-07T10:06:38,10,6,0,42.69268972450195,1,0,0,0,0,7.9185231164779335,0.136852797382743,0.49999999999999994,-0.8660254037844387,19.57707588980078
TXN880811310,236.69,P2P,ICICI,BOB,Kolkata,2024-05-03T10:36:21,10,4,0,10.04908287397028,1,0,0,0,0,5.47096730364526,0.4794175107702251,0.49999999999999994,-0.8660254037844387,6.519633149588112
TXN590295903,98.17,P2P,HDFC,Kotak,Bangalore,2024-02-07T13:32:06,13,2,0,14.575282394747362,2,0,0,0,0,4.596835549198034,0.49832256495243643,-0.2588190451025208,-0.9659258262890683,10.830112957898944
TXN177258440,993.76,P2P,PNB,BOB,Jaipur,2024-04-03T19:47:36,19,2,0,34.08766217927075,1,0,0,0,0,6.902501502033589,0.37609344659374006,-0.9659258262890684,0.2588190451025203,16.135064871708302
TXN745775824,136.37,QR,Kotak,BOB,Kolkata,2024-06-19T18:15:04,18,2,0,25.808805680030254,3,0,0,0,0,4.922678015337114,0.49310907181238106,-1.0,-1.8369701987210297e-16,17.823522272012102
TXN368854331,2125.82,Auto-Pay,SBI,SBI,Jaipur,2024-09-28T09:17:13,9,5,0,25.347303702449747,3,0,0,0,0,7.662383185385103,0.22159116795156467,0.7071067811865476,-0.7071067811865475,17.6389214809799
TXN435272377,817.97,P2M,SBI,HDFC,Ahmedabad,2024-10-27T19:38:27,19,6,0,24.723572628293425,3,0,0,0,0,6.708047453145543,0.4000850685594557,-0.9659258262890684,0.2588190451025203,17.38942905131737
TXN909035414,237.57,P2P,HDFC,SBI,Delhi,2024-02-26T18:22:21,18,0,0,25.148054642921114,1,0,0,0,0,5.474662768313607,0.47929740935757464,-1.0,-1.8369701987210297e-16,12.559221857168446
TXN366450316,174.18,P2P,PNB,PNB,Pune,2024-03-03T20:44:33,20,6,0,29.66966420369416,2,0,0,0,0,5.165814016734943,0.48794880543475033,-0.8660254037844386,0.5000000000000001,16.867865681477667
TXN433602531,8175.54,QR,SBI,HDFC,Jaipur,2024-07-26T19:37:22,19,4,0,30.09959420789199,2,0,0,0,0,9.009024357229213,0.6040678299347144,-0.9659258262890684,0.2588190451025203,17.039837683156797
TXN174558046,50000.0,P2P,HDFC,ICICI,Kolkata,2024-04-14T20:29:19,20,6,0,74.48210636209485,6,1,1,0,1,10.819798284210286,6.312223204189186,-0.8660254037844386,0.5000000000000001,64.79284254483794
TXN882711741,5445.58,P2M,Axis,ICICI,Kolkata,2024-05-23T08:52:42,8,3,0,35.28207372941417,1,0,0,0,0,8.602743167746583,0.2314859521172904,0.8660254037844387,-0.4999999999999998,16.61282949176567
TXN207323890,222.35,P2P,HDFC,SBI,Kolkata,2024-09-17T13:57:01,13,1,0,31.79538363538587,1,0,0,0,0,5.408740047798128,0.48137461788091607,-0.2588190451025208,-0.9659258262890683,15.218153454154349
TXN741468669,773.54,P2M,Axis,HDFC,Pune,2024-02-03T11:17:32,11,5,0,16.305114251436933,2,0,0,0,0,6.652269304746673,0.4061488251095253,0.258819045102521,-0.9659258262890682,11.522045700574774
TXN923449213,394.23,QR,ICICI,Axis,Delhi,2024-09-17T13:04:53,13,1,0,36.996796291598365,3,0,0,0,0,5.979467873923798,0.4579166283282271,-0.2588190451025208,-0.9659258262890683,22.298718516639347
TXN397291910,822.05,P2P,ICICI,Axis,Mumbai,2024-07-07T16:43:09,16,6,0,25.387601299865807,2,0,0,0,0,6.713016952173094,0.39952823473716703,-0.8660254037844384,-0.5000000000000004,15.155040519946324
TXN263389995,59.98,QR,Axis,Axis,Bangalore,2024-07-10T09:22:47,9,2,0,33.249620010157535,3,0,0,0,0,4.110545941560109,0.5035346933037117,0.7071067811865476,-0.7071067811865475,20.799848004063016
TXN694047649,438.74,P2M,PNB,Kotak,Jaipur,2024-10-15T12:23:19,12,1,0,10.759644268109845,1,0,0,0,0,6.086183643165814,0.45184195346791645,1.2246467991473532e-16,-1.0,6.803857707243938
TXN964132449,800.74,P2P,PNB,Axis,Delhi,2024-09-26T12:49:27,12,3,0,42.419388699997874,2,0,0,0,0,6.686784365779546,0.40243659962760103,1.2246467991473532e-16,-1.0,21.967755479999152
TXN731190123,475.24,QR,HDFC,PNB,Kolkata,2024-08-31T12:17:29,12,5,0,37.31822015543622,3,0,0,0,0,6.165921928845135,0.4468604744204813,1.2246467991473532e-16,-1.0,22.42728806217449
TXN461433616,1237.32,P2P,PNB,HDFC,Lucknow,2024-08-17T15:49:37,15,5,0,22.413377644381733,3,0,0,0,0,7.121510901265622,0.34285265106515656,-0.7071067811865471,-0.7071067811865479,16.46535105775269
TXN565661650,253.69,P2P,BOB,HDFC,Hyderabad,2024-02-19T16:01:53,16,0,0,30.727506124650564,1,0,0,0,0,5.540047119337926,0.47709736984402246,-0.8660254037844384,-0.5000000000000004,14.791002449860226
TXN762324980,6653.27,P2P,BOB,HDFC,Mumbai,2024-10-12T10:15:33,10,5,0,24.43602463991915,1,0,0,0,0,8.803014032851678,0.3963101283035074,0.49999999999999994,-0.8660254037844387,12.274409855967662
TXN315778748,15000.0,P2P,Kotak,Axis,Bangalore,2024-12-13T13:45:05,13,4,0,83.19162594238082,10,1,1,0,1,9.61587214452889,1.5354624737719493,-0.2588190451025208,-0.9659258262890683,78.27665037695233
TXN544975200,431.74,Collect,HDFC,PNB,Delhi,2024-12-08T15:03:29,15,6,0,21.99095699263418,1,0,0,0,0,6.070137085759284,0.4527973056139999,-0.7071067811865471,-0.7071067811865479,11.296382797053672
TXN429079202,4519.94,P2M,Kotak,BOB,Mumbai,2024-01-01T09:07:28,9,0,0,13.211581682040194,2,0,0,0,0,8.416475215806406,0.10515564347433574,0.7071067811865476,-0.7071067811865475,10.284632672816077
TXN392172644,7831.62,QR,ICICI,ICICI,Jaipur,2024-02-07T10:35:46,10,2,0,22.982935285521783,3,0,0,0,0,8.96605234348779,0.5571300142088546,0.49999999999999994,-0.8660254037844387,16.693174114208716
TXN877832776,513.32,QR,BOB,SBI,Pune,2024-08-05T15:25:15,15,0,0,11.84541074143795,2,0,0,0,0,6.2428456398334315,0.4416633587457874,-0.7071067811865471,-0.7071067811865479,9.738164296575182
TXN360312097,754.93,Auto-Pay,Axis,HDFC,Jaipur,2024-01-07T15:52:03,15,6,0,20.67068665688081,1,0,0,0,0,6.627948779299982,0.4086886970293272,-0.7071067811865471,-0.7071067811865479,10.768274662752324
TXN657918486,628.05,Collect,Kotak,BOB,Jaipur,2024-12-05T19:53:53,19,3,0,29.69214085535859,2,0,0,0,0,6.4442107447971395,0.42600513707147974,-0.9659258262890684,0.2588190451025203,16.876856342143437
TXN503270985,821.59,P2P,BOB,HDFC,Hyderabad,2024-12-09T11:01:12,11,0,0,18.17226474084127,2,0,0,0,0,6.712457899145724,0.3995910150210525,0.258819045102521,-0.9659258262890682,12.26890589633651
TXN992617896,559.24,Auto-Pay,PNB,HDFC,Jaipur,2024-11-26T08:14:47,8,1,0,31.442127272625445,3,0,0,0,0,6.328365263347262,0.43539624866747995,0.8660254037844387,-0.4999999999999998,20.07685090905018
TXN572527836,1922.84,P2M,SBI,SBI,Kolkata,2024-03-17T15:11:13,15,6,0,29.780681683436505,1,0,0,0,0,7.5620784676845005,0.24929365061042444,-0.7071067811865471,-0.7071067811865479,14.412272673374602
TXN759008847,813.31,P2P,PNB,HDFC,Hyderabad,2024-04-25T09:21:15,9,3,0,44.24618908626603,1,0,0,0,0,6.7023411288839885,0.40072106013099124,0.7071067811865476,-0.7071067811865475,20.198475634506412
TXN223342823,6053.58,QR,ICICI,Kotak,Mumbai,2024-09-04T11:06:02,11,2,0,10.625101960536345,3,0,0,0,0,8.708570289419539,0.31446510994853843,0.258819045102521,-0.9659258262890682,11.750040784214537
TXN790415804,376.14,QR,HDFC,ICICI,Kolkata,2024-07-21T13:00:59,13,6,0,29.419264711882025,3,0,0,0,0,5.932616471298776,0.46038553123146275,-0.2588190451025208,-0.9659258262890683,19.26770588475281
TXN442253092,431.99,QR,Kotak,ICICI,Lucknow,2024-05-12T18:07:37,18,6,0,21.724447201124498,1,0,0,0,0,6.070714633047582,0.45276318589449693,-1.0,-1.8369701987210297e-16,11.189778880449799
TXN149751715,488.01,P2P,Kotak,ICICI,Delhi,2024-10-20T10:06:22,10,6,0,19.600191463819947,3,0,0,1,0,6.192382939163526,0.4451176391482692,0.49999999999999994,-0.8660254037844387,25.340076585527978
TXN237504821,1387.06,P2M,Axis,BOB,Chennai,2024-11-05T13:00:35,13,1,0,34.08155553426049,1,0,0,0,0,7.2356623677981675,0.3224163038716515,-0.2588190451025208,-0.9659258262890683,16.132622213704195
TXN407016730,302.27,QR,Axis,PNB,Pune,2024-12-30T18:32:27,18,0,0,22.637646213354273,1,0,0,0,0,5.714623497834076,0.47046722595020335,-1.0,-1.8369701987210297e-16,11.555058485341709
TXN877372052,221.15,QR,Kotak,BOB,Bangalore,2024-11-27T16:28:26,16,2,0,37.20611679850356,3,0,0,0,0,5.403352829381918,0.48153839253453035,-0.8660254037844384,-0.5000000000000004,22.382446719401422
TXN691784302,180.77,P2M,Kotak,Axis,Mumbai,2024-10-15T12:52:36,12,1,0,31.7966417319066,2,0,0,0,0,5.202742151625007,0.4870494096286518,1.2246467991473532e-16,-1.0,17.718656692762643
TXN771619541,875.09,Collect,Kotak,ICICI,Bangalore,2024-05-04T12:51:19,12,5,0,39.55279219245838,3,0,0,0,0,6.775468825385055,0.3922893950474147,1.2246467991473532e-16,-1.0,23.321116876983353
TXN990497297,1005.37,P2P,Kotak,Kotak,Lucknow,2024-09-12T15:02:46,15,3,0,34.4962426574064,1,0,0,0,0,6.914105076280887,0.3745089268200217,-0.7071067811865471,-0.7071067811865479,16.29849706296256
TXN416628388,1539.05,Collect,ICICI,PNB,Delhi,2024-08-24T12:21:16,12,5,0,22.270287898940538,1,0,0,1,0,7.339570162413083,0.30167287920261965,1.2246467991473532e-16,-1.0,21.408115159576216
TXN769820176,345.08,P2M,ICICI,BOB,Kolkata,2024-01-04T19:20:26,19,3,0,18.620177545428525,2,0,0,0,0,5.846669962204748,0.464624565182513,-0.9659258262890684,0.2588190451025203,12.448071018171412
TXN709355597,30000.0,P2P,Axis,Axis,Ahmedabad,2024-01-29T11:39:11,11,0,0,66.76140020132686,7,1,1,1,1,10.308985993422082,3.5826456439507655,0.258819045102521,-0.9659258262890682,74.20456008053074
TXN284656324,259.07,P2P,ICICI,SBI,Bangalore,2024-10-28T14:45:10,14,0,0,42.56967094624504,2,0,0,0,0,5.560950825548659,0.4763631134803183,-0.4999999999999997,-0.8660254037844388,22.027868378498017
TXN163327108,1021.37,P2M,BOB,HDFC,Pune,2024-05-29T11:50:26,11,2,0,25.684580095616873,3,0,0,0,0,6.92987874046976,0.3723252647718309,0.258819045102521,-0.9659258262890682,17.773832038246752
TXN195809238,900.69,QR,PNB,HDFC,Chennai,2024-12-24T16:53:21,16,1,0,38.526904994085996,1,0,0,0,0,6.80427078028134,0.3887955357703095,-0.8660254037844384,-0.5000000000000004,17.9107619976344
TXN246554511,186.92,Auto-Pay,PNB,Kotak,Pune,2024-09-21T14:34:56,14,5,0,10.630883160053482,2,0,0,0,0,5.236016340350657,0.48621006452887844,-0.4999999999999997,-0.8660254037844388,9.252353264021394
TXN994557530,917.32,P2M,PNB,Kotak,Lucknow,2024-05-28T08:31:00,8,1,0,44.031173953147565,2,0,0,1,0,6.822545913757241,0.38652589202897125,0.8660254037844387,-0.4999999999999998,32.61246958125903
TXN438007821,502.36,P2P,Axis,Kotak,Ahmedabad,2024-12-11T09:15:30,9,2,0,35.758374618031226,3,0,0,0,0,6.221305619869913,0.44315916724879806,0.7071067811865476,-0.7071067811865475,21.80334984721249
TXN441639555,365.43,QR,BOB,PNB,Lucknow,2024-01-14T17:09:47,17,6,0,34.1970102321235,2,1,0,0,0,5.903807507177435,0.4618472200149704,-0.9659258262890683,-0.25881904510252063,38.678804092849404
TXN623056428,288.67,P2M,ICICI,BOB,Hyderabad,2024-01-03T16:59:41,16,2,0,36.04976729582344,1,0,0,0,0,5.6687423440109335,0.47232333869116544,-0.8660254037844384,-0.5000000000000004,16.919906918329378
TXN753864995,378.98,Collect,SBI,Kotak,Ahmedabad,2024-06-09T15:29:36,15,6,0,36.659498070308615,1,0,0,0,0,5.940118619756394,0.4599979312179089,-0.7071067811865471,-0.7071067811865479,17.163799228123445
TXN312459223,136.45,P2P,SBI,HDFC,Bangalore,2024-12-26T18:14:37,18,3,0,14.431598378576927,1,1,0,0,0,4.923260214611255,0.49309815350214015,-1.0,-1.8369701987210297e-16,28.272639351430772
TXN495009758,7828.09,P2P,ICICI,Kotak,Lucknow,2024-01-12T08:13:13,8,4,0,22.89083356773969,1,0,0,0,0,8.965601562562876,0.5566482437694725,0.8660254037844387,-0.4999999999999998,11.656333427095877
TXN469656130,1174.54,QR,PNB,Axis,Mumbai,2024-03-28T02:34:59,2,3,1,94.78192757436015,12,0,0,0,1,7.0694828954743425,0.35142079502674495,0.49999999999999994,0.8660254037844387,82.91277102974406
TXN110738475,303.95,P2P,PNB,Axis,Pune,2024-06-03T14:50:27,14,0,0,39.309616309433906,3,0,0,0,0,5.720147828742466,0.47023794143514336,-0.4999999999999997,-0.8660254037844388,23.223846523773563
TXN522551636,9674.88,Collect,ICICI,ICICI,Kolkata,2024-08-25T17:55:48,17,6,0,44.64416638915791,2,0,0,0,0,9.177391469834081,0.8086960708931081,-0.9659258262890683,-0.25881904510252063,22.857666555663165
TXN560102289,35000.0,P2P,ICICI,HDFC,Chennai,2024-10-02T05:38:19,5,2,1,65.2060881126858,12,1,1,0,1,10.463131911491967,4.2650400340103705,0.9659258262890683,0.25881904510252074,91.08243524507432
TXN366851563,50.0,QR,ICICI,ICICI,Pune,2024-05-24T13:10:11,13,4,0,16.534569459540762,1,0,0,0,0,3.9318256327243257,0.5048967525062706,-0.2588190451025208,-0.9659258262890683,9.113827783816305
TXN158256462,589.74,P2P,SBI,SBI,Jaipur,2024-01-16T20:41:31,20,1,0,14.057672873012722,1,0,0,0,0,6.38137598828938,0.4312336428881164,-0.8660254037844386,0.5000000000000001,8.12306914920509
TXN744101298,1793.66,P2M,PNB,Kotak,Chennai,2024-12-04T16:34:03,16,2,0,42.209190929823386,1,0,0,0,0,7.4925708679393015,0.26692399207200435,-0.8660254037844384,-0.5000000000000004,19.383676371929354
TXN618487045,4520.83,QR,Kotak,PNB,Ahmedabad,2024-06-16T18:26:18,18,6,0,39.486757826991465,1,0,0,0,0,8.41667205814628,0.1052771096757664,-1.0,-1.8369701987210297e-16,18.294703130796584
TXN887366486,322.1,P2P,Axis,Kotak,Kolkata,2024-10-08T14:31:46,14,1,0,42.34200603760024,3,0,0,0,0,5.777961872830453,0.46776084979922694,-0.4999999999999997,-0.8660254037844388,24.4368024150401
TXN607248375,642.83,QR,Kotak,SBI,Hyderabad,2024-01-09T08:59:48,8,1,0,22.579833939078597,2,0,0,0,0,6.4674347161015,0.4239879792544635,0.8660254037844387,-0.4999999999999998,14.03193357563144
TXN935150811,50.0,P2P,ICICI,SBI,Ahmedabad,2024-05-18T09:29:03,9,5,0,23.75598903990548,3,0,0,0,0,3.9318256327243257,0.5048967525062706,0.7071067811865476,-0.7071067811865475,17.002395615962193
TXN464176874,7127.13,P2M,SBI,Kotak,Ahmedabad,2024-02-18T17:54:38,17,6,0,17.357998146459583,2,0,0,0,0,8.87180420691924,0.4609820094382363,-0.9659258262890683,-0.25881904510252063,11.943199258583833
TXN717043161,18110.16,P2P,PNB,SBI,Bangalore,2024-02-14T08:25:30,8,2,0,39.89276960576261,2,0,0,0,0,9.80428360183554,1.9599336210095057,0.8660254037844387,-0.4999999999999998,20.957107842305042
TXN468779005,50.0,P2M,HDFC,ICICI,Ahmedabad,2024-04-06T14:30:05,14,5,0,41.68626399316314,2,0,0,0,0,3.9318256327243257,0.5048967525062706,-0.4999999999999997,-0.8660254037844388,21.674505597265256
TXN653765321,7644.44,QR,Kotak,ICICI,Kolkata,2024-08-11T15:53:35,15,6,0,15.835752182804287,3,0,0,0,0,8.941864670663831,0.5315838978225831,-0.7071067811865471,-0.7071067811865479,13.834300873121716
TXN397713732,102.61,P2P,Kotak,SBI,Chennai,2024-02-29T13:23:16,13,3,0,42.31548278944753,3,0,0,0,0,4.640633850263661,0.4977165987340635,-0.2588190451025208,-0.9659258262890683,24.42619311577901
TXN606832010,5241.9,QR,BOB,PNB,Mumbai,2024-06-14T14:58:25,14,4,0,10.96146968795447,2,0,0,0,0,8.564630059340859,0.20368793424382228,-0.4999999999999997,-0.8660254037844388,9.384587875181788
TXN180160523,283.78,Auto-Pay,PNB,ICICI,Delhi,2024-03-02T14:38:52,14,5,0,11.470650694322588,2,1,0,0,0,5.6517169523528485,0.47299072040464374,-0.4999999999999997,-0.8660254037844388,29.588260277729034
TXN134577951,244.12,QR,HDFC,HDFC,Delhi,2024-09-06T20:26:22,20,4,0,19.377314082764254,3,1,0,0,0,5.501747886552226,0.47840347270659656,-0.8660254037844386,0.5000000000000001,35.2509256331057
TXN745510502,539.38,QR,PNB,Axis,Delhi,2024-10-16T09:42:07,9,2,0,44.87437942230975,1,0,0,0,0,6.292272595778669,0.4381067191847967,0.7071067811865476,-0.7071067811865475,20.4497517689239
TXN646143461,56.49,Collect,HDFC,Kotak,Bangalore,2024-03-19T10:29:50,10,1,0,20.821243419149994,3,0,0,0,0,4.0516110196351995,0.5040110045879733,0.49999999999999994,-0.8660254037844387,15.828497367659997
TXN694359260,7966.19,P2P,Kotak,HDFC,Bangalore,2024-04-03T11:57:38,11,2,0,28.206279066448225,2,0,0,0,0,8.983087137470543,0.5754959768229186,0.258819045102521,-0.9659258262890682,16.282511626579293
TXN208481716,100.34,P2P,HDFC,BOB,Chennai,2024-06-21T18:49:23,18,4,0,10.008423441001579,1,0,0,0,0,4.618481200047763,0.4980264057871506,-1.0,-1.8369701987210297e-16,6.503369376400632
TXN415457631,8709.49,P2P,Axis,Axis,Pune,2024-09-08T17:33:37,17,6,0,37.315170977109574,2,0,0,0,0,9.072283325439834,0.6769407268491797,-0.9659258262890683,-0.25881904510252063,19.92606839084383
TXN324069101,9857.59,P2M,Axis,HDFC,Ahmedabad,2024-11-14T09:13:26,9,3,0,33.74141716209421,1,0,0,0,0,9.196098435342519,0.8336321266946664,0.7071067811865476,-0.7071067811865475,15.996566864837684
TXN902618132,9184.98,P2M,ICICI,BOB,Mumbai,2024-05-13T19:31:47,19,0,0,25.70232512005112,1,0,0,0,0,9.125433687657155,0.7418350685550681,-0.9659258262890684,0.2588190451025203,12.78093004802045
TXN519650752,50.0,P2P,Kotak,BOB,Chennai,2024-11-26T18:04:09,18,1,0,20.943107387374248,2,0,0,0,0,3.9318256327243257,0.5048967525062706,-1.0,-1.8369701987210297e-16,13.377242954949699
TXN153698471,265.31,P2P,ICICI,HDFC,Bangalore,2024-03-06T17:33:15,17,2,0,11.818480214399393,3,0,0,0,0,5.584661043748338,0.475511485281524,-0.9659258262890683,-0.25881904510252063,12.227392085759757
TXN116407184,161.2,Collect,Kotak,SBI,Ahmedabad,2024-02-14T20:16:07,20,2,0,14.681994357487623,1,0,0,1,0,5.088830141681313,0.4897203012713451,-0.8660254037844386,0.5000000000000001,18.37279774299505
TXN633354675,7525.76,P2P,ICICI,HDFC,Ahmedabad,2024-08-09T15:47:52,15,4,0,43.51298875125658,3,0,0,0,0,8.926219949312955,0.5153865845801284,-0.7071067811865471,-0.7071067811865479,24.905195500502632
TXN359467733,140.39,P2P,Axis,SBI,Chennai,2024-02-08T14:16:41,14,3,0,38.437924183483375,1,0,0,0,0,4.951522029603749,0.49256042672277317,-0.4999999999999997,-0.8660254037844388,17.87516967339335
TXN270646625,395.16,P2P,BOB,HDFC,Mumbai,2024-04-24T13:04:52,13,2,0,12.096926155830829,2,1,0,0,0,5.981818170056177,0.45778970297167604,-0.2588190451025208,-0.9659258262890683,29.83877046233233
TXN538918242,2430.44,P2M,BOB,BOB,Pune,2024-03-19T10:10:57,10,1,0,38.90722680299638,3,0,0,0,0,7.796238953413532,0.18001697213157328,0.49999999999999994,-0.8660254037844387,23.06289072119855
TXN719390191,2570.49,P2P,ICICI,BOB,Pune,2024-01-07T13:27:04,13,6,0,33.30407896781519,3,0,0,0,0,7.852240776426543,0.16090310526600377,-0.2588190451025208,-0.9659258262890683,20.821631587126078
TXN444996178,1103.43,P2P,HDFC,Axis,Ahmedabad,2024-11-10T16:30:21,16,6,0,20.898171791686334,2,0,0,0,0,7.007084643758051,0.3611258080421727,-0.8660254037844384,-0.5000000000000004,13.359268716674533
TXN608750936,956.38,P2P,PNB,BOB,Mumbai,2024-01-24T16:59:24,16,2,0,24.74341588453914,2,0,0,0,0,6.864200386830038,0.38119502705382563,-0.8660254037844384,-0.5000000000000004,14.897366353815656
TXN374054108,219.83,P2P,SBI,ICICI,Ahmedabad,2024-11-04T15:29:40,15,0,0,26.320006115069226,3,0,0,0,0,5.397393174738724,0.4817185446535061,-0.7071067811865471,-0.7071067811865479,18.028002446027692
TXN419026526,467.91,Auto-Pay,SBI,BOB,Delhi,2024-03-26T17:49:24,17,1,0,32.0839325764985,2,1,0,0,0,6.150410852376984,0.44786086459630875,-0.9659258262890683,-0.25881904510252063,37.833573030599396
TXN372753908,4569.81,QR,Kotak,ICICI,Chennai,2024-10-18T08:05:55,8,4,0,26.19269284902052,1,0,0,0,0,8.427445711070987,0.11196184512079035,0.8660254037844387,-0.4999999999999998,12.977077139608209
TXN634448106,16393.37,QR,ICICI,ICICI,Mumbai,2024-04-10T20:42:00,20,2,0,14.113886747210103,1,0,0,0,0,9.70469326219094,1.7256280480274198,-0.8660254037844386,0.5000000000000001,8.145554698884041
TXN250717894,559.14,P2P,HDFC,HDFC,Kolkata,2024-08-06T12:28:25,12,1,0,37.77458687821761,1,0,0,0,0,6.328186752484402,0.4354098965552812,1.2246467991473532e-16,-1.0,17.609834751287046
TXN519470849,50.0,P2M,Axis,HDFC,Ahmedabad,2024-10-25T09:22:12,9,4,0,14.061871078459912,2,0,0,0,0,3.9318256327243257,0.5048967525062706,0.7071067811865476,-0.7071067811865475,10.624748431383965
TXN725668400,77.07,QR,HDFC,SBI,Pune,2024-11-15T20:28:38,20,4,0,24.674508140810772,1,0,0,0,0,4.3576058601322,0.501202269278488,-0.8660254037844386,0.5000000000000001,12.36980325632431
TXN563427624,65.87,P2P,SBI,BOB,Kolkata,2024-10-02T19:17:33,19,2,0,34.08819025502687,2,0,0,0,0,4.202750436065887,0.5027308327122215,-0.9659258262890684,0.2588190451025203,18.63527610201075
TXN831021817,8708.71,Auto-Pay,Axis,Kotak,Lucknow,2024-12-10T12:26:10,12,1,0,43.13862713840547,2,0,0,0,0,9.07219377422911,0.6768342733243303,1.2246467991473532e-16,-1.0,22.255450855362188
TXN527744862,121.03,QR,ICICI,SBI,Jaipur,2024-05-17T17:39:52,17,4,0,41.463288531194024,2,0,0,0,0,4.804266916143749,0.4952026578010839,-0.9659258262890683,-0.25881904510252063,21.58531541247761
TXN514230637,604.66,Auto-Pay,Kotak,Axis,Pune,2024-06-16T15:17:29,15,6,0,27.21436865233192,2,0,0,0,0,6.406318772512832,0.42919737802817853,-0.7071067811865471,-0.7071067811865479,15.88574746093277
TXN860063938,138.58,Collect,BOB,Kotak,Ahmedabad,2024-07-03T13:57:31,13,2,0,37.08625986424695,2,0,0,0,0,4.938637913589005,0.4928074534919747,-0.2588190451025208,-0.9659258262890683,19.834503945698778
TXN483495588,15659.77,P2P,BOB,HDFC,Delhi,2024-04-09T09:14:50,9,1,0,42.55598379034486,1,0,0,1,0,9.658914138195511,1.6255071431178747,0.7071067811865476,-0.7071067811865475,29.522393516137946
TXN190362138,20000.0,QR,BOB,ICICI,Jaipur,2024-03-01T04:03:43,4,4,1,73.69723232877303,12,0,1,1,1,9.90353755128617,2.2178568638315546,0.8660254037844386,0.5000000000000001,84.47889293150921
TXN312041176,10000.0,P2P,ICICI,BOB,Chennai,2024-01-20T23:36:43,23,5,1,84.15916917258,15,1,1,0,1,9.210440366976517,0.853068083712344,-0.25881904510252157,0.9659258262890681,106.16366766903201
TXN746802193,3705.32,Collect,Kotak,Axis,Lucknow,2024-04-18T10:53:44,10,3,0,18.393408469910845,3,0,0,0,0,8.217794749582856,0.006022780131735328,0.49999999999999994,-0.8660254037844387,14.857363387964337
TXN199010946,4013.45,P2P,HDFC,ICICI,Mumbai,2024-09-11T17:21:37,17,2,0,26.873320353132176,3,0,0,0,0,8.297655630696012,0.03603045655007787,-0.9659258262890683,-0.25881904510252063,18.24932814125287
TXN486895344,270.6,P2P,SBI,SBI,Lucknow,2024-08-22T14:06:11,14,3,0,14.177474505010816,1,1,0,0,0,5.604330395684541,0.4747895120168409,-0.4999999999999997,-0.8660254037844388,28.17098980200433
TXN706882363,6720.77,Auto-Pay,HDFC,ICICI,Chennai,2024-10-30T14:27:19,14,2,0,30.32766962605614,3,1,0,0,0,8.81310679169253,0.4055224525693121,-0.4999999999999997,-0.8660254037844388,39.631067850422454
TXN102678568,56.22,P2M,SBI,PNB,Lucknow,2024-02-05T11:01:38,11,0,0,37.898391377496004,3,0,0,0,0,4.0469034876219645,0.5040478538850366,0.258819045102521,-0.9659258262890682,22.659356550998403
TXN965397929,1345.79,QR,HDFC,Axis,Hyderabad,2024-03-03T19:50:47,19,6,0,30.188358170742898,3,0,0,0,0,7.205479262251929,0.3280487871672035,-0.9659258262890684,0.2588190451025203,19.57534326829716
TXN276617203,677.56,P2M,Axis,Kotak,Ahmedabad,2024-11-14T16:09:12,16,3,0,11.3965819890081,1,0,0,0,0,6.519972905726281,0.4192480678211095,-0.8660254037844384,-0.5000000000000004,7.05863279560324
TXN813789471,5431.81,P2P,PNB,Axis,Ahmedabad,2024-02-07T15:01:11,15,2,0,12.877440474374229,1,0,0,0,0,8.600211774469365,0.22960663796706632,-0.7071067811865471,-0.7071067811865479,7.6509761897496915
TXN811015024,1646.26,P2P,PNB,Kotak,Chennai,2024-11-24T14:43:34,14,6,0,31.938939604244855,3,0,0,0,0,7.406868580499436,0.28704097869096157,-0.4999999999999997,-0.8660254037844388,20.275575841697943
TXN511768937,797.53,QR,Axis,HDFC,Ahmedabad,2024-07-29T08:06:59,8,0,0,35.22394875949603,2,0,0,0,0,6.682772537393899,0.4028746968260193,0.8660254037844387,-0.4999999999999998,19.08957950379841
TXN153835380,50.0,P2P,BOB,BOB,Mumbai,2024-12-20T19:16:04,19,4,0,35.633132706051256,3,0,0,0,0,3.9318256327243257,0.5048967525062706,-0.9659258262890684,0.2588190451025203,21.753253082420503
TXN194811975,50.0,P2M,PNB,ICICI,Jaipur,2024-02-23T20:02:11,20,4,0,32.70810763885956,2,0,0,1,0,3.9318256327243257,0.5048967525062706,-0.8660254037844386,0.5000000000000001,28.083243055543825
TXN766390821,1635.0,P2M,ICICI,Axis,Bangalore,2024-04-18T19:34:05,19,3,0,11.941937972376872,1,0,0,0,0,7.400009517162692,0.28857773085737576,-0.9659258262890684,0.2588190451025203,7.276775188950749
TXN941231896,58.99,P2P,SBI,SBI,Chennai,2024-05-28T12:53:35,12,1,0,11.383211844014816,2,0,0,0,0,4.094177881665002,0.5036698073929435,1.2246467991473532e-16,-1.0,9.553284737605928
TXN677276667,68.16,QR,BOB,ICICI,Pune,2024-05-08T18:42:24,18,2,0,17.291681052696127,3,0,0,0,0,4.23642266081509,0.5024182960815742,-1.0,-1.8369701987210297e-16,14.416672421078452
TXN335588602,887.58,P2P,ICICI,Axis,Delhi,2024-01-06T08:21:50,8,5,0,44.479447424887496,1,0,0,0,0,6.7896246829336375,0.39058477386104584,0.8660254037844387,-0.4999999999999998,20.291778969955
TXN973527152,30000.0,P2P,SBI,PNB,Bangalore,2024-11-21T06:47:12,6,3,0,98.91463666103579,15,1,1,1,1,10.308985993422082,3.5826456439507655,1.0,6.123233995736766e-17,107.06585466441432
TXN724546178,1339.68,P2P,BOB,Kotak,Mumbai,2024-05-01T09:55:43,9,2,0,39.97641698628004,3,0,0,0,0,7.200932226915879,0.3288826731118563,0.7071067811865476,-0.7071067811865475,23.49056679451202
TXN701800096,1695.24,QR,Kotak,Axis,Bangalore,2024-12-29T09:48:45,9,6,0,29.001915274736877,2,0,0,0,0,7.436169315774295,0.2803562432459376,0.7071067811865476,-0.7071067811865475,16.60076610989475
TXN452875522,823.27,QR,Kotak,HDFC,Jaipur,2024-12-24T19:09:01,19,1,0,44.506299796570886,1,0,0,0,0,6.7144981461403255,0.3993617305059925,-0.9659258262890684,0.2588190451025203,20.302519918628356
TXN503739430,6083.82,QR,BOB,PNB,Pune,2024-04-26T15:39:29,15,4,0,33.7773998284124,2,0,0,0,0,8.713552424047373,0.3185922312196189,-0.7071067811865471,-0.7071067811865479,18.510959931364958
TXN445853730,4867.4,Auto-Pay,Axis,Axis,Jaipur,2024-07-05T12:24:51,12,4,0,36.56348279240593,3,0,0,0,0,8.490520620000401,0.15257659442835783,1.2246467991473532e-16,-1.0,22.12539311696237
TXN955460321,205.07,P2M,Kotak,SBI,Ahmedabad,2024-12-30T18:08:03,18,0,0,32.39702306086571,2,0,0,0,0,5.3282159168939,0.4837329728929621,-1.0,-1.8369701987210297e-16,17.958809224346286
TXN802026059,96.33,QR,Kotak,Kotak,Pune,2024-10-30T09:19:29,9,2,0,13.221003995627601,1,0,0,0,0,4.578107266438402,0.49857368608797836,0.7071067811865476,-0.7071067811865475,7.788401598251041
TXN738989394,9591.06,QR,Kotak,Kotak,Kolkata,2024-09-19T20:33:40,20,3,0,30.99419412165492,3,0,0,0,0,9.168690951900464,0.797256411338149,-0.8660254037844386,0.5000000000000001,19.89767764866197
TXN774937435,5736.94,P2M,SBI,Kotak,Hyderabad,2024-12-05T20:46:04,20,3,0,28.18470640422574,1,0,0,0,0,8.65485553988155,0.27125043801484366,-0.8660254037844386,0.5000000000000001,13.773882561690296
TXN469358868,166.94,QR,ICICI,HDFC,Ahmedabad,2024-10-21T17:50:50,17,0,0,24.18585640800102,2,0,0,0,0,5.1236067727554175,0.48893691251155663,-0.9659258262890683,-0.25881904510252063,14.674342563200408
TXN451655662,25000.0,QR,ICICI,PNB,Bangalore,2024-11-11T23:05:41,23,0,1,70.9344491184177,12,0,1,0,1,10.12667110305036,2.90025125389116,-0.25881904510252157,0.9659258262890681,73.37377964736709
TXN646209131,195.94,P2M,HDFC,Kotak,Chennai,2024-11-04T17:19:27,17,0,0,34.186061792622894,2,0,0,0,0,5.282899113819656,0.4849790250492109,-0.9659258262890683,-0.25881904510252063,18.674424717049156
TXN761274840,1877.03,P2P,SBI,BOB,Chennai,2024-05-12T20:18:12,20,6,0,27.186864909829534,1,0,0,0,0,7.5379786340815125,0.2555457480121505,-0.8660254037844386,0.5000000000000001,13.374745963931815
TXN680483900,643.58,Collect,SBI,Kotak,Delhi,2024-11-05T10:32:30,10,1,0,21.42047746615294,2,0,0,0,0,6.468598941906506,0.4238856200959546,0.49999999999999994,-0.8660254037844387,13.568190986461175
TXN776550559,40000.0,QR,HDFC,Kotak,Mumbai,2024-04-01T23:34:24,23,0,1,78.3100437792036,16,1,1,0,1,10.596659732783579,4.947434424069976,-0.25881904510252157,0.9659258262890681,106.32401751168143
TXN488139397,450.07,P2P,SBI,Kotak,Jaipur,2024-12-14T17:17:31,17,5,0,22.608187158014978,3,0,0,0,0,6.111622538101768,0.4502956477800414,-0.9659258262890683,-0.25881904510252063,16.543274863205994
TXN960840830,77.52,P2P,Kotak,SBI,Bangalore,2024-01-30T14:52:12,14,1,0,23.47709352154694,3,0,0,0,0,4.3633533694082605,0.5011408537833826,-0.4999999999999997,-0.8660254037844388,16.89083740861878
TXN390597516,745.91,P2M,BOB,BOB,Chennai,2024-05-04T17:17:51,17,5,0,21.67874823542988,2,0,0,0,0,6.615944695946576,0.4099197365089947,-0.9659258262890683,-0.25881904510252063,13.671499294171952
TXN873741581,178.1,QR,PNB,SBI,Hyderabad,2024-02-06T17:03:36,17,1,0,22.89253865486692,1,1,0,0,0,5.187944309066666,0.4874138082329436,-0.9659258262890683,-0.25881904510252063,31.65701546194677
TXN666204393,454.12,P2P,HDFC,Kotak,Hyderabad,2024-07-14T18:02:11,18,6,0,44.07106439512167,1,0,0,0,0,6.1205611204423915,0.44974290832409314,-1.0,-1.8369701987210297e-16,20.128425758048667
TXN356480254,598.25,P2M,BOB,Kotak,Chennai,2024-12-13T13:46:58,13,4,0,32.47625620821751,1,0,0,0,0,6.395678873314494,0.43007220763623494,-0.2588190451025208,-0.9659258262890683,15.490502483287003
TXN425439007,25000.0,P2P,SBI,Axis,Bangalore,2024-03-21T20:01:40,20,3,0,81.10310428916443,6,0,1,1,1,10.12667110305036,2.90025125389116,-0.8660254037844386,0.5000000000000001,57.441241715665775
TXN199045841,17807.25,QR,SBI,PNB,Jaipur,2024-05-08T08:02:52,8,2,0,22.414631534347315,1,0,0,0,0,9.787417112051108,1.9185928040709148,0.8660254037844387,-0.4999999999999998,11.465852613738926
TXN340170749,6263.01,Auto-Pay,ICICI,Axis,Kolkata,2024-10-24T10:37:57,10,3,0,41.05557370144285,2,0,0,1,0,8.742575834093374,0.34304788137057507,0.49999999999999994,-0.8660254037844387,31.42222948057714
TXN724516508,617.74,P2P,ICICI,Axis,Chennai,2024-02-22T00:46:13,0,3,1,75.66621309076848,10,1,0,1,1,6.427685152136138,0.42741223430378256,0.0,1.0,100.26648523630739
TXN741706769,131.91,P2M,Kotak,Kotak,Bangalore,2024-10-02T20:46:23,20,2,0,30.289753368426275,1,0,0,0,0,4.889672207433241,0.49371776760831426,-0.8660254037844386,0.5000000000000001,14.61590134737051
TXN780517819,1628.03,Collect,Axis,ICICI,Jaipur,2024-07-03T16:18:25,16,2,0,26.31026420712491,3,0,0,0,0,7.39574002463873,0.28952898863711884,-0.8660254037844384,-0.5000000000000004,18.024105682849964
TXN780396099,153.19,P2P,SBI,Axis,Mumbai,2024-08-11T08:27:36,8,6,0,28.55669671145631,1,0,0,0,0,5.038185608183261,0.4908134970842205,0.8660254037844387,-0.4999999999999998,13.922678684582525
TXN351688867,601.56,QR,BOB,SBI,Pune,2024-03-17T17:12:53,17,6,0,26.248049741846863,1,0,0,0,0,6.401187245468788,0.4296204625500155,-0.9659258262890683,-0.25881904510252063,12.999219896738746
TXN181428039,17093.46,P2M,PNB,PNB,Jaipur,2024-03-16T20:02:21,20,5,0,10.102236141747671,1,0,0,1,0,9.746509713390806,1.8211755457347856,-0.8660254037844386,0.5000000000000001,16.540894456699068
TXN487033118,862.95,P2P,Axis,BOB,Bangalore,2024-02-21T10:18:58,10,2,0,35.72362397371474,1,0,0,0,0,6.761514896759131,0.3939462486264794,0.49999999999999994,-0.8660254037844387,16.789449589485898
TXN713627346,527.76,Auto-Pay,SBI,ICICI,Chennai,2024-04-27T09:11:34,9,5,0,44.06467908736872,3,0,0,0,0,6.2705346427111985,0.4396926037472953,0.7071067811865476,-0.7071067811865475,25.125871634947487
TXN356751272,447.57,P2M,ICICI,ICICI,Jaipur,2024-10-19T19:27:30,19,5,0,20.00746458788959,1,0,0,0,0,6.106064745128538,0.45063684497507117,-0.9659258262890684,0.2588190451025203,10.502985835155837
TXN620040055,6389.9,P2P,ICICI,SBI,Bangalore,2024-01-04T12:14:37,12,3,0,19.54000842964451,2,0,0,0,0,8.762630382524268,0.36036568620150766,1.2246467991473532e-16,-1.0,12.816003371857803
TXN278206192,2072.62,P2P,Kotak,Kotak,Lucknow,2024-01-29T18:32:44,18,0,0,39.55863344419151,1,0,0,0,0,7.6370511511731705,0.2288518442617989,-1.0,-1.8369701987210297e-16,18.323453377676604
TXN240625592,302.75,P2M,ICICI,PNB,Kolkata,2024-07-26T14:28:12,14,4,0,30.72971818657047,1,0,0,1,0,5.716204994654758,0.47040171608875764,-0.4999999999999997,-0.8660254037844388,24.791887274628188
TXN626064910,561.09,P2M,ICICI,SBI,Delhi,2024-06-15T18:45:48,18,5,0,17.950585007365667,3,0,0,0,0,6.331661979421028,0.4351437627431579,-1.0,-1.8369701987210297e-16,14.680234002946268
TXN966757051,286.53,QR,Kotak,ICICI,Jaipur,2024-08-13T18:13:35,18,1,0,28.270050755321897,3,0,0,0,0,5.661327202619637,0.47261540349011094,-1.0,-1.8369701987210297e-16,18.80802030212876
TXN977830457,588.35,Collect,BOB,HDFC,Mumbai,2024-09-05T14:49:23,14,3,0,29.53486845772067,1,0,0,0,0,6.379020234672579,0.43142334852855296,-0.4999999999999997,-0.8660254037844388,14.31394738308827
TXN199798979,58.78,QR,BOB,HDFC,Jaipur,2024-11-30T20:55:43,20,5,0,12.15841964151512,3,0,0,0,0,4.090671156855792,0.503698467957326,-0.8660254037844386,0.5000000000000001,12.363367856606049
TXN409680728,386.86,P2P,ICICI,ICICI,Chennai,2024-09-04T10:07:43,10,2,0,43.75668288652841,2,0,0,0,0,5.960644449768095,0.45892247765917493,0.49999999999999994,-0.8660254037844387,22.502673154611365
TXN859506122,6334.53,P2P,Axis,ICICI,Hyderabad,2024-12-07T10:59:28,10,5,0,24.285740031490125,3,0,0,0,0,8.753928751449912,0.3528088507259876,0.49999999999999994,-0.8660254037844387,17.21429601259605
TXN156691685,1142.2,P2P,ICICI,Kotak,Mumbai,2024-10-07T11:20:03,11,0,0,33.94340899666992,3,0,0,0,0,7.041586626615658,0.35583452194165044,0.258819045102521,-0.9659258262890682,21.077363598667972
TXN751486692,8069.1,QR,BOB,ICICI,Delhi,2024-01-07T12:50:24,12,6,0,34.55106918030462,3,0,0,0,0,8.99592115276095,0.5895410181591257,1.2246467991473532e-16,-1.0,21.320427672121852
TXN288994622,541.64,Auto-Pay,ICICI,BOB,Kolkata,2024-05-15T20:32:09,20,2,0,30.96750286173342,3,0,0,0,0,6.296446116637824,0.43779827692048984,-0.8660254037844386,0.5000000000000001,19.887001144693368
TXN300326389,410.49,P2P,BOB,HDFC,Delhi,2024-11-05T08:25:23,8,1,0,29.933912655995524,1,0,0,0,0,6.019784718485269,0.45569748177175323,0.8660254037844387,-0.4999999999999998,14.47356506239821
TXN468850414,772.72,P2P,SBI,Axis,Hyderabad,2024-10-04T09:46:00,9,4,0,38.59615595271176,3,0,0,0,0,6.651210051033897,0.4062607377894951,0.7071067811865476,-0.7071067811865475,22.938462381084705
TXN631844632,50.0,P2M,Axis,BOB,Hyderabad,2024-07-04T12:37:55,12,3,0,14.11611472635301,3,0,0,0,0,3.9318256327243257,0.5048967525062706,1.2246467991473532e-16,-1.0,13.146445890541205
TXN572988088,1556.39,Auto-Pay,SBI,PNB,Delhi,2024-06-17T18:25:58,18,0,0,30.320501469963425,1,0,0,0,0,7.350766622164264,0.2993063354578929,-1.0,-1.8369701987210297e-16,14.62820058798537
TXN886863146,1750.31,QR,SBI,HDFC,Delhi,2024-11-06T06:23:07,6,2,0,81.52662016337027,14,1,0,1,1,7.468119358306284,0.2728403514338212,1.0,6.123233995736766e-17,97.6106480653481
TXN459507984,8891.44,P2P,ICICI,ICICI,Mumbai,2024-12-06T08:26:27,8,4,0,18.222866592678386,2,0,0,0,0,9.092956756540922,0.7017730587034489,0.8660254037844387,-0.4999999999999998,12.289146637071354
TXN908197021,4109.36,QR,BOB,Axis,Lucknow,2024-12-16T15:50:36,15,0,0,29.51245658879816,2,0,0,0,0,8.321265894895268,0.049120145740201196,-0.7071067811865471,-0.7071067811865479,16.804982635519266
TXN534318588,62.25,QR,PNB,Kotak,Ahmedabad,2024-08-02T20:42:10,20,4,0,12.546705222746773,2,0,0,0,0,4.1470951276076295,0.5032248862506247,-0.8660254037844386,0.5000000000000001,10.01868208909871
TXN294300781,50.0,P2P,PNB,BOB,Kolkata,2024-07-15T18:26:23,18,0,0,10.68023043138057,3,1,0,0,0,3.9318256327243257,0.5048967525062706,-1.0,-1.8369701987210297e-16,31.772092172552227
TXN666647756,773.52,P2M,PNB,PNB,Bangalore,2024-09-06T20:54:23,20,4,0,42.240149815714155,2,0,0,0,0,6.652243482635197,0.4061515546870855,-0.8660254037844386,0.5000000000000001,21.896059926285663
TXN572148399,6279.11,QR,BOB,PNB,Lucknow,2024-04-16T20:39:20,20,1,0,35.045342084374326,3,0,0,0,0,8.74514277523241,0.34524519130656695,-0.8660254037844386,0.5000000000000001,21.51813683374973
TXN737277257,7886.71,P2M,BOB,Axis,Pune,2024-05-20T17:43:23,17,0,0,11.723554049290119,1,0,0,0,0,8.973061130900751,0.5646486355985313,-0.9659258262890683,-0.25881904510252063,7.189421619716048
TXN884023050,321.38,P2P,ICICI,ICICI,Kolkata,2024-07-29T14:50:11,14,0,0,18.83091744743905,2,0,0,0,0,5.775730973968785,0.4678591145913955,-0.4999999999999997,-0.8660254037844388,12.53236697897562
TXN173266498,50000.0,QR,SBI,SBI,Pune,2024-12-29T06:26:24,6,6,0,88.71605338182286,12,1,1,1,1,10.819798284210286,6.312223204189186,1.0,6.123233995736766e-17,95.48642135272914
TXN108527870,7524.45,P2P,BOB,BOB,Pune,2024-07-29T11:10:10,11,0,0,27.046876639878683,2,0,0,0,0,8.92604588849354,0.5152077972499327,0.258819045102521,-0.9659258262890682,15.818750655951474
TXN947032862,400.71,P2M,HDFC,Kotak,Hyderabad,2024-08-03T11:49:11,11,5,0,38.382781603559025,3,0,0,0,0,5.995730435255033,0.45703224519870983,0.258819045102521,-0.9659258262890682,22.85311264142361
TXN544381158,77.07,P2M,SBI,HDFC,Chennai,2024-09-09T18:23:01,18,0,0,25.18608169699178,3,0,0,0,0,4.3576058601322,0.501202269278488,-1.0,-1.8369701987210297e-16,17.57443267879671
TXN440984427,96.85,QR,ICICI,Kotak,Mumbai,2024-12-22T16:17:18,16,6,0,34.44089050296505,3,0,0,0,0,4.583435693842085,0.4985027170714122,-0.8660254037844384,-0.5000000000000004,21.27635620118602
TXN164918144,643.47,P2M,HDFC,ICICI,Hyderabad,2024-06-03T15:30:06,15,0,0,18.96772786622436,1,0,0,0,0,6.468428273584459,0.4239006327725359,-0.7071067811865471,-0.7071067811865479,10.087091146489744
TXN230391948,1043.29,P2M,BOB,ICICI,Lucknow,2024-03-28T15:22:32,15,3,0,25.55349907439803,3,0,0,0,0,6.951092507647258,0.3693336477658096,-0.7071067811865471,-0.7071067811865479,17.721399629759212
TXN401268982,98.03,P2P,BOB,Axis,Ahmedabad,2024-11-27T18:26:16,18,2,0,29.408894904783732,3,0,0,0,0,4.5954228345332115,0.49834167199535806,-1.0,-1.8369701987210297e-16,19.26355796191349
TXN367396606,1124.07,P2M,PNB,HDFC,Chennai,2024-07-08T14:31:39,14,0,0,23.605422175679134,1,0,0,0,0,7.025600534925021,0.3583088840000066,-0.4999999999999997,-0.8660254037844388,11.942168870271654
TXN829087215,70.52,P2P,BOB,ICICI,Kolkata,2024-12-03T11:26:46,11,1,0,39.04565992426534,2,1,0,0,0,4.269977130865259,0.502096205929466,0.258819045102521,-0.9659258262890682,40.618263969706135
TXN153387776,220.87,P2P,PNB,PNB,Delhi,2024-07-08T14:45:10,14,0,0,15.955381303588407,2,0,0,0,0,5.402091624764491,0.4815766066203737,-0.4999999999999997,-0.8660254037844388,11.382152521435362
TXN544736241,1189.73,P2P,ICICI,BOB,Mumbai,2024-03-17T15:47:01,15,6,0,23.707118458383597,2,0,0,0,0,7.082321843403024,0.3493476808697439,-0.7071067811865471,-0.7071067811865479,14.48284738335344
TXN397455295,317.26,P2M,SBI,Axis,Lucknow,2024-03-08T11:27:13,11,4,0,42.599361472757096,1,0,0,0,0,5.762868658782038,0.4684214075688047,0.258819045102521,-0.9659258262890682,19.53974458910284
TXN608929286,325.39,QR,SBI,Axis,Delhi,2024-11-24T11:47:58,11,6,0,34.830676623336345,1,0,0,0,0,5.7880929853657195,0.4673118342905678,0.258819045102521,-0.9659258262890682,16.43227064933454
TXN965375015,6927.88,Auto-Pay,BOB,Kotak,Bangalore,2024-04-27T15:20:05,15,5,0,38.55918329633789,3,0,0,1,0,8.843453462961033,0.433788592994361,-0.7071067811865471,-0.7071067811865479,32.92367331853516
TXN491401692,757.9,P2P,ICICI,BOB,Jaipur,2024-02-09T12:20:13,12,4,0,22.75239834498812,2,0,0,0,0,6.631870016409867,0.40828335476163174,1.2246467991473532e-16,-1.0,14.100959337995247
TXN508521537,91.58,QR,ICICI,HDFC,Lucknow,2024-06-10T09:13:21,9,0,0,16.743623886651477,2,0,0,0,0,4.528073135603124,0.49922196075853503,0.7071067811865476,-0.7071067811865475,11.69744955466059
TXN644104558,111.18,P2P,BOB,PNB,Bangalore,2024-06-07T19:45:36,19,4,0,36.50907694158596,2,0,0,0,0,4.7201047240801906,0.4965469747495014,-0.9659258262890684,0.2588190451025203,19.603630776634382
TXN503639459,1374.39,P2P,Kotak,SBI,Chennai,2024-05-26T10:35:42,10,6,0,36.277658091292565,3,0,0,0,0,7.2264926062471195,0.32414549125606257,0.49999999999999994,-0.8660254037844387,22.011063236517025
TXN281890636,437.0,Collect,Axis,PNB,Mumbai,2024-07-10T13:15:27,13,2,0,16.085925102385687,2,0,0,0,0,6.082218910376446,0.4520794267156572,-0.2588190451025208,-0.9659258262890683,11.434370040954274
TXN562555077,7516.04,Auto-Pay,Axis,PNB,Hyderabad,2024-12-17T08:06:18,8,1,0,44.12357979272126,2,0,0,0,0,8.924927722435095,0.5140600098858525,0.8660254037844387,-0.4999999999999998,22.649431917088503
TXN299461386,581.4,P2M,Kotak,HDFC,Mumbai,2024-08-02T20:14:58,20,4,0,20.841785995001622,1,0,0,0,0,6.367157496882476,0.4323718767307358,-0.8660254037844386,0.5000000000000001,10.83671439800065
TXN723361876,488.29,P2P,Kotak,SBI,Chennai,2024-09-29T10:59:17,10,6,0,29.005860438518212,3,0,0,0,0,6.192955360726739,0.4450794250624258,0.49999999999999994,-0.8660254037844387,19.102344175407286
TXN586825695,99.74,Auto-Pay,ICICI,SBI,Mumbai,2024-11-23T19:30:54,19,5,0,16.365709924399567,3,0,0,0,0,4.612542940317504,0.49810829311395777,-0.9659258262890684,0.2588190451025203,14.046283969759827
TXN445380800,87.47,Auto-Pay,Axis,BOB,Jaipur,2024-10-14T20:44:20,20,0,0,12.4440452040804,2,0,0,0,0,4.482663511495295,0.499782888947164,-0.8660254037844386,0.5000000000000001,9.97761808163216
TXN193559378,1192.18,P2P,Kotak,Kotak,Jaipur,2024-02-25T20:46:27,20,6,0,37.18112116922215,3,0,0,0,0,7.084377290850769,0.3490133076186147,-0.8660254037844386,0.5000000000000001,22.372448467688862
TXN670268212,6364.24,P2M,HDFC,ICICI,Kolkata,2024-11-26T10:27:10,10,1,0,39.69647184592968,3,0,0,0,0,8.758607216486459,0.3568636381917218,0.49999999999999994,-0.8660254037844387,23.378588738371874
TXN543519819,671.36,Auto-Pay,Kotak,ICICI,Ahmedabad,2024-03-13T18:47:01,18,2,0,20.372516472965096,1,0,0,0,0,6.510793911365194,0.42009423686478337,-1.0,-1.8369701987210297e-16,10.649006589186039
TXN134546582,619.58,P2M,PNB,PNB,Pune,2024-08-03T14:19:32,14,5,0,26.70041983112466,2,0,0,0,0,6.4306545246177675,0.4271611131682407,-0.4999999999999997,-0.8660254037844388,15.680167932449864
TXN303824070,25000.0,P2P,PNB,Axis,Delhi,2024-12-28T00:52:40,0,5,1,91.29987045570871,16,0,1,1,1,10.12667110305036,2.90025125389116,0.0,1.0,101.51994818228349
TXN664978786,1231.62,P2M,ICICI,BOB,Pune,2024-09-29T14:28:57,14,6,0,15.230269048140297,1,0,0,0,0,7.116897264260532,0.3436305806698245,-0.4999999999999997,-0.8660254037844388,8.592107619256119
TXN530551414,707.93,QR,SBI,PNB,Bangalore,2024-08-24T15:47:46,15,5,0,31.085730468830572,2,0,0,0,0,6.5637567910514525,0.4151032042958875,-0.7071067811865471,-0.7071067811865479,17.43429218753223
TXN938665113,7888.17,P2P,BOB,SBI,Lucknow,2024-03-09T09:27:34,9,5,0,23.886282402986062,1,0,0,0,0,8.973246211855182,0.5648478947604287,0.7071067811865476,-0.7071067811865475,12.054512961194424
TXN952229550,116.49,P2M,Axis,Kotak,Ahmedabad,2024-02-28T19:32:36,19,2,0,12.729785324329317,1,0,0,0,0,4.766353223579481,0.4958222719072581,-0.9659258262890684,0.2588190451025203,7.591914129731727
TXN144299238,93.64,P2P,Axis,BOB,Mumbai,2024-09-20T12:31:04,12,4,0,37.234720953853184,2,0,0,0,0,4.550080219670131,0.49894081426983045,1.2246467991473532e-16,-1.0,19.893888381541274
TXN457588198,173.02,P2M,SBI,SBI,Jaipur,2024-10-16T14:02:07,14,2,0,17.674588667335648,1,0,0,0,0,5.1591702351378785,0.48810712093324415,-0.4999999999999997,-0.8660254037844388,9.56983546693426
TXN167977453,625.35,P2M,SBI,HDFC,Pune,2024-07-17T10:20:33,10,2,0,27.89461906271672,2,0,0,0,0,6.439909320290201,0.4263736300421119,0.49999999999999994,-0.8660254037844387,16.15784762508669
TXN766136586,386.43,P2P,BOB,HDFC,Kolkata,2024-08-07T19:31:38,19,2,0,22.229251641808315,3,0,0,0,0,5.959535187313809,0.4589811635767201,-0.9659258262890684,0.2588190451025203,16.391700656723327
TXN945330888,96.42,QR,BOB,BOB,Ahmedabad,2024-04-30T19:54:26,19,1,0,23.287755033733795,3,0,0,0,0,4.579031528378397,0.4985614029889573,-0.9659258262890684,0.2588190451025203,16.81510201349352
TXN384177329,565.66,P2P,Kotak,ICICI,Kolkata,2024-09-29T08:31:57,8,6,0,13.064203240972322,1,0,0,0,0,6.3397594766011105,0.4345200542706435,0.8660254037844387,-0.4999999999999998,7.725681296388929
TXN568214776,9712.66,P2P,ICICI,BOB,Pune,2024-10-12T17:48:30,17,5,0,10.161019100405955,2,0,0,0,0,9.181288421263698,0.8138522429043986,-0.9659258262890683,-0.25881904510252063,9.064407640162383
TXN141121294,195.22,P2M,SBI,Kotak,Jaipur,2024-05-30T16:08:26,16,3,0,21.99363720733705,3,0,0,0,0,5.279236478735244,0.48507728984137954,-0.8660254037844384,-0.5000000000000004,16.297454882934822
TXN413089649,60.17,P2P,ICICI,Kotak,Mumbai,2024-05-04T17:17:54,17,5,0,22.519375383919606,3,0,0,0,0,4.113656873254474,0.5035087623168895,-0.9659258262890683,-0.25881904510252063,16.50775015356784
TXN326268406,4742.31,QR,HDFC,BOB,Ahmedabad,2024-05-13T15:54:20,15,0,0,37.888389508213045,3,0,0,0,0,8.464490483218869,0.13550445157784674,-0.7071067811865471,-0.7071067811865479,22.655355803285218
TXN129105135,1362.36,P2M,PNB,ICICI,Bangalore,2024-07-21T10:14:03,10,6,0,30.33262186419792,2,0,0,0,0,7.217707520079646,0.32578733215854594,0.49999999999999994,-0.8660254037844387,17.13304874567917
TXN435741755,269.6,P2P,PNB,PNB,Hyderabad,2024-07-29T12:04:01,12,0,0,23.13710486838999,1,0,0,0,0,5.600641715736688,0.4749259908948528,1.2246467991473532e-16,-1.0,11.754841947355997
TXN106508856,6625.26,QR,BOB,PNB,Ahmedabad,2024-02-12T17:24:19,17,0,0,42.73539844908647,2,0,0,0,0,8.798795821450094,0.3924873549303935,-0.9659258262890683,-0.25881904510252063,22.094159379634586
TXN468732055,8988.07,QR,PNB,PNB,Ahmedabad,2024-07-03T17:46:27,17,2,0,33.07044406100471,3,0,0,0,0,9.103764673838661,0.7149610126857407,-0.9659258262890683,-0.25881904510252063,20.728177624401884
TXN486669255,2194.45,P2P,HDFC,HDFC,Jaipur,2024-08-30T12:59:24,12,4,0,34.09792659433471,3,0,0,0,0,7.69414231588683,0.21222462255360655,1.2246467991473532e-16,-1.0,21.139170637733883
TXN986827848,2922.69,QR,BOB,SBI,Jaipur,2024-08-01T20:48:29,20,3,0,14.134259670314481,2,0,0,0,0,7.980601796097395,0.11283524443020512,-0.8660254037844386,0.5000000000000001,10.653703868125792
TXN435651940,306.59,P2M,ICICI,Axis,Pune,2024-04-13T20:40:31,20,5,0,38.996302588732746,1,0,0,0,0,5.728767727350109,0.46987763719719183,-0.8660254037844386,0.5000000000000001,18.0985210354931
TXN166561172,534.24,P2P,PNB,HDFC,Lucknow,2024-12-17T15:55:28,15,1,0,29.521766568432163,1,0,0,0,0,6.282715244436788,0.43880822061777797,-0.7071067811865471,-0.7071067811865479,14.308706627372866
TXN372436988,3114.27,P2P,SBI,Axis,Hyderabad,2024-07-01T16:58:09,16,0,0,17.47627132405444,3,0,0,0,0,8.044071104832863,0.0866886209806813,-0.8660254037844384,-0.5000000000000004,14.490508529621778
TXN966305222,1699.46,QR,PNB,Axis,Mumbai,2024-02-09T12:16:07,12,4,0,40.84377385886614,2,0,0,0,0,7.438654081677208,0.2797803023807273,1.2246467991473532e-16,-1.0,21.337509543546457
TXN807767972,1523.39,P2M,HDFC,HDFC,Hyderabad,2024-07-03T20:51:05,20,2,0,26.881299813132898,2,0,0,0,0,7.329349609020173,0.3038101384322863,-0.8660254037844386,0.5000000000000001,15.75251992525316
TXN212695416,17595.26,P2P,HDFC,HDFC,Lucknow,2024-04-06T12:48:27,12,5,0,33.85110403988452,3,0,0,0,0,9.775441658444919,1.8896606467211674,1.2246467991473532e-16,-1.0,21.04044161595381
TXN375272950,14636.02,P2P,SBI,Kotak,Pune,2024-07-06T16:31:59,16,5,0,41.10985110345611,1,0,0,0,0,9.591309214883232,1.4857868917531705,-0.8660254037844384,-0.5000000000000004,18.943940441382445
TXN971560037,1012.14,P2P,Kotak,PNB,Kolkata,2024-03-16T13:13:33,13,5,0,28.803829520116853,1,0,0,0,0,6.920809698055846,0.37358496481588094,-0.2588190451025208,-0.9659258262890683,14.021531808046742
TXN345481181,2129.95,P2P,Kotak,PNB,Pune,2024-06-04T08:39:27,8,1,0,10.614332717832012,1,0,0,0,0,7.664323168660518,0.22102751018537548,0.8660254037844387,-0.4999999999999998,6.7457330871328045
TXN433101105,2970.66,P2M,SBI,HDFC,Ahmedabad,2024-10-28T13:34:48,13,0,0,20.763988499346183,3,0,0,0,0,7.996875998216631,0.1062883526519733,-0.2588190451025208,-0.9659258262890683,15.805595399738474
TXN809092471,2185.78,P2M,SBI,PNB,Bangalore,2024-08-03T12:19:38,12,5,0,26.605221995151094,1,0,0,0,0,7.690185421195228,0.21340789442596986,1.2246467991473532e-16,-1.0,13.142088798060438
TXN461808923,144.81,P2M,BOB,BOB,Kolkata,2024-03-18T10:30:04,10,0,0,36.23630855427983,3,0,0,0,0,4.982304404328194,0.4919571900819604,0.49999999999999994,-0.8660254037844387,21.994523421711932
TXN821466437,214.1,P2P,BOB,SBI,Ahmedabad,2024-02-23T20:09:03,20,4,0,18.823809726730822,1,1,0,0,0,5.371103036273684,0.48250056862451446,-0.8660254037844386,0.5000000000000001,30.029523890692328
TXN907401458,25000.0,QR,ICICI,PNB,Bangalore,2024-07-22T22:25:35,22,0,1,94.20312805747882,17,1,1,0,1,10.12667110305036,2.90025125389116,-0.5000000000000004,0.8660254037844384,115.18125122299153
TXN792916352,420.77,P2P,Kotak,Axis,Chennai,2024-10-09T11:08:42,11,2,0,17.86859292063129,2,0,0,0,0,6.0444601417599255,0.4542944789057907,0.258819045102521,-0.9659258262890682,12.147437168252516
TXN904938758,1716.58,P2P,ICICI,ICICI,Mumbai,2024-03-25T18:24:32,18,0,0,41.44368976026691,3,0,0,0,0,7.448671602342143,0.27744378398916325,-1.0,-1.8369701987210297e-16,24.077475904106766
TXN841982122,1388.53,P2P,SBI,PNB,Bangalore,2024-09-07T16:15:20,16,5,0,32.82707671318677,1,0,0,0,0,7.236720839449667,0.32221567992097394,-0.8660254037844384,-0.5000000000000004,15.63083068527471
TXN224540086,2429.51,P2P,Axis,PNB,Ahmedabad,2024-01-05T10:41:17,10,4,0,17.499513325859084,3,0,0,0,0,7.7958563908568035,0.18014389748812434,0.49999999999999994,-0.8660254037844387,14.499805330343634
TXN839863700,347.62,P2M,ICICI,SBI,Pune,2024-06-26T10:23:23,10,2,0,21.12859410808662,1,0,0,0,0,5.853982503786719,0.46427790883236275,0.49999999999999994,-0.8660254037844387,10.951437643234648
TXN716480172,623.57,QR,SBI,Kotak,Mumbai,2024-05-29T12:26:17,12,2,0,23.872020604086288,1,0,0,0,0,6.4370634129557915,0.4266165624449731,1.2246467991473532e-16,-1.0,12.048808241634516
TXN380734731,1244.68,P2P,PNB,HDFC,Pune,2024-03-17T09:18:40,9,6,0,25.792718284805858,3,0,0,0,0,7.127436844533169,0.34184816652298883,0.7071067811865476,-0.7071067811865475,17.817087313922343
TXN745007973,1238.26,P2P,BOB,Kotak,Kolkata,2024-08-26T16:28:26,16,0,0,34.46342554167349,2,0,0,0,0,7.122269706264938,0.3427243609198254,-0.8660254037844384,-0.5000000000000004,18.785370216669396
TXN679202354,24824.21,Collect,HDFC,HDFC,Kolkata,2024-12-12T13:32:56,13,3,0,12.520443046075588,1,0,0,0,0,10.119614948092096,2.8762596319254445,-0.2588190451025208,-0.9659258262890683,7.5081772184302356
TXN490485196,6804.73,Collect,Axis,Kotak,Kolkata,2024-08-19T19:29:53,19,0,0,36.29082787784684,2,0,0,1,0,8.825520183395305,0.4169812191671929,-0.9659258262890684,0.2588190451025203,29.516331151138736
TXN324910848,562.92,P2P,HDFC,SBI,Bangalore,2024-06-09T08:43:52,8,6,0,14.076724738566798,3,0,0,0,0,6.3349123974656205,0.43489400639639614,0.8660254037844387,-0.4999999999999998,13.13068989542672
TXN457825351,9895.52,P2P,PNB,SBI,Hyderabad,2024-12-13T19:30:35,19,4,0,22.90752737513469,1,0,0,0,0,9.199938459175234,0.8388087705376586,-0.9659258262890684,0.2588190451025203,11.663010950053877
TXN246246351,10000.0,P2P,PNB,Kotak,Chennai,2024-02-25T14:51:52,14,6,0,95.43330390180694,9,1,1,0,1,9.210440366976517,0.853068083712344,-0.4999999999999997,-0.8660254037844388,80.67332156072277
TXN287878425,50.0,P2P,HDFC,HDFC,Jaipur,2024-06-21T17:46:58,17,4,0,39.39514560033521,1,0,0,0,0,3.9318256327243257,0.5048967525062706,-0.9659258262890683,-0.25881904510252063,18.258058240134083
TXN205538926,3381.75,P2P,ICICI,Axis,Chennai,2024-06-18T12:25:39,12,1,0,19.650537294326455,2,0,0,0,0,8.126444267143754,0.05018325069005265,1.2246467991473532e-16,-1.0,12.860214917730582
TXN347045187,657.57,P2P,HDFC,ICICI,Mumbai,2024-03-21T18:01:40,18,3,0,24.668142891281995,3,0,0,0,0,6.490070817735631,0.42197628059256775,-1.0,-1.8369701987210297e-16,17.3672571565128
TXN354392599,580.46,P2M,PNB,ICICI,Lucknow,2024-12-01T19:02:17,19,6,0,12.483219523763587,2,0,0,0,0,6.365542181974514,0.432500166876067,-0.9659258262890684,0.2588190451025203,9.993287809505436
TXN389503705,9344.66,P2P,SBI,PNB,Delhi,2024-07-22T15:23:43,15,0,0,39.30114542738207,2,0,0,0,0,9.142667343398974,0.7636280157960117,-0.7071067811865471,-0.7071067811865479,20.720458170952828
TXN395374232,1038.48,QR,ICICI,Axis,Delhi,2024-01-14T19:35:21,19,6,0,20.427507932842545,1,0,0,0,0,6.946475867093736,0.36999011116904695,-0.9659258262890684,0.2588190451025203,10.671003173137018
TXN268138549,25000.0,Collect,SBI,Axis,Bangalore,2024-12-23T12:52:05,12,0,0,85.70568319243758,5,1,1,0,1,10.12667110305036,2.90025125389116,1.2246467991473532e-16,-1.0,66.78227327697503
TXN869616598,3380.54,Auto-Pay,Axis,SBI,Pune,2024-03-20T09:30:35,9,2,0,38.286431688642956,3,0,0,0,0,8.126086506014971,0.05034839013244708,0.7071067811865476,-0.7071067811865475,22.814572675457185
TXN181299535,6158.74,Auto-Pay,ICICI,SBI,Delhi,2024-08-29T18:51:38,18,3,0,22.72384643004389,3,0,0,0,0,8.725789847844585,0.32881722876027203,-1.0,-1.8369701987210297e-16,16.589538572017556
TXN614588508,179.41,P2P,Kotak,BOB,Ahmedabad,2024-02-23T20:38:42,20,4,0,36.77543269201145,1,0,0,0,0,5.195232038464711,0.487235020902748,-0.8660254037844386,0.5000000000000001,17.21017307680458
TXN722703556,267.47,Auto-Pay,Kotak,ICICI,Lucknow,2024-08-13T18:35:03,18,1,0,27.504716757614187,3,0,0,0,0,5.592739175862877,0.4752166909050182,-1.0,-1.8369701987210297e-16,18.501886703045678
TXN180450742,50.0,P2P,Kotak,SBI,Bangalore,2024-06-01T10:12:50,10,5,0,44.44802721370331,3,0,0,0,0,3.9318256327243257,0.5048967525062706,0.49999999999999994,-0.8660254037844387,25.279210885481326
TXN856557091,699.15,P2M,HDFC,PNB,Delhi,2024-05-29T09:26:50,9,2,0,23.71045729029652,2,0,0,0,0,6.551294597801786,0.4163014888448321,0.7071067811865476,-0.7071067811865475,14.484182916118609
TXN796267218,7405.13,Auto-Pay,ICICI,BOB,Mumbai,2024-02-07T11:28:05,11,2,0,12.013549957022803,1,0,0,0,0,8.910063314654634,0.49892313752555034,0.258819045102521,-0.9659258262890682,7.305419982809122
TXN286922422,125.26,P2P,Axis,PNB,Hyderabad,2024-01-15T14:44:56,14,0,0,18.126249256426178,2,0,0,0,0,4.83834327293948,0.49462535214709347,-0.4999999999999997,-0.8660254037844388,12.250499702570472
TXN601033635,405.87,P2P,HDFC,ICICI,Kolkata,2024-09-07T16:04:50,16,5,0,38.02399532428634,1,0,0,0,0,6.008493724100844,0.4563280141881683,-0.8660254037844384,-0.5000000000000004,17.709598129714536
TXN346480902,10000.0,P2P,PNB,Kotak,Bangalore,2024-07-05T06:47:03,6,4,0,79.57670172891325,15,0,1,1,1,9.210440366976517,0.853068083712344,1.0,6.123233995736766e-17,79.3306806915653
TXN338242922,25000.0,P2P,Kotak,SBI,Delhi,2024-05-02T02:34:41,2,3,1,88.46744677896868,12,1,1,0,1,10.12667110305036,2.90025125389116,0.49999999999999994,0.8660254037844387,100.38697871158747
TXN899876708,405.28,QR,BOB,Kotak,Mumbai,2024-05-07T18:40:56,18,1,0,17.528423782355304,3,1,0,0,0,6.0070425770713,0.45640853672619536,-1.0,-1.8369701987210297e-16,34.511369512942125
TXN228546076,288.57,QR,PNB,HDFC,Bangalore,2024-11-08T17:31:14,17,4,0,34.76992554465876,2,0,0,0,0,5.668397063985405,0.47233698657896667,-0.9659258262890683,-0.25881904510252063,18.907970217863507
TXN501412876,951.23,Auto-Pay,Kotak,Axis,Jaipur,2024-12-26T16:06:25,16,3,0,15.004914291840358,3,0,0,0,0,6.858806602250253,0.38189789327558704,-0.8660254037844384,-0.5000000000000004,13.501965716736144
TXN628852917,7436.44,Auto-Pay,PNB,Axis,Jaipur,2024-12-20T10:35:28,10,4,0,24.78590996012222,3,0,0,0,0,8.914281982594455,0.5031962911961035,0.49999999999999994,-0.8660254037844387,17.41436398404889
TXN896039276,293.34,P2M,ICICI,SBI,Bangalore,2024-04-24T13:02:47,13,2,0,41.37256430165294,1,0,0,0,0,5.684735561735967,0.4716859823308498,-0.2588190451025208,-0.9659258262890683,19.049025720661177
TXN597050652,675.17,P2P,HDFC,BOB,Hyderabad,2024-10-07T18:35:50,18,0,0,10.353521080863013,3,1,0,0,0,6.516444523717289,0.419574252339558,-1.0,-1.8369701987210297e-16,31.641408432345205
TXN515738647,8447.5,P2P,PNB,Kotak,Mumbai,2024-10-24T12:29:55,12,3,0,12.433737585650576,1,0,0,0,0,9.041744189800704,0.6411846255988366,1.2246467991473532e-16,-1.0,7.473495034260231
TXN178233367,522.26,P2P,Axis,Kotak,Bangalore,2024-12-03T11:03:23,11,1,0,20.01241298044772,2,0,0,0,0,6.260078472466949,0.44044323757636084,0.258819045102521,-0.9659258262890682,13.004965192179089
TXN212321407,2307.85,QR,Axis,ICICI,Delhi,2024-03-11T16:15:04,16,0,0,16.831111526400218,2,0,0,1,0,7.744504844056769,0.1967479177870547,-0.8660254037844384,-0.5000000000000004,21.732444610560087
TXN577943140,7646.02,P2P,Kotak,ICICI,Kolkata,2024-05-31T19:38:17,19,4,0,25.112101753043873,3,0,0,0,0,8.94207130844554,0.5317995344498421,-0.9659258262890684,0.2588190451025203,17.544840701217552
TXN555445666,1065.23,P2M,ICICI,Axis,Mumbai,2024-05-21T12:04:58,12,1,0,18.95470970753204,3,0,0,0,0,6.9718843413028875,0.36633930118222807,1.2246467991473532e-16,-1.0,15.081883883012816
TXN707387733,236.41,P2P,Axis,Axis,Hyderabad,2024-09-26T14:04:57,14,3,0,34.97598620407247,1,0,0,0,0,5.469788604287577,0.47945572485606847,-0.4999999999999997,-0.8660254037844388,16.49039448162899
TXN370727463,20059.95,P2M,BOB,ICICI,Kolkata,2024-06-01T15:07:09,15,5,0,20.998453217482673,3,0,0,0,0,9.906530418320797,2.2260387725683697,-0.7071067811865471,-0.7071067811865479,15.89938128699307
TXN748310617,9130.88,QR,Axis,ICICI,Lucknow,2024-02-03T15:33:22,15,5,0,31.28417322510741,3,0,0,0,0,9.11952686695888,0.7344515612546231,-0.7071067811865471,-0.7071067811865479,20.013669290042962
TXN565722000,173.26,Auto-Pay,PNB,HDFC,Hyderabad,2024-09-12T15:10:48,15,3,0,38.80574272579614,3,0,0,0,0,5.160548436803141,0.4880743660025213,-0.7071067811865471,-0.7071067811865479,23.022297090318453
TXN696783070,1780.35,QR,BOB,Kotak,Kolkata,2024-01-17T17:56:54,17,2,0,32.30310529263204,1,0,0,0,0,7.485126782792027,0.2687405259383431,-0.9659258262890683,-0.25881904510252063,15.421242117052817
TXN843549631,254.75,QR,HDFC,BOB,Kolkata,2024-08-18T09:17:24,9,6,0,18.617057520696125,3,1,0,0,0,5.544200404831736,0.47695270223332986,0.7071067811865476,-0.7071067811865475,34.94682300827845
TXN488279044,262.59,P2P,Axis,BOB,Delhi,2024-03-12T15:29:38,15,1,0,23.942645019335902,1,0,0,0,0,5.574394865641683,0.47588270782971637,-0.7071067811865471,-0.7071067811865479,12.077058007734362
TXN787483127,7471.33,P2M,PNB,Axis,Hyderabad,2024-11-23T15:37:22,15,5,0,16.191421422802687,2,0,0,0,0,8.918962143815666,0.5079580392499395,-0.7071067811865471,-0.7071067811865479,11.476568569121074
TXN762618610,285.96,P2P,HDFC,Axis,Delhi,2024-10-06T10:27:29,10,6,0,23.682774339744824,3,0,0,0,0,5.659342833224027,0.4726931964505778,0.49999999999999994,-0.8660254037844387,16.97310973589793
TXN346724980,687.39,P2P,SBI,SBI,Ahmedabad,2024-10-21T19:39:47,19,0,0,37.4971750764813,2,0,0,0,0,6.534355537793758,0.4179064804502523,-0.9659258262890684,0.2588190451025203,19.99887003059252
TXN575306754,4761.09,P2P,PNB,ICICI,Hyderabad,2024-09-24T17:48:37,17,1,0,13.624503102088529,2,0,0,0,0,8.46844192649022,0.13806752490691057,-0.9659258262890683,-0.25881904510252063,10.449801240835413
TXN300010490,8168.33,QR,PNB,SBI,Kolkata,2024-07-23T09:35:15,9,1,0,41.18750178798365,2,0,0,0,0,9.008142177147322,0.6030838172242485,0.7071067811865476,-0.7071067811865475,21.47500071519346
TXN853558632,50.0,P2M,Kotak,SBI,Chennai,2024-12-05T13:59:58,13,3,0,27.443924211477267,2,0,0,0,0,3.9318256327243257,0.5048967525062706,-0.2588190451025208,-0.9659258262890683,15.977569684590907
TXN591649266,591.71,QR,BOB,SBI,Ahmedabad,2024-07-10T18:34:09,18,2,0,40.18268864802921,3,0,0,0,0,6.384705240593424,0.4309647794984329,-1.0,-1.8369701987210297e-16,23.573075459211687
TXN885258446,1952.02,P2P,HDFC,SBI,Bangalore,2024-06-01T15:17:45,15,5,0,22.98671908664386,3,0,0,0,0,7.577132171479645,0.24531119695003656,-0.7071067811865471,-0.7071067811865479,16.694687634657544
TXN117636027,1155.59,P2P,SBI,HDFC,Ahmedabad,2024-06-13T20:16:25,20,3,0,15.42530335958641,1,0,0,0,0,7.053231299655269,0.3540070697650709,-0.8660254037844386,0.5000000000000001,8.670121343834564
TXN214859092,2427.86,P2P,HDFC,Axis,Hyderabad,2024-12-07T08:58:59,8,5,0,31.057629466179844,2,0,0,0,0,7.795177290453495,0.18036908763684403,0.8660254037844387,-0.4999999999999998,17.423051786471937
TXN433415371,1244.62,QR,PNB,SBI,Hyderabad,2024-03-29T18:23:25,18,4,0,24.712715642317335,2,0,0,1,0,7.12738867690983,0.34185635525566954,-1.0,-1.8369701987210297e-16,24.885086256926932
TXN303281293,50.0,P2P,Axis,PNB,Delhi,2024-07-31T09:00:49,9,2,0,10.888792813306358,1,0,0,0,0,3.9318256327243257,0.5048967525062706,0.7071067811865476,-0.7071067811865475,6.855517125322543
TXN518093776,141.14,P2M,Kotak,BOB,Bangalore,2024-05-11T17:51:00,17,5,0,30.176094976073188,1,0,0,0,0,4.956812487398749,0.4924580675642642,-0.9659258262890683,-0.25881904510252063,14.570437990429276
TXN626390667,9921.53,P2M,ICICI,Kotak,Bangalore,2024-12-02T09:53:31,9,0,0,42.72930577514893,1,0,0,0,0,9.202563208084245,0.8423585861547487,0.7071067811865476,-0.7071067811865475,19.591722310059573
TXN616890147,357.47,Auto-Pay,ICICI,Axis,Kolkata,2024-10-01T19:15:25,19,1,0,38.03354104602514,2,0,0,0,0,5.8818449745297725,0.46293359188394534,-0.9659258262890684,0.2588190451025203,20.213416418410056
TXN472237597,40000.0,Collect,Axis,PNB,Hyderabad,2024-10-10T06:22:29,6,3,0,70.22856959540692,16,1,1,0,1,10.596659732783579,4.947434424069976,1.0,6.123233995736766e-17,88.09142783816277
TXN387572171,277.03,P2M,BOB,SBI,Chennai,2024-09-03T19:00:33,19,1,0,30.75230807326985,3,0,0,0,0,5.627729021537441,0.4739119528312242,-0.9659258262890684,0.2588190451025203,19.80092322930794
TXN615121666,311.93,P2P,PNB,Kotak,Delhi,2024-10-18T11:57:25,11,4,0,43.58097644037501,3,0,0,0,0,5.74597952335599,0.46914883998860823,0.258819045102521,-0.9659258262890682,24.932390576150006
TXN305976883,1972.49,Auto-Pay,ICICI,SBI,Bangalore,2024-02-07T18:00:03,18,2,0,23.239586278900553,2,0,0,0,0,7.587558827950464,0.24251747431713253,-1.0,-1.8369701987210297e-16,14.295834511560221
TXN296838372,118.62,QR,HDFC,HDFC,Chennai,2024-10-13T20:20:23,20,6,0,10.166814566853773,2,1,0,0,0,4.784320051616411,0.4955315718970927,-0.8660254037844386,0.5000000000000001,29.06672582674151
TXN376724181,132.21,P2P,SBI,ICICI,Hyderabad,2024-01-25T17:37:45,17,3,0,26.17182659146364,1,0,0,0,0,4.891926830363372,0.49367682394491064,-0.9659258262890683,-0.25881904510252063,12.968730636585455
TXN156442384,6740.51,P2P,BOB,PNB,Hyderabad,2024-05-10T08:32:06,8,4,0,43.61930189816662,2,0,0,0,0,8.816039214422432,0.4082165456212674,0.8660254037844387,-0.4999999999999998,22.447720759266648
TXN321962042,641.06,P2M,BOB,Kotak,Lucknow,2024-05-01T08:22:54,8,2,0,28.312630698855227,2,0,0,0,0,6.464681757266964,0.42422954686854464,0.8660254037844387,-0.4999999999999998,16.325052279542092
TXN892551792,834.75,P2M,HDFC,ICICI,Delhi,2024-09-14T16:40:18,16,5,0,22.851003891433084,1,0,0,0,0,6.728329525300208,0.3977949529864156,-0.8660254037844384,-0.5000000000000004,11.640401556573234
TXN278225150,1570.01,P2M,ICICI,Axis,Pune,2024-01-30T13:22:01,13,1,0,20.09156268694738,3,0,0,0,0,7.359474003607737,0.2974474931393706,-0.2588190451025208,-0.9659258262890683,15.536625074778952
TXN128444659,137.57,P2M,Kotak,Axis,Kolkata,2024-08-18T19:47:51,19,6,0,30.53216595405557,3,0,0,0,0,4.931375613110624,0.4929452971587667,-0.9659258262890684,0.2588190451025203,19.712866381622227
TXN462119818,214.72,P2P,Axis,Axis,Chennai,2024-01-09T18:36:42,18,1,0,38.980181953209566,3,0,0,0,0,5.373981270469026,0.48241595172014706,-1.0,-1.8369701987210297e-16,23.092072781283825
TXN271107590,2267.2,P2P,Axis,Axis,Ahmedabad,2024-02-07T10:08:43,10,2,0,40.631552471055514,2,0,0,0,0,7.72674184438123,0.2022957841782393,0.49999999999999994,-0.8660254037844387,21.252620988422205
TXN920205161,1555.92,P2M,ICICI,PNB,Delhi,2024-08-26T13:35:26,13,0,0,44.29329397333641,1,0,0,0,0,7.350464789653327,0.2993704805305585,-0.2588190451025208,-0.9659258262890683,20.217317589334566
TXN464166144,1092.26,P2M,Axis,PNB,Pune,2024-06-17T16:22:06,16,0,0,31.670881548507044,2,0,0,0,0,6.996919337289842,0.3626502771095659,-0.8660254037844384,-0.5000000000000004,17.668352619402818
TXN329422865,860.4,P2P,Axis,Axis,Delhi,2024-08-13T14:11:11,14,1,0,35.42955755284917,3,0,0,0,0,6.75855897262001,0.3942942697654098,-0.4999999999999997,-0.8660254037844388,21.671823021139666
TXN697734139,266.02,P2M,BOB,ICICI,Ahmedabad,2024-09-21T11:22:14,11,5,0,37.69308393776342,2,0,0,0,0,5.587323561961949,0.4754145852781355,0.258819045102521,-0.9659258262890682,20.077233575105367
TXN539594322,210.96,QR,Axis,ICICI,Bangalore,2024-12-02T10:35:02,10,0,0,10.974971598912314,1,0,0,0,0,5.356397577624562,0.48292911230147184,0.49999999999999994,-0.8660254037844387,6.889988639564925
TXN458056974,202.44,QR,Axis,HDFC,Ahmedabad,2024-02-15T16:07:54,16,3,0,41.386601669696894,1,0,0,0,0,5.315371121113865,0.48409191234213345,-0.8660254037844384,-0.5000000000000004,19.054640667878758
TXN965874509,1249.14,P2P,ICICI,Kotak,Pune,2024-05-26T10:23:22,10,6,0,20.10108263178443,3,0,0,0,0,7.131010824024815,0.3412394707270557,0.49999999999999994,-0.8660254037844387,15.540433052713771
TXN581500953,40000.0,P2P,SBI,SBI,Mumbai,2024-05-30T04:34:18,4,3,1,71.99289739446608,9,1,1,0,1,10.596659732783579,4.947434424069976,0.8660254037844386,0.5000000000000001,86.29715895778644
TXN874543555,6108.23,P2M,HDFC,Axis,Mumbai,2024-12-22T12:00:09,12,6,0,17.609624915452937,1,0,0,0,0,8.717556021310829,0.32192368063188986,1.2246467991473532e-16,-1.0,9.543849966181174
TXN335515538,467.05,P2M,Kotak,ICICI,Chennai,2024-10-13T16:51:11,16,6,0,25.52625737964072,1,0,0,0,0,6.148575127817754,0.44797823643139895,-0.8660254037844384,-0.5000000000000004,12.71050295185629
TXN732258417,99.96,P2M,PNB,PNB,Jaipur,2024-09-02T11:31:18,11,0,0,27.18261057857629,1,0,0,0,0,4.6147243987929025,0.4980782677607951,0.258819045102521,-0.9659258262890682,13.373044231430518
TXN218080079,10496.27,P2P,Axis,Kotak,Bangalore,2024-08-12T15:58:27,15,0,0,41.48100584801676,2,0,0,0,0,9.258870502339756,0.9207984565033202,-0.7071067811865471,-0.7071067811865479,21.592402339206703
TXN389381445,242.85,P2M,ICICI,BOB,Lucknow,2024-12-01T19:39:54,19,6,0,37.04348458448583,1,0,0,0,0,5.496553282156062,0.4785768008816717,-0.9659258262890684,0.2588190451025203,17.317393833794334
TXN561125621,283.41,P2P,Axis,PNB,Bangalore,2024-03-16T17:51:53,17,5,0,27.605551454660237,2,0,0,0,0,5.650416859054949,0.4730412175895082,-0.9659258262890683,-0.25881904510252063,16.042220581864093
TXN816903264,258.47,QR,Axis,Axis,Chennai,2024-06-29T16:01:02,16,5,0,24.594417325210067,2,0,0,0,0,5.55864108898653,0.47644500080712554,-0.8660254037844384,-0.5000000000000004,14.837766930084028
TXN446372234,2225.05,P2P,Axis,BOB,Ahmedabad,2024-01-21T15:23:18,15,6,0,40.20094233941785,2,0,0,0,0,7.707983993398142,0.20804836888644174,-0.7071067811865471,-0.7071067811865479,21.08037693576714
TXN161938693,813.03,QR,Axis,BOB,Pune,2024-07-29T09:31:45,9,0,0,25.62149711441971,3,0,0,0,0,6.701997220360265,0.4007592742168345,0.7071067811865476,-0.7071067811865475,17.748598845767887
TXN964191003,366.05,P2P,PNB,PNB,Chennai,2024-08-14T12:59:12,12,2,0,20.60157158231685,1,0,0,0,0,5.90549807855679,0.461762603110603,1.2246467991473532e-16,-1.0,10.740628632926741
TXN855303852,170.92,P2P,BOB,Axis,Lucknow,2024-09-03T17:15:58,17,1,0,10.369849297105503,2,0,0,0,0,5.147029252334255,0.48839372657706914,-0.9659258262890683,-0.25881904510252063,9.147939718842203
TXN250557643,316.2,P2M,BOB,BOB,Ahmedabad,2024-02-28T15:30:34,15,2,0,33.654915816950066,3,0,0,0,0,5.7595324897606925,0.46856607517949733,-0.7071067811865471,-0.7071067811865479,20.96196632678003
TXN661789302,5371.01,P2P,ICICI,ICICI,Mumbai,2024-07-23T13:18:44,13,1,0,26.03046552519096,1,0,0,0,0,8.58895741914549,0.2213087221839415,-0.2588190451025208,-0.9659258262890683,12.912186210076385
TXN815760087,92.64,QR,Kotak,PNB,Hyderabad,2024-08-07T16:17:35,16,2,0,21.177641902222213,3,0,0,0,0,4.53945764262271,0.4990772931478424,-0.8660254037844384,-0.5000000000000004,15.971056760888885
TXN679365636,339.57,QR,ICICI,SBI,Ahmedabad,2024-10-11T08:42:24,8,4,0,27.29175304081129,3,0,0,0,0,5.830620684490257,0.4653765638003587,0.8660254037844387,-0.4999999999999998,18.41670121632452
TXN189653380,1413.84,P2P,ICICI,SBI,Hyderabad,2024-07-10T10:16:45,10,2,0,23.459801230106862,3,0,0,0,0,7.254771729479021,0.3187613995184923,0.49999999999999994,-0.8660254037844387,16.883920492042748
TXN414156303,92.48,Auto-Pay,PNB,Axis,Bangalore,2024-12-06T18:26:15,18,4,0,25.655596468841022,2,0,0,0,0,4.537747509670657,0.49909912976832427,-1.0,-1.8369701987210297e-16,15.262238587536409
TXN579468463,341.49,Auto-Pay,BOB,Kotak,Ahmedabad,2024-11-22T14:54:03,14,4,0,30.13386340325886,3,0,0,1,0,5.836242460195745,0.4651145243545758,-0.4999999999999997,-0.8660254037844388,29.553545361303545
TXN640483826,2155.11,P2P,SBI,ICICI,Mumbai,2024-11-29T15:08:56,15,4,0,40.9945805254971,2,0,0,0,0,7.676060951135554,0.21759370161459549,-0.7071067811865471,-0.7071067811865479,21.39783221019884
TXN895875001,8255.33,P2P,BOB,ICICI,Delhi,2024-11-22T20:14:10,20,4,0,16.676242695172817,2,0,0,0,0,9.01873545785276,0.6149574796112857,-0.8660254037844386,0.5000000000000001,11.670497078069127
TXN216973139,6257.6,QR,HDFC,SBI,Bangalore,2024-02-03T17:01:58,17,5,0,13.382014349642642,3,0,0,0,0,8.74171179690998,0.3423095306405306,-0.9659258262890683,-0.25881904510252063,12.852805739857057
TXN823062196,96.12,Collect,BOB,SBI,Chennai,2024-05-27T11:14:40,11,0,0,15.618251994451875,1,0,0,0,0,4.575947327311188,0.4986023466523609,0.258819045102521,-0.9659258262890682,8.747300797780749
TXN557109331,1757.26,P2M,PNB,SBI,Bangalore,2024-05-31T13:55:32,13,4,0,44.07823428643611,2,0,0,0,0,7.472079962645294,0.2718918232316383,-0.2588190451025208,-0.9659258262890683,22.631293714574443
TXN217515536,73.53,QR,SBI,Axis,Hyderabad,2024-10-12T12:50:46,12,5,0,23.69525076963309,3,0,0,0,0,4.311201728893603,0.5016854045066501,1.2246467991473532e-16,-1.0,16.97810030785324
TXN325134842,1433.79,P2M,Axis,SBI,Bangalore,2024-02-17T15:48:52,15,5,0,22.125795757007115,2,0,0,0,0,7.26877377602135,0.3160386459021544,-0.7071067811865471,-0.7071067811865479,13.850318302802846
TXN183802796,153.3,QR,Kotak,HDFC,Hyderabad,2024-08-11T08:37:56,8,6,0,38.831858852969305,2,0,0,0,0,5.038898759369115,0.4907984844076392,0.8660254037844387,-0.4999999999999998,20.53274354118772
TXN309059600,7473.04,P2P,SBI,HDFC,Mumbai,2024-11-10T20:10:31,20,6,0,36.04598316282831,1,0,0,0,0,8.919190961917648,0.50819141813134,-0.8660254037844386,0.5000000000000001,16.91839326513132
TXN624339272,108.74,Auto-Pay,Kotak,BOB,Hyderabad,2024-05-31T17:44:16,17,4,0,43.3221856323651,3,0,0,1,0,4.69811393163083,0.49687998321185045,-0.9659258262890683,-0.25881904510252063,34.82887425294604
TXN726191011,311.1,P2M,Kotak,BOB,Jaipur,2024-05-25T15:32:16,15,5,0,25.0187092541846,2,0,0,0,0,5.743323649276734,0.4692621174573581,-0.7071067811865471,-0.7071067811865479,15.007483701673841
TXN900728505,267.43,P2M,Kotak,Axis,Kolkata,2024-06-11T17:31:18,17,1,0,25.90901908846393,3,1,0,0,0,5.592590172323767,0.4752221500601387,-0.9659258262890683,-0.25881904510252063,37.86360763538557
TXN426339295,121.03,P2P,Kotak,ICICI,Lucknow,2024-04-08T19:40:40,19,0,0,15.160783860418636,3,0,0,0,0,4.804266916143749,0.4952026578010839,-0.9659258262890684,0.2588190451025203,13.564313544167454
TXN910653557,50.0,P2P,BOB,BOB,Jaipur,2024-03-04T16:31:53,16,0,0,38.412370332223645,1,0,0,0,0,3.9318256327243257,0.5048967525062706,-0.8660254037844384,-0.5000000000000004,17.86494813288946
TXN924545253,776.31,P2P,PNB,Kotak,Kolkata,2024-10-19T11:32:14,11,5,0,36.89377226290013,3,0,0,0,0,6.655839241199091,0.40577077861743227,0.258819045102521,-0.9659258262890682,22.25750890516005
TXN278753822,17944.7,P2P,BOB,ICICI,Kolkata,2024-12-09T19:08:14,19,0,0,28.492974476579313,2,0,0,0,0,9.795105810901157,1.9373518258536535,-0.9659258262890684,0.2588190451025203,16.397189790631728
TXN158151071,50.0,QR,ICICI,ICICI,Chennai,2024-06-14T13:04:03,13,4,0,42.38172613221119,3,0,0,0,0,3.9318256327243257,0.5048967525062706,-0.2588190451025208,-0.9659258262890683,24.45269045288448
TXN564116842,2751.26,P2M,ICICI,HDFC,Chennai,2024-10-18T16:25:27,16,4,0,25.32475573600742,1,0,0,0,0,7.920177671334774,0.13623181848778873,-0.8660254037844384,-0.5000000000000004,12.629902294402967
TXN776579442,1146.91,P2P,SBI,SBI,Bangalore,2024-08-02T17:18:56,17,4,0,78.99991614900401,7,1,0,1,1,7.0456981765937465,0.3551917064262143,-0.9659258262890683,-0.25881904510252063,79.0999664596016
TXN712050319,4749.55,Auto-Pay,HDFC,PNB,Mumbai,2024-06-16T14:37:31,14,6,0,23.312935859138683,1,0,0,0,0,8.466015679799288,0.136492558654653,-0.4999999999999997,-0.8660254037844388,11.825174343655474
TXN561587663,1033.01,P2M,PNB,HDFC,Mumbai,2024-05-08T08:23:13,8,2,0,28.465286784887265,2,0,0,0,0,6.941199726201493,0.3707366506317722,0.8660254037844387,-0.4999999999999998,16.386114713954907
TXN398211089,64.53,Collect,Kotak,Kotak,Lucknow,2024-04-02T12:03:11,12,1,0,19.25652551379489,3,0,0,0,0,4.182508053051405,0.5029137144087574,1.2246467991473532e-16,-1.0,15.202610205517956
TXN623683022,5276.0,P2M,Axis,Kotak,Ahmedabad,2024-06-29T10:12:40,10,5,0,44.08157575350548,2,0,0,0,0,8.571113033405668,0.20834186398402885,0.49999999999999994,-0.8660254037844387,22.632630301402195
TXN223254786,193.71,QR,Kotak,HDFC,Pune,2024-09-04T11:42:57,11,2,0,29.495879924738748,2,0,0,0,0,5.27151127212753,0.4852833729471775,0.258819045102521,-0.9659258262890682,16.7983519698955
TXN689252809,100.82,QR,HDFC,Kotak,Pune,2024-11-14T14:46:35,14,3,0,25.704989828269195,1,0,0,0,0,4.62320654847419,0.4979608959257048,-0.4999999999999997,-0.8660254037844388,12.781995931307678
TXN754702061,935.74,P2P,ICICI,ICICI,Hyderabad,2024-11-16T19:18:35,19,5,0,11.945478469973082,1,0,0,0,0,6.842405762409984,0.3840119510959917,-0.9659258262890684,0.2588190451025203,7.278191387989233
TXN330529998,300.38,Collect,BOB,HDFC,Delhi,2024-07-03T20:31:38,20,2,0,16.53447919074665,3,0,0,0,0,5.708371926990008,0.47072517102964584,-0.8660254037844386,0.5000000000000001,14.11379167629866
TXN343558201,4452.11,P2P,HDFC,HDFC,Jaipur,2024-09-09T16:02:28,16,0,0,18.040069928913113,3,0,0,0,0,8.40135800746439,0.09589828117878714,-0.8660254037844384,-0.5000000000000004,14.716027971565246
TXN504454312,101.77,P2P,Axis,BOB,Hyderabad,2024-12-10T12:57:27,12,1,0,32.856705961607844,1,0,0,0,0,4.632493481636982,0.49783124099159354,1.2246467991473532e-16,-1.0,15.642682384643138
TXN493478210,50.0,P2P,PNB,Kotak,Mumbai,2024-03-07T16:39:28,16,3,0,44.309028652049236,2,0,0,0,0,3.9318256327243257,0.5048967525062706,-0.8660254037844384,-0.5000000000000004,22.723611460819694
TXN846018143,496.87,P2P,ICICI,Kotak,Bangalore,2024-07-13T08:50:46,8,5,0,16.77487316972211,3,0,0,0,0,6.210338998769984,0.4439084362890835,0.8660254037844387,-0.4999999999999998,14.209949267888845
TXN846029962,218.04,Collect,BOB,Kotak,Pune,2024-10-26T11:34:05,11,5,0,24.809136914170566,3,0,0,0,0,5.3892543615401385,0.4819628418451475,0.258819045102521,-0.9659258262890682,17.423654765668225
TXN889175309,526.39,QR,HDFC,Kotak,Delhi,2024-08-13T15:50:41,15,1,0,42.28899690984893,3,0,0,0,0,6.267940312798963,0.4398795798101716,-0.7071067811865471,-0.7071067811865479,24.415598763939574
TXN449724562,1694.38,P2M,PNB,BOB,Pune,2024-01-12T13:59:20,13,4,0,25.231898207231822,3,0,0,0,0,7.435662183478559,0.2804736150810279,-0.2588190451025208,-0.9659258262890683,17.59275928289273
TXN945409800,1734.16,P2M,SBI,ICICI,Kolkata,2024-08-22T12:17:37,12,3,0,19.234412626173174,1,0,0,0,0,7.45885490714922,0.27504448531371367,1.2246467991473532e-16,-1.0,10.19376505046927
TXN310373820,6439.84,P2P,PNB,ICICI,Kolkata,2024-02-26T13:26:38,13,0,0,39.67433767457899,2,0,0,0,0,8.77041424537513,0.3671814413694231,-0.2588190451025208,-0.9659258262890683,20.8697350698316
TXN649799401,547.94,Auto-Pay,BOB,SBI,Lucknow,2024-09-14T14:46:58,14,5,0,26.53172041343427,2,0,0,0,0,6.307989145919499,0.4369384599890147,-0.4999999999999997,-0.8660254037844388,15.61268816537371
TXN637858850,8678.15,P2M,BOB,HDFC,Ahmedabad,2024-07-01T18:08:14,18,0,0,39.93078707400154,3,0,0,0,0,9.068678876592024,0.6726634788122862,-1.0,-1.8369701987210297e-16,23.47231482960062
TXN127392575,257.42,P2P,BOB,SBI,Hyderabad,2024-02-19T14:53:26,14,0,0,24.22923658001098,1,0,0,1,0,5.554586168294074,0.476588303629038,-0.4999999999999997,-0.8660254037844388,22.191694632004392
TXN400010800,689.13,P2M,PNB,BOB,Pune,2024-08-11T17:58:07,17,6,0,29.815252961595995,2,0,0,0,0,6.536879985642264,0.41766900720251154,-0.9659258262890683,-0.25881904510252063,16.926101184638398
TXN440822416,2709.64,QR,PNB,Axis,Ahmedabad,2024-10-01T16:30:41,16,1,0,12.662043177479632,3,0,0,0,0,7.90494004835343,0.14191206939064493,-0.8660254037844384,-0.5000000000000004,12.564817270991853
TXN782380182,1272.35,P2P,HDFC,BOB,Jaipur,2024-04-09T19:03:35,19,1,0,18.85951547332582,3,1,0,0,0,7.149406501852086,0.338071795968399,-0.9659258262890684,0.2588190451025203,35.043806189330326
TXN188088158,1575.11,Auto-Pay,Axis,Kotak,Kolkata,2024-01-13T17:50:35,17,5,0,27.448158452182817,1,0,0,0,0,7.362715064936445,0.2967514508615097,-0.9659258262890683,-0.25881904510252063,13.479263380873128
TXN626155356,1165.52,P2P,HDFC,BOB,Jaipur,2024-08-10T08:42:14,8,5,0,30.08413111555118,2,0,0,0,0,7.061780236620978,0.35265183450641246,0.8660254037844387,-0.4999999999999998,17.033652446220472
TXN818750116,50.0,P2P,Axis,PNB,Mumbai,2024-06-14T11:13:44,11,4,0,37.31352337011117,3,0,0,0,0,3.9318256327243257,0.5048967525062706,0.258819045102521,-0.9659258262890682,22.425409348044468
TXN734494091,258.35,P2P,Kotak,PNB,Mumbai,2024-03-23T09:07:58,9,5,0,12.292891457991292,3,0,0,0,0,5.55817850079741,0.4764613782724869,0.7071067811865476,-0.7071067811865475,12.417156583196517
TXN563321038,52.78,P2P,BOB,ICICI,Jaipur,2024-09-18T12:32:51,12,2,0,31.648311644724703,2,0,0,0,0,3.9849016508407185,0.5045173412253975,1.2246467991473532e-16,-1.0,17.659324657889883
TXN135672741,1400.23,Collect,PNB,ICICI,Lucknow,2024-09-19T15:32:24,15,3,0,11.793383940124865,2,0,0,0,0,7.245105701313948,0.3206188770482345,-0.7071067811865471,-0.7071067811865479,9.717353576049947
TXN175915405,997.75,P2M,BOB,ICICI,Delhi,2024-09-08T13:15:34,13,6,0,16.10631061650364,1,0,0,0,0,6.906504497080484,0.37554889587047247,-0.2588190451025208,-0.9659258262890683,8.942524246601458
TXN486153350,5163.32,P2P,ICICI,HDFC,Chennai,2024-02-28T17:46:00,17,2,0,34.58672245611233,2,0,0,0,0,8.54952871751371,0.19296342400964553,-0.9659258262890683,-0.25881904510252063,18.83468898244493
TXN224615081,7693.92,P2P,Kotak,HDFC,Jaipur,2024-06-08T19:44:15,19,5,0,28.024818068313113,3,0,0,0,0,8.948315649857664,0.538336872706613,-0.9659258262890684,0.2588190451025203,18.709927227325245
TXN736029821,3482.58,P2P,BOB,ICICI,Chennai,2024-12-30T10:27:29,10,0,0,31.440796113288084,3,0,0,0,0,8.155815779614827,0.03642208542011066,0.49999999999999994,-0.8660254037844387,20.076318445315234
TXN396625523,7583.47,Auto-Pay,PNB,ICICI,Jaipur,2024-10-07T11:33:25,11,0,0,26.49087646264851,3,0,0,0,0,8.933858014588477,0.5232627806301964,0.258819045102521,-0.9659258262890682,18.096350585059405
TXN810346934,3044.53,Auto-Pay,PNB,SBI,Jaipur,2024-04-20T18:54:44,18,5,0,30.01950561599566,2,0,0,0,0,8.021430220827268,0.09620665793323264,-1.0,-1.8369701987210297e-16,17.007802246398263
TXN208281784,10719.61,QR,PNB,Kotak,Jaipur,2024-04-19T14:46:02,14,4,0,41.93235804461984,2,0,0,0,0,9.279923335990954,0.9512796491185026,-0.4999999999999997,-0.8660254037844388,21.772943217847935
TXN693277085,287.27,P2P,ICICI,ICICI,Ahmedabad,2024-08-01T10:00:28,10,3,0,30.142535646417066,3,0,0,0,0,5.6638975409572865,0.4725144091203822,0.49999999999999994,-0.8660254037844387,19.557014258566827
TXN433144695,95.32,QR,PNB,BOB,Chennai,2024-06-20T12:53:16,12,3,0,38.210409867096956,3,0,0,0,0,4.567675981560511,0.4987115297547704,1.2246467991473532e-16,-1.0,22.78416394683878
TXN993928268,4678.53,QR,SBI,PNB,Jaipur,2024-04-26T13:23:59,13,4,0,16.86190230091458,2,0,0,0,0,8.450952956518101,0.12679982873824633,-0.2588190451025208,-0.9659258262890683,11.744760920365831
TXN273670327,15796.4,P2P,Kotak,ICICI,Delhi,2024-11-13T09:46:29,9,2,0,11.574598283124722,2,0,0,0,0,9.66760064851205,1.6441542522206434,0.7071067811865476,-0.7071067811865475,9.629839313249889
TXN201766387,255.3,P2M,SBI,PNB,Delhi,2024-06-29T20:53:51,20,5,0,32.33383324213824,1,0,0,0,0,5.546348633370026,0.4768776388504233,-0.8660254037844386,0.5000000000000001,15.433533296855297
TXN671286752,90.25,QR,PNB,ICICI,Pune,2024-04-05T17:29:49,17,4,0,41.35594567827324,3,0,0,1,0,4.513602992462601,0.49940347766629084,-0.9659258262890683,-0.25881904510252063,34.042378271309296
TXN430029325,338.58,P2P,BOB,SBI,Delhi,2024-04-20T11:30:03,11,5,0,38.450519126841726,3,0,0,0,0,5.827709559887865,0.4655116778895905,0.258819045102521,-0.9659258262890682,22.880207650736693
TXN527191770,5843.79,P2P,PNB,Kotak,Pune,2024-03-14T13:27:54,13,3,0,14.137849900535537,2,1,0,0,0,8.673305945117026,0.2858332061304175,-0.2588190451025208,-0.9659258262890683,30.655139960214214
TXN563002158,35000.0,P2M,Axis,Kotak,Chennai,2024-04-03T14:15:25,14,2,0,67.2029834397744,5,0,1,1,1,10.463131911491967,4.2650400340103705,-0.4999999999999997,-0.8660254037844388,49.38119337590976
TXN464332685,342.83,P2P,ICICI,BOB,Chennai,2024-01-25T17:49:40,17,3,0,26.50773217627084,3,0,0,0,0,5.840147349176718,0.4649316426580398,-0.9659258262890683,-0.25881904510252063,18.103092870508334
TXN857664809,493.94,P2M,PNB,Axis,Delhi,2024-01-23T18:15:48,18,1,0,38.90112687935683,3,0,0,0,0,6.204436543100695,0.44430831940165844,-1.0,-1.8369701987210297e-16,23.060450751742735
TXN633163013,62.71,Collect,HDFC,Kotak,Jaipur,2024-03-31T20:26:45,20,6,0,32.3889072983217,3,1,0,0,0,4.154341536128396,0.5031621059667392,-0.8660254037844386,0.5000000000000001,40.45556291932868
TXN117108618,655.28,P2P,ICICI,ICICI,Kolkata,2024-11-05T10:43:55,10,1,0,41.551438145748335,3,0,0,0,0,6.486587527146682,0.42228881722321504,0.49999999999999994,-0.8660254037844387,24.120575258299336
TXN931504395,174.73,P2P,ICICI,Kotak,Lucknow,2024-11-04T14:26:46,14,0,0,28.290048709163333,2,0,0,0,0,5.168948726206755,0.48787374205184375,-0.4999999999999997,-0.8660254037844388,16.316019483665336
TXN401049574,1447.23,QR,Axis,SBI,Lucknow,2024-01-19T20:34:03,20,4,0,10.953298590447492,3,0,0,0,0,7.2780974001109655,0.3142043697816742,-0.8660254037844386,0.5000000000000001,11.881319436178998
TXN172710238,62.96,Collect,ICICI,SBI,Jaipur,2024-09-11T13:17:57,13,2,0,16.169339644625396,2,0,0,0,0,4.158257887965753,0.5031279862472362,-0.2588190451025208,-0.9659258262890683,11.467735857850158
TXN117272559,1086.2,Collect,HDFC,Kotak,Hyderabad,2024-08-27T09:01:13,9,1,0,70.31645206411055,7,1,0,1,1,6.991360862836934,0.36347733911031804,0.7071067811865476,-0.7071067811865475,75.62658082564423
TXN353080520,2499.41,P2P,HDFC,ICICI,Hyderabad,2024-03-02T10:43:46,10,5,0,19.844714174640355,1,1,0,0,0,7.8242099974097625,0.1706040239150911,0.49999999999999994,-0.8660254037844387,30.437885669856144
TXN433811918,1177.29,P2P,SBI,BOB,Hyderabad,2024-03-09T14:12:15,14,5,0,42.18674552925987,3,0,0,1,0,7.071819513880261,0.35104547811221215,-0.4999999999999997,-0.8660254037844388,34.37469821170395
TXN884989067,285.43,P2M,SBI,HDFC,Chennai,2024-03-18T11:15:02,11,0,0,32.77105840372862,1,0,0,1,0,5.65749417820409,0.4727655302559241,0.258819045102521,-0.9659258262890682,25.608423361491447
TXN887767557,7614.08,QR,BOB,PNB,Mumbai,2024-07-24T15:08:26,15,2,0,43.86152668733377,1,0,0,0,0,8.93788577085517,0.5274403990861413,-0.7071067811865471,-0.7071067811865479,20.04461067493351
TXN635715662,886.52,P2M,HDFC,Axis,Jaipur,2024-10-08T18:51:48,18,1,0,13.814999645204164,1,0,0,0,0,6.788431056306925,0.39072944147173844,-1.0,-1.8369701987210297e-16,8.025999858081665
TXN326156832,1328.71,P2M,PNB,SBI,Lucknow,2024-11-23T12:04:40,12,5,0,41.878847711563864,3,0,0,0,0,7.192716152327725,0.3303798464036471,1.2246467991473532e-16,-1.0,24.251539084625545
TXN547121516,129.17,P2P,HDFC,HDFC,Mumbai,2024-03-23T19:39:05,19,5,0,42.24701451364818,2,0,0,0,0,4.868841288478369,0.49409171973406685,-0.9659258262890684,0.2588190451025203,21.898805805459272
TXN777289286,435.31,Collect,Axis,Axis,Kolkata,2024-01-29T12:37:18,12,0,0,34.786341845412,3,0,0,0,0,6.078352999876072,0.45231007601949735,1.2246467991473532e-16,-1.0,21.4145367381648
TXN615294771,7123.28,QR,Axis,SBI,Kolkata,2024-11-30T11:36:27,11,5,0,21.9977973494531,3,0,0,0,0,8.871263947399111,0.46045656575789035,0.258819045102521,-0.9659258262890682,16.29911893978124
TXN581506974,258.48,QR,Kotak,SBI,Hyderabad,2024-11-15T09:44:30,9,4,0,24.896754684658536,3,1,0,0,0,5.558679628344855,0.4764436360183454,0.7071067811865476,-0.7071067811865475,37.45870187386342
TXN561972663,20227.5,P2M,Axis,SBI,Hyderabad,2024-08-26T20:55:01,20,0,0,27.025631409186662,1,0,0,0,0,9.914847780106763,2.248905808579267,-0.8660254037844386,0.5000000000000001,13.310252563674666
TXN195570823,1262.96,P2P,PNB,Axis,Hyderabad,2024-08-25T14:11:10,14,6,0,36.9207848743162,1,0,0,0,0,7.142004928636451,0.3393533326329309,-0.4999999999999997,-0.8660254037844388,17.26831394972648
TXN488920251,8513.48,P2M,Axis,PNB,Bangalore,2024-07-13T15:23:13,15,5,0,11.880349966562854,3,0,0,0,0,9.049523522529729,0.6501895019700631,-0.7071067811865471,-0.7071067811865479,12.252139986625142
TXN689439314,4263.83,P2M,BOB,ICICI,Bangalore,2024-05-16T09:44:35,9,3,0,12.235228086902028,3,0,0,1,0,8.358157599811328,0.07020203802670268,0.7071067811865476,-0.7071067811865475,22.39409123476081
TXN149549499,1307.0,Auto-Pay,Kotak,BOB,Bangalore,2024-04-11T20:20:55,20,3,0,44.77009009342037,1,0,0,0,0,7.176254532017144,0.3333428028452859,-0.8660254037844386,0.5000000000000001,20.40803603736815
TXN505557998,7114.54,Auto-Pay,Axis,Kotak,Hyderabad,2024-02-10T19:18:24,19,5,0,16.328646765083825,3,0,0,0,0,8.870036403638375,0.4592637403640662,-0.9659258262890684,0.2588190451025203,14.03145870603353
TXN800055209,50.0,QR,Axis,BOB,Kolkata,2024-11-27T12:04:02,12,2,0,39.18136105190705,2,0,0,0,0,3.9318256327243257,0.5048967525062706,1.2246467991473532e-16,-1.0,20.67254442076282
TXN852804066,66.99,QR,SBI,BOB,Pune,2024-09-22T09:22:38,9,6,0,34.517610930039666,1,0,0,0,0,4.219360635538369,0.5025779763688482,0.7071067811865476,-0.7071067811865475,16.307044372015866
TXN997392700,120.66,P2M,PNB,HDFC,Delhi,2024-05-30T11:46:32,11,3,0,33.55050840093279,2,0,0,0,0,4.801230268892559,0.49525315498594835,0.258819045102521,-0.9659258262890682,18.420203360373115
TXN960213470,50.0,P2P,ICICI,Kotak,Jaipur,2024-11-25T10:45:44,10,0,0,20.45810724291461,3,0,0,0,0,3.9318256327243257,0.5048967525062706,0.49999999999999994,-0.8660254037844387,15.683242897165846
TXN884351334,628.33,P2P,ICICI,PNB,Jaipur,2024-09-07T19:27:44,19,5,0,15.347429532778948,3,0,0,0,0,6.44465576141314,0.4259669229856364,-0.9659258262890684,0.2588190451025203,13.63897181311158
TXN770557843,9329.01,P2P,ICICI,Axis,Kolkata,2024-11-01T10:47:53,10,4,0,16.18304412851863,3,0,0,0,0,9.140991365652177,0.7614921213551251,0.49999999999999994,-0.8660254037844387,13.973217651407452
TXN877188462,262.04,P2M,SBI,BOB,Bangalore,2024-07-21T18:32:20,18,6,0,28.871687782977155,3,0,0,0,0,5.572306111867815,0.47595777121262295,-1.0,-1.8369701987210297e-16,19.04867511319086
TXN355656662,50.0,P2P,Axis,HDFC,Mumbai,2024-04-12T19:57:04,19,4,0,14.00706733230668,2,0,0,0,0,3.9318256327243257,0.5048967525062706,-0.9659258262890684,0.2588190451025203,10.602826932922671
TXN856269136,88.47,Auto-Pay,PNB,BOB,Lucknow,2024-02-06T08:34:03,8,1,0,18.196967092583158,1,0,0,0,0,4.493903373559505,0.4996464100691521,0.8660254037844387,-0.4999999999999998,9.778786837033262
TXN133248588,8387.24,P2M,Kotak,ICICI,Ahmedabad,2024-11-25T16:44:42,16,0,0,32.074907305799606,1,0,0,0,0,9.034586003915777,0.6329604084098381,-0.8660254037844384,-0.5000000000000004,15.329962922319844
TXN798485793,50.0,QR,BOB,PNB,Kolkata,2024-06-20T19:42:45,19,3,0,39.96664771840122,2,0,0,0,0,3.9318256327243257,0.5048967525062706,-0.9659258262890684,0.2588190451025203,20.986659087360486
TXN460187972,1469.05,Auto-Pay,HDFC,ICICI,Ahmedabad,2024-03-10T13:20:18,13,6,0,23.862861012497852,3,1,0,0,0,7.293051692799774,0.31122640066345414,-0.2588190451025208,-0.9659258262890683,37.04514440499914
TXN623921991,8918.29,P2M,Axis,Kotak,Hyderabad,2024-06-21T18:15:54,18,4,0,39.83536099746556,1,0,0,0,0,9.095971625993537,0.705437516578069,-1.0,-1.8369701987210297e-16,18.434144398986223
TXN912092363,314.76,P2P,ICICI,BOB,Bangalore,2024-08-27T14:02:31,14,1,0,38.71676785816683,3,0,0,1,0,5.754982431354592,0.46876260476383447,-0.4999999999999997,-0.8660254037844388,32.986707143266734
TXN379032591,50.0,P2M,PNB,SBI,Bangalore,2024-06-03T09:29:44,9,0,0,29.73664177120524,3,0,0,0,0,3.9318256327243257,0.5048967525062706,0.7071067811865476,-0.7071067811865475,19.394656708482096
TXN701845678,5223.5,P2P,SBI,ICICI,Mumbai,2024-09-16T11:32:05,11,0,0,28.69655821633747,2,0,0,0,0,8.561114378474166,0.201176722888403,0.258819045102521,-0.9659258262890682,16.47862328653499
TXN659841246,833.05,QR,SBI,Kotak,Hyderabad,2024-09-14T16:51:57,16,5,0,27.28912459068431,2,0,0,0,0,6.726293352600065,0.3980269670790359,-0.8660254037844384,-0.5000000000000004,15.915649836273724
TXN107283386,9026.78,QR,HDFC,SBI,Lucknow,2024-01-18T09:20:11,9,3,0,35.17554618455971,1,0,0,0,0,9.10806176900958,0.7202441100535824,0.7071067811865476,-0.7071067811865475,16.570218473823886
TXN401624633,677.61,QR,PNB,Axis,Ahmedabad,2024-06-11T18:52:21,18,1,0,30.606258382351538,2,0,0,0,0,6.5200465884631855,0.4192412438772089,-1.0,-1.8369701987210297e-16,17.242503352940616
TXN589848063,171.26,QR,HDFC,PNB,Delhi,2024-11-22T17:21:57,17,4,0,18.617655026857186,2,0,0,0,0,5.149004963361028,0.48834732375854517,-0.9659258262890683,-0.25881904510252063,12.447062010742876
TXN192643187,8627.1,P2P,PNB,Kotak,Hyderabad,2024-07-19T12:18:23,12,4,0,12.791496460235997,2,0,0,0,0,9.062779597613416,0.6656962320897777,1.2246467991473532e-16,-1.0,10.1165985840944
TXN909417860,139.62,P2P,BOB,Kotak,Hyderabad,2024-09-05T15:36:04,15,3,0,20.5325683150375,3,1,0,0,0,4.946061216771016,0.49266551545884235,-0.7071067811865471,-0.7071067811865479,35.713027326015
TXN893267279,65.72,P2P,BOB,ICICI,Hyderabad,2024-10-17T08:54:45,8,3,0,44.5879838821635,2,0,0,0,0,4.200504758050491,0.5027513045439232,0.8660254037844387,-0.4999999999999998,22.8351935528654
TXN502255708,1326.11,P2M,HDFC,ICICI,Delhi,2024-09-17T20:00:22,20,1,0,31.728658122706214,1,0,0,0,0,7.190758924642001,0.33073469148647805,-0.8660254037844386,0.5000000000000001,15.191463249082487
TXN629761632,546.88,P2M,BOB,ICICI,Lucknow,2024-11-16T14:39:17,14,5,0,16.316445170396594,3,0,0,1,0,6.306056284866621,0.4370831275997073,-0.4999999999999997,-0.8660254037844388,24.02657806815864
TXN198627761,124.54,P2P,Kotak,PNB,Mumbai,2024-02-26T14:37:08,14,0,0,36.407490637321615,2,0,0,0,0,4.832624432889386,0.4947236169392621,-0.4999999999999997,-0.8660254037844388,19.56299625492865
TXN253223747,846.73,QR,BOB,SBI,Lucknow,2024-04-29T09:51:13,9,0,0,12.153675544627394,2,0,0,0,0,6.742562188866648,0.3961599360278328,0.7071067811865476,-0.7071067811865475,9.861470217850957
TXN527502421,14172.31,P2P,SBI,BOB,Mumbai,2024-12-17T10:15:29,10,1,0,20.52281555518074,3,0,0,0,0,9.559115897502318,1.4225002712302623,0.49999999999999994,-0.8660254037844387,15.709126222072296
TXN905268889,53.32,P2P,PNB,PNB,Bangalore,2024-07-26T19:33:12,19,4,0,40.471554435108594,1,1,0,0,0,3.9948924832504407,0.5044436426312711,-0.9659258262890684,0.2588190451025203,38.68862177404344
TXN812071887,838.62,P2M,PNB,BOB,Chennai,2024-07-15T20:47:52,20,0,0,13.010915386040455,3,0,0,0,0,6.732949408529845,0.3972667797285095,-0.8660254037844386,0.5000000000000001,12.704366154416181
TXN831223323,15000.0,P2M,PNB,Axis,Pune,2024-07-31T05:40:54,5,2,1,96.6823940149874,13,1,1,1,1,9.61587214452889,1.5354624737719493,0.9659258262890683,0.25881904510252074,116.17295760599495
TXN120091062,160.85,Auto-Pay,BOB,SBI,Ahmedabad,2024-11-13T13:40:56,13,2,0,36.456030089184765,3,0,0,0,0,5.086669980372253,0.4897680688786492,-0.2588190451025208,-0.9659258262890683,22.082412035673904
TXN292814446,50.0,QR,PNB,HDFC,Pune,2024-02-15T13:11:29,13,3,0,15.161939115804362,1,0,0,0,0,3.9318256327243257,0.5048967525062706,-0.2588190451025208,-0.9659258262890683,8.564775646321745
TXN277606991,106.11,QR,HDFC,Axis,Ahmedabad,2024-02-06T14:51:05,14,1,0,26.11324369339151,3,0,0,0,0,4.673856343776539,0.49723892266102176,-0.4999999999999997,-0.8660254037844388,17.945297477356604
TXN891364978,415.7,P2P,BOB,Kotak,Pune,2024-10-13T15:45:20,15,6,0,10.235768762243131,2,0,0,0,0,6.032366538428407,0.45498642681731116,-0.7071067811865471,-0.7071067811865479,9.094307504897252
TXN703069375,3983.58,P2P,PNB,PNB,Kolkata,2024-12-08T11:10:32,11,6,0,22.18068322684241,3,0,0,0,0,8.290187190437727,0.0319538324638618,0.258819045102521,-0.9659258262890682,16.372273290736963
TXN473353748,417.35,P2M,HDFC,PNB,Mumbai,2024-03-22T16:52:19,16,4,0,29.1186788661011,2,1,0,0,0,6.036318402741608,0.4547612366685915,-0.8660254037844384,-0.5000000000000004,36.64747154644044
TXN432758542,230.25,P2M,BOB,ICICI,Lucknow,2024-08-20T08:53:38,8,1,0,22.731654424360755,1,1,0,0,0,5.443499376392535,0.4802964347446219,0.8660254037844387,-0.4999999999999998,31.592661769744304
TXN421790950,3525.41,P2P,PNB,PNB,Kolkata,2024-10-27T09:46:11,9,6,0,35.55851670252538,1,0,0,0,0,8.168035635267696,0.030576695074860088,0.7071067811865476,-0.7071067811865475,16.723406681010154
TXN864444786,381.39,P2M,PNB,HDFC,Mumbai,2024-08-11T10:47:09,10,6,0,26.652888524811036,1,0,0,0,0,5.946441030207698,0.45966901712190017,0.49999999999999994,-0.8660254037844387,13.161155409924415
TXN100716373,1471.8,Auto-Pay,BOB,Kotak,Delhi,2024-02-13T16:07:42,16,1,0,37.334519192468946,2,0,0,0,0,7.2949206299188685,0.31085108374892134,-0.8660254037844384,-0.5000000000000004,19.933807676987577
TXN219775314,5268.44,P2M,SBI,Axis,Jaipur,2024-10-29T12:14:30,12,1,0,27.959884018507996,2,0,0,0,0,8.569679374029635,0.20731008366625867,1.2246467991473532e-16,-1.0,16.183953607403197
TXN404402623,50.0,P2M,Axis,ICICI,Kolkata,2024-03-20T08:48:15,8,2,0,34.934577608208876,3,0,0,0,0,3.9318256327243257,0.5048967525062706,0.8660254037844387,-0.4999999999999998,21.473831043283553
TXN231937047,645.42,P2P,BOB,SBI,Ahmedabad,2024-08-01T17:06:14,17,3,0,26.431261658810392,2,0,0,0,0,6.4714494473222945,0.4236344989604126,-0.9659258262890683,-0.25881904510252063,15.572504663524157
TXN616628783,21300.78,P2P,ICICI,BOB,Kolkata,2024-12-02T16:32:30,16,0,0,10.505473648230092,3,0,0,0,0,9.966545916281017,2.3953858587719012,-0.8660254037844384,-0.5000000000000004,11.702189459292036
TXN373602738,462.28,QR,HDFC,HDFC,Kolkata,2024-01-23T11:30:16,11,1,0,22.123465096301636,1,0,0,0,0,6.138331622917534,0.4486292406795158,0.258819045102521,-0.9659258262890682,11.349386038520654
TXN143219177,50.0,P2P,PNB,SBI,Ahmedabad,2024-09-11T18:19:46,18,2,0,20.840486430463613,1,0,0,0,0,3.9318256327243257,0.5048967525062706,-1.0,-1.8369701987210297e-16,10.836194572185446
TXN967886203,15448.85,P2M,Kotak,PNB,Lucknow,2024-12-26T13:02:32,13,3,0,21.798039430837584,1,0,0,0,0,9.645354573540898,1.5967210181676001,-0.2588190451025208,-0.9659258262890683,11.219215772335033
TXN793590430,662.42,QR,BOB,SBI,Kolkata,2024-07-19T15:22:35,15,4,0,11.702062737009868,3,1,0,0,0,6.497408273782366,0.42131435803420997,-0.7071067811865471,-0.7071067811865479,32.18082509480395
TXN173806919,271.02,Auto-Pay,HDFC,Kotak,Jaipur,2024-09-23T09:44:26,9,0,0,30.365112273963184,3,0,0,0,0,5.605875593004607,0.4747321908880759,0.7071067811865476,-0.7071067811865475,19.646044909585274
TXN793456096,603.2,QR,BOB,BOB,Mumbai,2024-05-30T10:22:42,10,3,0,12.420374870147544,3,1,0,0,0,6.403905268952571,0.4293966371900759,0.49999999999999994,-0.8660254037844387,32.46814994805902
TXN687217701,3713.4,P2P,ICICI,Kotak,Kolkata,2024-08-27T10:38:28,10,1,0,39.46757360677387,1,0,0,0,0,8.219972436705712,0.0049200307973990155,0.49999999999999994,-0.8660254037844387,18.287029442709546
TXN800872519,1479.97,QR,BOB,Kotak,Lucknow,2024-05-12T14:56:57,14,6,0,43.93154871495159,1,0,0,0,0,7.300452557479242,0.3097360513155639,-0.4999999999999997,-0.8660254037844388,20.072619485980635
TXN211452879,284.08,P2P,HDFC,ICICI,Kolkata,2024-03-15T14:06:42,14,4,0,37.38574138757242,1,0,0,0,0,5.65276984263367,0.4729497767412402,-0.4999999999999997,-0.8660254037844388,17.454296555028968
TXN555864246,235.14,P2P,Kotak,HDFC,Mumbai,2024-08-01T18:53:33,18,3,0,39.68097659300484,3,0,0,0,0,5.464424849478964,0.4796290530311436,-1.0,-1.8369701987210297e-16,23.37239063720194
TXN233436073,692.52,P2M,PNB,HDFC,Kolkata,2024-07-05T19:16:20,19,4,0,19.4990055838283,3,0,0,0,0,6.541780078560385,0.41720634380605115,-0.9659258262890684,0.2588190451025203,15.29960223353132
TXN381804185,803.93,P2M,BOB,Axis,Bangalore,2024-02-27T14:50:12,14,1,0,34.04306356492836,1,0,0,0,0,6.690755317115887,0.40200123200674304,-0.4999999999999997,-0.8660254037844388,16.117225425971345
TXN896466385,40000.0,Collect,Axis,SBI,Lucknow,2024-05-22T04:26:02,4,2,1,70.13948267101154,10,0,1,1,1,10.596659732783579,4.947434424069976,0.8660254037844386,0.5000000000000001,78.05579306840461
TXN525597407,674.89,P2P,HDFC,ICICI,Chennai,2024-03-15T12:56:47,12,4,0,26.923338088237415,2,0,0,0,0,6.516030340908829,0.41961246642540134,1.2246467991473532e-16,-1.0,15.769335235294967
TXN322127589,900.4,P2M,BOB,ICICI,Chennai,2024-01-05T13:13:20,13,4,0,25.5735101194631,1,0,0,0,0,6.803949110256548,0.388835114644933,-0.2588190451025208,-0.9659258262890683,12.729404047785241
TXN222747819,716.29,P2M,SBI,PNB,Jaipur,2024-09-16T16:35:35,16,0,0,11.643391373134053,2,0,0,0,0,6.57548022186694,0.41396224087570777,-0.8660254037844384,-0.5000000000000004,9.65735654925362
TXN265166070,50.0,Auto-Pay,BOB,ICICI,Chennai,2024-02-21T18:13:57,18,2,0,10.205496720938793,2,0,0,0,0,3.9318256327243257,0.5048967525062706,-1.0,-1.8369701987210297e-16,9.082198688375517
TXN724409334,3945.49,P2P,Kotak,Axis,Lucknow,2024-11-22T19:51:11,19,4,0,22.903498422546257,1,0,0,0,0,8.280581855254457,0.026755352000387703,-0.9659258262890684,0.2588190451025203,11.661399369018502
TXN324137605,18264.43,Collect,Kotak,BOB,Ahmedabad,2024-04-14T13:47:38,13,6,0,12.96693791795128,1,0,0,0,0,9.812765481246272,1.980988217520405,-0.2588190451025208,-0.9659258262890683,7.686775167180512
TXN931017638,168.9,P2M,BOB,ICICI,Bangalore,2024-06-14T16:38:04,16,4,0,17.025227335946187,3,0,0,0,0,5.135210028677887,0.48866941391065327,-0.8660254037844384,-0.5000000000000004,14.310090934378476
TXN843568111,4011.92,P2P,HDFC,SBI,Mumbai,2024-02-18T10:40:04,10,6,0,31.912705186964615,2,0,0,1,0,8.297274434857641,0.03582164386671966,0.49999999999999994,-0.8660254037844387,27.765082074785845
TXN380341091,9237.23,P2P,BOB,PNB,Chennai,2024-02-16T17:48:38,17,4,0,39.825467290777866,1,0,0,0,0,9.131105587844509,0.748966089931191,-0.9659258262890683,-0.25881904510252063,18.430186916311147
TXN939256090,25000.0,QR,ICICI,ICICI,Chennai,2024-02-07T01:18:51,1,2,1,67.58099669900328,12,1,1,1,1,10.12667110305036,2.90025125389116,0.25881904510252074,0.9659258262890683,102.03239867960131
TXN954443424,420.26,P2P,Axis,Kotak,Kolkata,2024-03-22T18:28:50,18,4,0,30.28387702228039,2,0,0,0,0,6.043250220257212,0.4543640831335768,-1.0,-1.8369701987210297e-16,17.11355080891216
TXN434084873,9294.33,QR,PNB,PNB,Delhi,2024-08-14T18:19:23,18,2,0,18.337491849020168,3,0,0,0,0,9.137267402483909,0.7567590338656717,-1.0,-1.8369701987210297e-16,14.834996739608068
TXN672898775,20437.43,P2M,BOB,Axis,Chennai,2024-09-27T15:34:38,15,4,0,29.579224432526406,3,0,0,0,0,9.925172231191462,2.2775568194403095,-0.7071067811865471,-0.7071067811865479,19.331689773010563
TXN378252158,415.15,P2P,ICICI,BOB,Lucknow,2024-09-27T12:18:38,12,4,0,32.45216291725008,3,0,0,0,0,6.031045772192104,0.4550614902002177,1.2246467991473532e-16,-1.0,20.48086516690003
TXN292703015,22242.97,P2P,SBI,BOB,Mumbai,2024-04-29T09:01:55,9,0,0,28.83810736367343,1,0,0,0,0,10.00982623962825,2.5239748928459536,0.7071067811865476,-0.7071067811865475,14.035242945469372
TXN861350081,902.0,P2M,PNB,Axis,Chennai,2024-11-07T13:21:48,13,3,0,20.701582050022655,1,0,0,0,0,6.805722553416985,0.3886167484401139,-0.2588190451025208,-0.9659258262890683,10.780632820009062
TXN809166408,441.18,QR,Axis,ICICI,Lucknow,2024-10-30T19:39:36,19,2,0,25.184570165543548,3,0,0,0,0,6.091717038997073,0.45150894500556743,-0.9659258262890684,0.2588190451025203,17.57382806621742
TXN376733213,15000.0,QR,Kotak,Kotak,Hyderabad,2024-10-26T06:05:42,6,5,0,77.84669054540882,12,1,1,0,1,9.61587214452889,1.5354624737719493,1.0,6.123233995736766e-17,81.13867621816352
TXN778648787,1065.96,P2P,Axis,SBI,Mumbai,2024-06-11T14:17:26,14,1,0,40.127663336066256,3,0,0,0,0,6.972568762314139,0.36623967160127935,-0.4999999999999997,-0.8660254037844388,23.551065334426504
TXN792284484,23576.93,P2P,ICICI,PNB,Delhi,2024-09-13T14:47:25,14,4,0,36.81872541303149,2,0,0,0,0,10.068066383978381,2.7060322569587356,-0.4999999999999997,-0.8660254037844388,19.727490165212593
TXN160939451,293.84,Collect,HDFC,Axis,Hyderabad,2024-01-09T20:36:04,20,1,0,13.262401477120434,3,0,0,0,0,5.686432836321088,0.4716177428918438,-0.8660254037844386,0.5000000000000001,12.804960590848175
TXN838142758,3902.48,P2M,Kotak,HDFC,Kolkata,2024-11-05T17:15:47,17,1,0,15.237650560762985,1,0,0,0,0,8.269623741940201,0.020885395457095012,-0.9659258262890683,-0.25881904510252063,8.595060224305193
TXN970732495,84.5,P2P,ICICI,Axis,Hyderabad,2024-07-29T14:18:16,14,0,0,22.176287930843536,2,0,0,0,0,4.448516375942715,0.5001882312148594,-0.4999999999999997,-0.8660254037844388,13.870515172337415
TXN530857020,198.69,P2M,HDFC,Kotak,Kolkata,2024-01-18T13:09:50,13,3,0,16.254410819192096,3,0,0,0,0,5.2967661640553,0.4846037081346781,-0.2588190451025208,-0.9659258262890683,14.001764327676838
TXN660202770,2890.95,QR,ICICI,SBI,Delhi,2024-08-30T20:34:52,20,4,0,36.24869526020094,3,0,0,0,0,7.969686294055892,0.11716708401830353,-0.8660254037844386,0.5000000000000001,21.999478104080374
TXN152869791,7834.16,P2P,SBI,PNB,Hyderabad,2024-12-19T10:02:27,10,3,0,23.754097887085194,3,0,0,0,0,8.966376575768592,0.5574766705590048,0.49999999999999994,-0.8660254037844387,17.00163915483408
TXN345708157,646.52,QR,Axis,BOB,Lucknow,2024-07-10T19:28:27,19,2,0,12.234448264618525,3,0,0,0,0,6.4731496811275555,0.4234843721945995,-0.9659258262890684,0.2588190451025203,12.39377930584741
TXN584209227,5257.97,QR,PNB,Kotak,Bangalore,2024-01-23T20:07:54,20,1,0,19.3048505996533,2,0,0,0,0,8.567690469066513,0.20588114981347394,-0.8660254037844386,0.5000000000000001,12.72194023986132
TXN229248710,2294.38,P2M,BOB,PNB,Chennai,2024-05-09T17:02:40,17,3,0,23.015817660600693,3,0,0,0,0,7.738653686130278,0.19858628827387526,-0.9659258262890683,-0.25881904510252063,16.706327064240277
TXN793832190,724.89,P2P,SBI,PNB,Ahmedabad,2024-09-15T17:27:26,17,6,0,16.39905077952462,1,0,0,0,0,6.587398488193701,0.4127885225248053,-0.9659258262890683,-0.25881904510252063,9.059620311809848
TXN710617416,950.13,P2P,PNB,Axis,Hyderabad,2024-01-01T14:57:38,14,0,0,15.506419800063988,1,0,0,0,0,6.857650751415449,0.38204802004140015,-0.4999999999999997,-0.8660254037844388,8.702567920025595
TXN129722746,6344.21,P2P,Axis,PNB,Kolkata,2024-09-12T12:39:56,12,3,0,28.13156735205285,2,0,0,0,0,8.75545547652751,0.35412996626514304,1.2246467991473532e-16,-1.0,16.25262694082114
TXN328197271,143.05,P2P,SBI,BOB,Lucknow,2024-06-22T19:17:51,19,5,0,43.92939098738297,3,0,0,0,0,4.970160461530537,0.4921973929072614,-0.9659258262890684,0.2588190451025203,25.07175639495319
TXN366838942,251.87,P2P,PNB,PNB,Delhi,2024-01-04T15:22:47,15,3,0,28.718034192170883,1,0,0,0,0,5.5328755226775,0.4773457614020042,-0.7071067811865471,-0.7071067811865479,13.987213676868354
TXN156713519,50.0,Collect,BOB,Axis,Ahmedabad,2024-04-13T10:42:37,10,5,0,17.359573676922743,2,0,0,0,0,3.9318256327243257,0.5048967525062706,0.49999999999999994,-0.8660254037844387,11.943829470769098
TXN557921859,98.6,Auto-Pay,Kotak,SBI,Hyderabad,2024-09-12T13:46:36,13,3,0,28.21122545332039,2,0,0,0,0,4.601162164590552,0.49826387903489133,-0.2588190451025208,-0.9659258262890683,16.28449018132816
TXN704754472,9057.6,P2P,Axis,BOB,Lucknow,2024-09-15T08:20:10,8,6,0,14.131332635708375,3,0,0,0,0,9.111469861710434,0.7244503890739097,0.8660254037844387,-0.4999999999999998,13.15253305428335
TXN382983128,591.29,P2P,SBI,BOB,Hyderabad,2024-10-01T09:54:10,9,1,0,36.808535995693106,2,0,0,0,0,6.383996379804247,0.4310221006271979,0.7071067811865476,-0.7071067811865475,19.723414398277242
TXN702236907,930.47,P2P,PNB,Kotak,Kolkata,2024-10-08T17:23:28,17,1,0,34.973446144660905,1,0,0,0,0,6.836763983403852,0.38473119478311457,-0.9659258262890683,-0.25881904510252063,16.489378457864362
TXN501905157,115.12,P2P,SBI,PNB,Hyderabad,2024-06-12T14:31:28,14,2,0,41.10366467648517,3,1,0,0,0,4.754624139156429,0.4960092479701344,-0.4999999999999997,-0.8660254037844388,43.94146587059407
TXN168754109,156.99,Collect,HDFC,ICICI,Mumbai,2024-09-23T08:04:48,8,0,0,29.53919090735391,2,0,0,0,0,5.062531739884758,0.4902948773477752,0.8660254037844387,-0.4999999999999998,16.815676362941566
TXN942764669,686.68,P2P,SBI,PNB,Chennai,2024-12-08T10:54:24,10,6,0,12.275027613211098,3,0,0,0,0,6.5333236134541455,0.41800338045364077,0.49999999999999994,-0.8660254037844387,12.410011045284438
TXN312506821,339.74,QR,HDFC,PNB,Pune,2024-10-13T20:40:27,20,6,0,17.150068242858243,3,0,0,0,0,5.831119723117396,0.46535336239109665,-0.8660254037844386,0.5000000000000001,14.360027297143297
TXN748540642,20791.52,P2P,Kotak,Kotak,Mumbai,2024-10-27T11:12:13,11,6,0,21.114055619290184,1,0,0,0,0,9.942348585627675,2.3258826253555505,0.258819045102521,-0.9659258262890682,10.945622247716074
TXN452885042,2185.69,Auto-Pay,HDFC,BOB,Hyderabad,2024-07-24T16:34:57,16,2,0,14.142677974795431,2,0,0,0,0,7.6901442639448,0.21342017752499096,-0.8660254037844384,-0.5000000000000004,10.657071189918174
TXN406496558,195.15,QR,ICICI,PNB,Delhi,2024-11-10T08:59:05,8,6,0,30.612962442693487,3,0,0,0,0,5.278879672655561,0.4850868433628403,0.8660254037844387,-0.4999999999999998,19.745184977077393
TXN653007170,251.32,P2P,BOB,ICICI,Lucknow,2024-07-30T15:42:33,15,1,0,14.946566900758311,2,0,0,0,0,5.530698123214728,0.4774208247849107,-0.7071067811865471,-0.7071067811865479,10.978626760303325
TXN387550099,223.11,QR,HDFC,PNB,Lucknow,2024-09-11T11:13:04,11,2,0,28.39711701098264,2,0,0,0,0,5.412137002747497,0.481270893933627,0.258819045102521,-0.9659258262890682,16.358846804393057
TXN795568189,5290.41,P2M,SBI,Kotak,Ahmedabad,2024-12-03T20:21:50,20,1,0,11.133138204604283,1,0,0,0,0,8.57384002997942,0.2103085246161806,-0.8660254037844386,0.5000000000000001,6.953255281841713
TXN287863625,1024.73,P2P,Axis,BOB,Chennai,2024-08-18T14:34:05,14,6,0,27.113883230176167,1,0,0,0,0,6.933159833203863,0.37186669574171083,-0.4999999999999997,-0.8660254037844388,13.345553292070468
TXN392197741,1273.88,P2M,SBI,BOB,Delhi,2024-11-23T13:14:49,13,5,0,27.946687391462397,2,0,0,0,0,7.150607335516124,0.3378629832850407,-0.2588190451025208,-0.9659258262890683,16.17867495658496
TXN349615672,8739.11,QR,ICICI,PNB,Chennai,2024-12-20T18:34:57,18,4,0,40.10160300763236,2,0,0,0,0,9.075678054382738,0.680983231215893,-1.0,-1.8369701987210297e-16,21.040641203052946
TXN734639729,191.86,QR,ICICI,HDFC,Delhi,2024-04-28T16:30:05,16,6,0,11.063909518403415,1,0,0,0,0,5.261964537082238,0.4855358588714995,-0.8660254037844384,-0.5000000000000004,6.925563807361367
TXN645689437,461.74,Collect,PNB,Axis,Hyderabad,2024-11-27T17:16:34,17,2,0,30.62566004539108,3,0,0,0,0,6.137165341279536,0.44870293927364224,-0.9659258262890683,-0.25881904510252063,19.750264018156432
TXN558764521,2587.93,P2P,ICICI,BOB,Jaipur,2024-09-23T10:56:22,10,0,0,20.687909547887863,3,0,0,0,0,7.858999941919816,0.15852291363347584,0.49999999999999994,-0.8660254037844387,15.775163819155145
TXN711853267,2499.48,P2P,PNB,ICICI,Bangalore,2024-09-04T14:26:33,14,2,0,43.282500807589194,3,0,0,0,0,7.824237992426651,0.17059447039363024,-0.4999999999999997,-0.8660254037844388,24.813000323035677
TXN409219945,203.53,P2P,Kotak,ICICI,Pune,2024-05-03T20:36:28,20,4,0,15.38649666428208,1,0,0,0,0,5.320714663990075,0.4839431503651004,-0.8660254037844386,0.5000000000000001,8.654598665712832
TXN125519639,16088.2,Collect,Axis,PNB,Kolkata,2024-01-31T11:09:25,11,2,0,10.483777143412315,3,0,0,0,0,9.68590351842715,1.683978788824522,0.258819045102521,-0.9659258262890682,11.693510857364927
TXN141773355,686.92,Collect,Axis,HDFC,Chennai,2024-12-15T14:59:35,14,6,0,33.35825238392888,1,0,0,0,0,6.533672552102641,0.4179706255229179,-0.4999999999999997,-0.8660254037844388,15.843300953571552
TXN871009782,1448.55,P2M,SBI,Axis,Delhi,2024-04-18T20:46:22,20,3,0,41.00658321888973,3,0,0,0,0,7.279008442420112,0.3140242176626985,-0.8660254037844386,0.5000000000000001,23.902633287555894
TXN386052209,5797.39,P2P,HDFC,SBI,Bangalore,2024-03-09T17:28:15,17,5,0,43.51398951064755,1,0,0,0,0,8.665335571793431,0.2795005861906644,-0.9659258262890683,-0.25881904510252063,19.90559580425902
TXN926656347,435.09,P2M,ICICI,Kotak,Jaipur,2024-11-29T12:46:23,12,4,0,21.6844722520185,1,1,0,0,0,6.0778486440652895,0.45234010137265995,1.2246467991473532e-16,-1.0,31.173788900807402
TXN583511449,21812.24,P2P,SBI,HDFC,Delhi,2024-09-30T11:11:27,11,0,0,36.29484600508974,1,0,0,1,0,9.990272403870758,2.4651893457198786,0.258819045102521,-0.9659258262890682,27.017938402035895
TXN298493030,4771.28,P2M,PNB,SBI,Bangalore,2024-10-05T18:48:23,18,5,0,28.507811413131208,1,0,0,0,0,8.470579457104172,0.139458244673852,-1.0,-1.8369701987210297e-16,13.903124565252483
TXN969802988,6453.34,P2P,PNB,BOB,Bangalore,2024-09-29T16:58:22,16,6,0,34.532737775629975,2,0,0,0,0,8.772508051732549,0.369023906222584,-0.8660254037844384,-0.5000000000000004,18.813095110251993
TXN656086264,254.83,P2M,SBI,Kotak,Chennai,2024-11-16T19:40:26,19,5,0,38.21777771998255,2,0,0,0,0,5.544513161392399,0.4769417839230889,-0.9659258262890684,0.2588190451025203,20.28711108799302
TXN634357533,460.12,P2M,BOB,Kotak,Pune,2024-09-23T09:54:47,9,0,0,22.34256822870058,3,0,0,0,0,6.133658312811157,0.44892403505602163,0.7071067811865476,-0.7071067811865475,16.437027291480234
TXN195481892,3014.48,P2M,SBI,BOB,Hyderabad,2024-10-22T14:08:31,14,1,0,10.841930333564319,2,0,0,0,0,8.011514300469777,0.1003078482174909,-0.4999999999999997,-0.8660254037844388,9.336772133425729
TXN282523389,59.09,P2P,HDFC,Axis,Bangalore,2024-02-20T10:35:43,10,1,0,42.91964506154226,3,0,0,0,0,4.095843438345836,0.5036561595051423,0.49999999999999994,-0.8660254037844387,24.667858024616905
TXN669940967,948.41,P2P,Kotak,HDFC,Chennai,2024-11-30T17:14:36,17,5,0,13.656618601028065,3,0,0,0,0,6.8558407390299365,0.3822827637115807,-0.9659258262890683,-0.25881904510252063,12.962647440411226
TXN985743128,50.0,P2P,SBI,ICICI,Chennai,2024-12-12T13:53:56,13,3,0,17.2898475518778,3,0,0,0,0,3.9318256327243257,0.5048967525062706,-0.2588190451025208,-0.9659258262890683,14.41593902075112
TXN656966971,800.47,QR,Axis,SBI,Hyderabad,2024-10-22T19:55:22,19,1,0,33.589797285100566,1,0,0,0,0,6.686447541530005,0.4024734489246643,-0.9659258262890684,0.2588190451025203,15.935918914040228
TXN771197047,492.71,P2M,PNB,Kotak,Pune,2024-05-20T13:44:24,13,0,0,25.698049752638113,3,1,0,0,0,6.201948300275401,0.44447618842161307,-0.2588190451025208,-0.9659258262890683,37.77921990105524
TXN546565444,421.69,P2M,SBI,HDFC,Lucknow,2024-05-11T12:07:41,12,5,0,11.91355751921441,3,0,0,0,0,6.0466390498526374,0.4541689183380197,1.2246467991473532e-16,-1.0,12.265423007685765
TXN765671081,3705.17,P2M,SBI,SBI,Hyderabad,2024-07-18T17:57:59,17,3,0,44.10344541788627,2,0,0,0,0,8.21775427735287,0.006043251963437128,-0.9659258262890683,-0.25881904510252063,22.64137816715451
TXN159202250,7858.09,Auto-Pay,BOB,PNB,Ahmedabad,2024-03-18T11:30:12,11,0,0,22.100049306667607,2,0,0,0,0,8.96942610263926,0.5607426101098302,0.258819045102521,-0.9659258262890682,13.840019722667043
TXN263129534,86.47,P2P,PNB,Axis,Pune,2024-05-29T16:59:16,16,2,0,19.442223217815005,2,0,0,0,0,4.471295877431763,0.49991936782517593,-0.8660254037844384,-0.5000000000000004,12.776889287126004
TXN878390091,2118.68,P2P,SBI,PNB,Ahmedabad,2024-04-03T08:04:59,8,2,0,38.97793105121222,1,0,0,0,0,7.659020412876731,0.22256562714056982,0.8660254037844387,-0.4999999999999998,18.091172420484888
TXN895007847,295.48,P2P,Kotak,ICICI,Mumbai,2024-12-11T13:56:00,13,2,0,43.937505879773894,3,0,0,1,0,5.691979762537049,0.4713939175319043,-0.2588190451025208,-0.9659258262890683,35.07500235190956
TXN125725783,13879.13,P2M,HDFC,SBI,Hyderabad,2024-08-07T08:57:46,8,2,0,20.076674306338695,2,0,0,0,0,9.53821360001117,1.3824873937747273,0.8660254037844387,-0.4999999999999998,13.030669722535478
TXN451946755,1683.0,P2P,BOB,BOB,Kolkata,2024-04-30T16:29:09,16,1,0,31.641281834906323,3,1,0,0,0,7.428927194802272,0.2820267447128036,-0.8660254037844384,-0.5000000000000004,40.15651273396253
TXN847602080,1136.14,P2M,BOB,Axis,Ahmedabad,2024-08-08T19:25:40,19,3,0,33.95528674648954,1,0,0,0,0,7.036271617217145,0.3566615839424027,-0.9659258262890684,0.2588190451025203,16.082114698595817
TXN774823552,1363.11,P2P,Kotak,SBI,Chennai,2024-12-08T11:39:17,11,6,0,20.41881202872387,3,0,0,0,0,7.218257480313051,0.32568497300003696,0.258819045102521,-0.9659258262890682,15.667524811489548
TXN145933372,130.89,P2M,BOB,SBI,Kolkata,2024-12-22T08:01:45,8,6,0,31.97547611573016,2,0,0,0,0,4.881968241837793,0.4938569760638864,0.8660254037844387,-0.4999999999999998,17.790190446292065
TXN773155416,111.31,P2M,HDFC,BOB,Kolkata,2024-09-04T20:32:32,20,2,0,15.117752096118455,1,0,0,0,0,4.721262904974945,0.4965292324953598,-0.8660254037844386,0.5000000000000001,8.547100838447381
TXN993006037,5603.58,P2P,Axis,ICICI,Kolkata,2024-09-02T15:36:06,15,0,0,30.368612390671736,2,0,0,0,0,8.631339399603185,0.25304961484317395,-0.7071067811865471,-0.7071067811865479,17.147444956268693
TXN722915706,384.56,P2P,ICICI,SBI,Jaipur,2024-10-13T20:47:45,20,6,0,12.296026773076033,3,0,0,0,0,5.954696822915768,0.4592363790786024,-0.8660254037844386,0.5000000000000001,12.418410709230415
TXN528862645,193.58,Auto-Pay,ICICI,HDFC,Hyderabad,2024-04-22T16:21:37,16,0,0,19.51609126714836,2,0,0,0,0,5.270843389547282,0.4853011152013191,-0.8660254037844384,-0.5000000000000004,12.806436506859345
TXN735429978,1647.67,P2P,HDFC,Kotak,Ahmedabad,2024-05-12T13:54:41,13,6,0,39.63925229128519,2,0,0,0,0,7.407724181247035,0.28684854347296473,-0.2588190451025208,-0.9659258262890683,20.855700916514074
TXN159627998,13568.93,P2M,Axis,SBI,Pune,2024-09-05T15:14:46,15,3,0,35.50928198979916,2,0,0,1,0,9.51561159437788,1.3401516458154294,-0.7071067811865471,-0.7071067811865479,29.203712795919664
TXN234415503,5983.33,QR,Kotak,Kotak,Lucknow,2024-05-23T12:04:34,12,3,0,44.098687298704355,2,0,0,0,0,8.696899665192593,0.30487746876820093,1.2246467991473532e-16,-1.0,22.639474919481742
TXN481949388,363.7,P2M,Axis,HDFC,Delhi,2024-10-22T18:27:57,18,1,0,35.70416248901364,2,0,0,0,0,5.8990750978146345,0.4620833284739311,-1.0,-1.8369701987210297e-16,19.281664995605457
TXN949526899,25000.0,P2P,ICICI,SBI,Bangalore,2024-07-09T10:23:46,10,1,0,77.36287842256385,5,0,1,0,1,10.12667110305036,2.90025125389116,0.49999999999999994,-0.8660254037844387,43.44515136902554
TXN310687903,183.05,P2P,SBI,HDFC,Chennai,2024-06-18T12:39:24,12,1,0,14.549520824342466,1,0,0,0,0,5.21520745982503,0.48673823778678454,1.2246467991473532e-16,-1.0,8.319808329736986
TXN871406292,2463.09,Collect,Kotak,PNB,Ahmedabad,2024-08-03T18:24:45,18,5,0,25.54720052268695,3,0,0,0,0,7.809577849960379,0.17556093676448403,-1.0,-1.8369701987210297e-16,17.718880209074783
TXN904716552,1709.7,P2P,BOB,SBI,Mumbai,2024-01-29T18:45:12,18,0,0,14.579065000074335,1,0,0,0,0,7.444657922458246,0.27838275866988527,-1.0,-1.8369701987210297e-16,8.331626000029734
TXN956200889,275.25,P2P,PNB,BOB,Pune,2024-09-04T15:00:02,15,2,0,20.137355549716737,3,0,0,0,0,5.621306252831962,0.47415488523408544,-0.7071067811865471,-0.7071067811865479,15.554942219886696
TXN622290612,1962.58,P2M,HDFC,HDFC,Jaipur,2024-06-14T10:39:25,10,4,0,31.831030413065847,1,0,0,0,0,7.5825246167582225,0.24386997999823068,0.49999999999999994,-0.8660254037844387,15.23241216522634
TXN877699994,1017.34,Auto-Pay,Axis,PNB,Bangalore,2024-12-28T13:04:11,13,5,0,19.15871530550023,2,0,0,0,0,6.925929129561001,0.3728752746502189,-0.2588190451025208,-0.9659258262890683,12.663486122200093
TXN241191376,667.97,P2M,SBI,ICICI,Mumbai,2024-07-17T20:11:46,20,2,0,28.91852378811275,3,0,0,1,0,6.5057392160734215,0.4205569002612438,-0.8660254037844386,0.5000000000000001,29.067409515245103
TXN140318194,7819.36,P2M,Axis,PNB,Pune,2024-05-31T20:07:12,20,4,0,34.326240482992105,2,0,0,0,0,8.964485868285369,0.5554567831644284,-0.8660254037844386,0.5000000000000001,18.730496193196842
TXN250942566,50.0,P2P,Axis,Kotak,Hyderabad,2024-12-19T12:36:24,12,3,0,20.927213790309025,1,0,0,0,0,3.9318256327243257,0.5048967525062706,1.2246467991473532e-16,-1.0,10.87088551612361
TXN830240545,63.53,P2M,BOB,Kotak,Hyderabad,2024-06-06T08:24:24,8,3,0,44.147130251482054,1,0,0,0,0,4.167130231947748,0.5030501932867694,0.8660254037844387,-0.4999999999999998,20.15885210059282
TXN783072734,50.0,P2M,ICICI,Axis,Bangalore,2024-12-10T11:42:51,11,1,0,13.630410518119414,1,0,0,0,0,3.9318256327243257,0.5048967525062706,0.258819045102521,-0.9659258262890682,7.952164207247765
TXN764016923,50.0,P2P,HDFC,HDFC,Delhi,2024-09-30T12:40:40,12,0,0,44.39134674543946,2,0,0,0,0,3.9318256327243257,0.5048967525062706,1.2246467991473532e-16,-1.0,22.756538698175785
TXN393747217,8641.13,P2P,BOB,BOB,Kolkata,2024-07-10T13:15:11,13,2,0,42.02388109763133,1,0,0,0,0,9.064404359192899,0.6676110307482848,-0.2588190451025208,-0.9659258262890683,19.309552439052535
TXN206147444,2820.53,Auto-Pay,Kotak,HDFC,Pune,2024-02-10T16:34:54,16,5,0,36.91387450861808,2,0,0,0,0,7.94503456999488,0.12677792660790296,-0.8660254037844384,-0.5000000000000004,19.765549803447232
TXN697707478,247.76,P2M,HDFC,BOB,Bangalore,2024-04-04T11:42:05,11,3,0,17.48730046749012,2,0,0,0,0,5.516488576235688,0.4779066895906332,0.258819045102521,-0.9659258262890682,11.994920186996048
TXN303354514,125.04,P2P,PNB,PNB,Lucknow,2024-12-25T18:53:05,18,2,0,34.92462385624039,3,0,0,0,0,4.836599316889074,0.4946553775002561,-1.0,-1.8369701987210297e-16,21.469849542496156
TXN900230389,911.21,P2M,BOB,BOB,Ahmedabad,2024-06-24T20:11:22,20,0,0,28.645454198437168,3,0,0,0,0,6.8158702267257345,0.38735977797362414,-0.8660254037844386,0.5000000000000001,18.958181679374867
TXN213470134,299.51,P2M,SBI,Axis,Lucknow,2024-11-20T13:24:10,13,2,0,24.499872615319216,2,0,0,0,0,5.705481031291782,0.4708439076535163,-0.2588190451025208,-0.9659258262890683,14.799949046127686
TXN813268116,131.32,P2P,ICICI,Axis,Bangalore,2024-01-03T10:43:21,10,2,0,32.69592199635022,2,0,0,0,0,4.885223231275381,0.49379829014634125,0.49999999999999994,-0.8660254037844387,18.07836879854009
TXN407879625,50.0,P2P,ICICI,PNB,Mumbai,2024-12-18T10:23:29,10,2,0,38.12771720711601,1,0,0,0,0,3.9318256327243257,0.5048967525062706,0.49999999999999994,-0.8660254037844387,17.7510868828464
TXN569286216,723.08,P2P,Kotak,SBI,Delhi,2024-03-22T19:50:46,19,4,0,39.64390989724711,3,0,0,0,0,6.584901883518915,0.4130355492940069,-0.9659258262890684,0.2588190451025203,23.357563958898844
TXN817795839,471.63,P2P,PNB,SBI,Hyderabad,2024-07-24T14:09:58,14,2,0,22.02365306035221,2,0,0,0,0,6.158312841366986,0.4473531631701044,-0.4999999999999997,-0.8660254037844388,13.809461224140884
TXN397951846,339.76,P2P,BOB,BOB,Jaipur,2024-05-24T14:21:00,14,4,0,11.456508218002643,1,0,0,0,0,5.83117841717464,0.46535063281353645,-0.4999999999999997,-0.8660254037844388,7.082603287201057
TXN124467331,330.14,P2P,ICICI,Kotak,Ahmedabad,2024-04-20T13:12:28,13,5,0,30.08530473869837,1,0,0,0,0,5.802541246679465,0.4666635596200111,-0.2588190451025208,-0.9659258262890683,14.534121895479348
TXN124049754,3644.52,QR,SBI,SBI,Delhi,2024-01-18T18:02:31,18,3,0,23.609239925966346,1,0,0,1,0,8.201254295447319,0.014320695914860153,-1.0,-1.8369701987210297e-16,21.94369597038654
TXN857691813,964.56,Collect,PNB,HDFC,Pune,2024-10-15T13:11:38,13,1,0,26.90062926904414,3,0,0,0,0,6.87270824390457,0.38007862983168816,-0.2588190451025208,-0.9659258262890683,18.260251707617655
TXN777362148,1051.13,QR,SBI,HDFC,Lucknow,2024-07-28T20:53:02,20,6,0,24.652184961679268,1,1,0,0,0,6.958571959807486,0.36826365336219613,-0.8660254037844386,0.5000000000000001,32.360873984671706
TXN822283644,6243.89,P2P,Axis,Axis,Ahmedabad,2024-08-13T14:36:34,14,1,0,23.89821587773956,3,0,0,0,0,8.739518808313274,0.3404384052229872,-0.4999999999999997,-0.8660254037844388,17.059286351095825
TXN641785885,302.66,P2P,PNB,Kotak,Bangalore,2024-06-09T20:17:26,20,6,0,26.21506071732522,2,0,0,0,0,5.715908654454042,0.4704139991877787,-0.8660254037844386,0.5000000000000001,15.486024286930089
TXN871141855,186.43,P2P,HDFC,Axis,Chennai,2024-09-09T10:01:43,10,0,0,19.752761918298642,1,0,0,0,0,5.233405442370894,0.4862769391791043,0.49999999999999994,-0.8660254037844387,10.401104767319456
TXN796007508,5343.19,Auto-Pay,ICICI,Axis,Ahmedabad,2024-03-23T20:21:40,20,5,0,16.321087719804847,2,0,0,0,0,8.583765268476672,0.21751187979764977,-0.8660254037844386,0.5000000000000001,11.528435087921938
TXN196320606,4337.82,P2P,HDFC,PNB,Mumbai,2024-04-02T14:29:56,14,1,0,31.023158689718798,2,0,0,0,0,8.375357700724905,0.08030011021080469,-0.4999999999999997,-0.8660254037844388,17.40926347588752
TXN983722593,502.39,P2P,SBI,HDFC,Pune,2024-10-23T13:32:36,13,2,0,31.308073237447367,2,0,0,0,0,6.221365217585351,0.4431550728824577,-0.2588190451025208,-0.9659258262890683,17.523229294978947
TXN183136771,77.81,P2P,SBI,Kotak,Bangalore,2024-07-07T09:29:21,9,6,0,26.06288813273132,2,0,0,1,0,4.3670398923655585,0.5011012749087591,0.7071067811865476,-0.7071067811865475,25.425155253092527
TXN362327868,1735.83,P2P,Axis,SBI,Ahmedabad,2024-03-13T17:56:46,17,2,0,36.189089163428044,1,0,0,0,0,7.459816891560918,0.2748165655874338,-0.9659258262890683,-0.25881904510252063,16.975635665371218
TXN132565973,50.0,QR,BOB,SBI,Hyderabad,2024-11-24T08:22:34,8,6,0,23.692127089950997,3,0,0,0,0,3.9318256327243257,0.5048967525062706,0.8660254037844387,-0.4999999999999998,16.9768508359804
TXN540733562,762.47,P2M,BOB,PNB,Mumbai,2024-04-21T18:15:56,18,6,0,38.47795370101708,1,0,0,0,0,6.637873831155863,0.4076596462891173,-1.0,-1.8369701987210297e-16,17.891181480406832
TXN252991172,50000.0,QR,HDFC,Kotak,Pune,2024-10-23T08:32:10,8,2,0,97.30394176951646,7,0,1,1,1,10.819798284210286,6.312223204189186,0.8660254037844387,-0.4999999999999998,66.4215767078066
TXN502172218,6633.01,P2P,PNB,PNB,Chennai,2024-10-04T10:16:21,10,4,0,43.34106516101067,3,0,0,0,0,8.799964726892053,0.39354506623498586,0.49999999999999994,-0.8660254037844387,24.836426064404268
TXN410614974,555.6,P2P,Axis,HDFC,Lucknow,2024-04-01T16:27:20,16,0,0,19.022114261400876,2,0,0,0,0,6.3218468490917905,0.4358930317834434,-0.8660254037844384,-0.5000000000000004,12.608845704560352
TXN670540799,50.0,P2M,SBI,SBI,Chennai,2024-08-08T11:49:08,11,3,0,37.467579753001885,2,0,0,0,0,3.9318256327243257,0.5048967525062706,0.258819045102521,-0.9659258262890682,19.987031901200755
TXN527840584,50.0,P2P,ICICI,Kotak,Lucknow,2024-08-19T20:15:37,20,0,0,25.425866437949225,1,0,0,0,0,3.9318256327243257,0.5048967525062706,-0.8660254037844386,0.5000000000000001,12.67034657517969
TXN728062734,50.0,Collect,PNB,PNB,Hyderabad,2024-08-05T10:35:28,10,0,0,43.81672423242903,1,0,0,0,0,3.9318256327243257,0.5048967525062706,0.49999999999999994,-0.8660254037844387,20.026689692971612
TXN849876519,101.81,P2M,PNB,ICICI,Delhi,2024-12-08T18:49:59,18,6,0,17.70044095279849,3,0,0,0,0,4.632882624554627,0.497825781836473,-1.0,-1.8369701987210297e-16,14.580176381119397
TXN371592550,7919.3,P2P,HDFC,ICICI,Kolkata,2024-11-30T14:02:46,14,5,0,13.682242514755576,1,0,0,0,0,8.977184362878967,0.5690964822329397,-0.4999999999999997,-0.8660254037844388,7.97289700590223
TXN384192496,899.25,P2M,HDFC,ICICI,Pune,2024-07-07T20:29:33,20,6,0,20.934206418787113,3,0,0,0,0,6.802672502528985,0.3889920653546467,-0.8660254037844386,0.5000000000000001,15.873682567514846
TXN675175124,5993.58,Auto-Pay,SBI,Axis,Jaipur,2024-03-22T11:33:06,11,4,0,23.798320764525535,1,0,0,0,0,8.698611006625427,0.30627637726782314,0.258819045102521,-0.9659258262890682,12.019328305810214
TXN367986226,794.5,P2P,HDFC,Kotak,Bangalore,2024-12-11T13:39:06,13,2,0,23.47098728280421,2,0,0,0,0,6.678970847777841,0.40328822782639545,-0.2588190451025208,-0.9659258262890683,14.388394913121685
TXN416948155,1099.13,P2P,BOB,PNB,Bangalore,2024-06-23T16:22:06,16,6,0,44.07816768180473,3,0,0,0,0,7.003183633621723,0.3617126672176239,-0.8660254037844384,-0.5000000000000004,25.131267072721894
TXN529248872,9799.96,QR,ICICI,Kotak,Pune,2024-08-02T17:25:47,17,4,0,23.18937726791623,2,0,0,0,0,9.19023561904465,0.8257668489548392,-0.9659258262890683,-0.25881904510252063,14.275750907166493
TXN664144298,7349.55,Auto-Pay,HDFC,Axis,Kolkata,2024-10-12T10:31:28,10,5,0,41.130539049312546,2,0,0,0,0,8.902530419339236,0.4913376414856478,0.49999999999999994,-0.8660254037844387,21.45221561972502
TXN811556816,450.8,P2M,Axis,BOB,Pune,2024-03-15T15:43:39,15,4,0,27.55514949712819,3,0,0,0,0,6.113239604033903,0.45019601819909266,-0.7071067811865471,-0.7071067811865479,18.522059798851277
TXN862053950,22587.83,P2M,BOB,BOB,Ahmedabad,2024-12-06T18:21:10,18,4,0,42.032079069532564,3,0,0,0,0,10.025210815292068,2.5710409987171445,-1.0,-1.8369701987210297e-16,24.312831627813026
TXN888662177,241.54,Collect,SBI,PNB,Pune,2024-11-05T16:14:47,16,1,0,30.933549594650472,2,0,0,0,0,5.491166645228645,0.4787555882118673,-0.8660254037844384,-0.5000000000000004,17.37341983786019
TXN319417772,50.0,P2P,PNB,HDFC,Jaipur,2024-02-12T09:45:58,9,0,0,34.3210480032548,3,0,0,1,0,3.9318256327243257,0.5048967525062706,0.7071067811865476,-0.7071067811865475,31.22841920130192
TXN440957879,5461.46,P2M,Kotak,ICICI,Ahmedabad,2024-12-21T16:22:55,16,5,0,43.64822812519842,3,1,0,0,0,8.605654516722572,0.23365323670011973,-0.8660254037844384,-0.5000000000000004,44.959291250079374
TXN752628559,730.21,P2P,PNB,PNB,Delhi,2024-03-28T11:53:13,11,3,0,20.30028208960593,1,0,0,0,0,6.594700696195219,0.41206245489378185,0.258819045102521,-0.9659258262890682,10.620112835842372
TXN478047439,7748.5,P2M,PNB,PNB,Mumbai,2024-04-09T11:59:18,11,1,0,36.363540411721274,2,0,0,0,0,8.955383604137106,0.5457858898685036,0.258819045102521,-0.9659258262890682,19.54541616468851
TXN189493502,1698.12,P2M,ICICI,HDFC,Lucknow,2024-10-18T20:10:52,20,4,0,35.820225765886626,3,0,0,0,0,7.437865748959991,0.27996318407726334,-0.8660254037844386,0.5000000000000001,21.828090306354653
TXN522519089,120.71,P2P,Kotak,Axis,Lucknow,2024-08-02T19:01:42,19,4,0,35.583776105507596,3,0,0,0,0,4.8016411658864655,0.49524633104204774,-0.9659258262890684,0.2588190451025203,21.73351044220304
TXN735813247,381.77,P2M,Axis,ICICI,Pune,2024-05-10T11:30:58,11,4,0,33.49054088376615,2,0,0,0,0,5.947434286601761,0.45961715514825563,0.258819045102521,-0.9659258262890682,18.39621635350646
TXN550560917,1417.57,P2P,HDFC,Axis,Lucknow,2024-08-07T15:58:27,15,2,0,30.579555906319843,1,0,0,1,0,7.257404600934052,0.3182523333035078,-0.7071067811865471,-0.7071067811865479,24.731822362527936
TXN994493414,50.0,P2M,Kotak,HDFC,Pune,2024-04-24T15:50:53,15,2,0,22.301107446358834,3,0,0,0,0,3.9318256327243257,0.5048967525062706,-0.7071067811865471,-0.7071067811865479,16.420442978543534
TXN957525537,754.96,P2P,BOB,PNB,Chennai,2024-11-29T15:42:30,15,4,0,22.030955401081286,3,0,0,0,0,6.627988464726837,0.4086846026629868,-0.7071067811865471,-0.7071067811865479,16.312382160432513
TXN884318991,367.57,QR,SBI,PNB,Mumbai,2024-03-19T14:36:54,14,1,0,32.07054925145451,1,0,0,0,0,5.909630652883846,0.46155515521602486,-0.4999999999999997,-0.8660254037844388,15.328219700581805
TXN347615376,535.58,Collect,PNB,PNB,Ahmedabad,2024-04-12T13:01:07,13,4,0,32.0930319839124,2,0,0,0,0,6.285215665586144,0.43862533892124206,-0.2588190451025208,-0.9659258262890683,17.83721279356496
TXN989061800,50.0,P2P,Axis,HDFC,Lucknow,2024-10-07T17:13:56,17,0,0,35.66412540661548,3,0,0,0,0,3.9318256327243257,0.5048967525062706,-0.9659258262890683,-0.25881904510252063,21.765650162646196
TXN227581991,544.85,P2P,PNB,ICICI,Chennai,2024-11-27T10:21:20,10,2,0,29.98045898473218,3,0,0,0,0,6.302344212726279,0.43736017972207153,0.49999999999999994,-0.8660254037844387,19.492183593892875
TXN892787102,2109.0,QR,SBI,HDFC,Lucknow,2024-03-17T11:25:24,11,6,0,42.121337120998206,2,0,0,0,0,7.6544432264701125,0.2238867426797252,0.258819045102521,-0.9659258262890682,21.848534848399282
TXN449939309,2166.74,Auto-Pay,SBI,SBI,Lucknow,2024-08-25T18:25:13,18,6,0,36.858774092750636,3,1,0,0,0,7.681440429168553,0.2160064522633169,-1.0,-1.8369701987210297e-16,42.24350963710025
TXN143586949,9129.68,P2M,SBI,Axis,Lucknow,2024-10-21T11:58:24,11,0,0,40.43621288661721,2,0,0,0,0,9.119395450552666,0.7342877866010089,0.258819045102521,-0.9659258262890682,21.174485154646884
TXN445809323,119.06,QR,ICICI,ICICI,Jaipur,2024-11-30T12:44:13,12,5,0,18.530152595348305,2,0,0,0,0,4.787991617823697,0.4954715211907674,1.2246467991473532e-16,-1.0,12.412061038139322
TXN190904918,462.54,P2P,Axis,HDFC,Pune,2024-01-25T13:27:17,13,3,0,42.88538650491933,2,0,0,0,0,6.138892681174414,0.44859375617123276,-0.2588190451025208,-0.9659258262890683,22.154154601967733
TXN783007734,402.68,QR,ICICI,SBI,Ahmedabad,2024-09-12T11:55:03,11,3,0,44.08825726802163,2,0,0,0,0,6.000622484892748,0.45676338180902637,0.258819045102521,-0.9659258262890682,22.63530290720865
TXN972333144,195.85,QR,Axis,SBI,Mumbai,2024-11-26T14:23:50,14,1,0,10.843587736325635,3,0,0,1,0,5.282442017389746,0.484991308148232,-0.4999999999999997,-0.8660254037844388,21.837435094530253
TXN782707267,463.12,QR,HDFC,ICICI,Bangalore,2024-10-29T11:44:23,11,1,0,34.2881955563485,2,0,0,0,0,6.140143139479345,0.4485145984219859,0.258819045102521,-0.9659258262890682,18.7152782225394
TXN448604270,1193.39,P2P,SBI,SBI,Hyderabad,2024-10-15T17:53:11,17,1,0,38.53930244628664,1,0,0,0,0,7.085390873785378,0.3488481681762203,-0.9659258262890683,-0.25881904510252063,17.915720978514656
TXN466388460,149.66,P2P,PNB,Kotak,Ahmedabad,2024-05-11T11:25:03,11,5,0,14.234991862922325,1,0,0,0,0,5.015025642397549,0.49129526752360264,0.258819045102521,-0.9659258262890682,8.193996745168931
TXN833010682,1752.03,P2M,Kotak,Axis,Lucknow,2024-03-20T17:41:28,17,2,0,42.306058395614976,3,0,0,0,0,7.46910099829448,0.2726056077636407,-0.9659258262890683,-0.25881904510252063,24.42242335824599
TXN882946489,8290.05,QR,HDFC,SBI,Kolkata,2024-08-04T14:35:07,14,6,0,11.553615042242127,1,0,0,0,0,9.022931898733663,0.6196960262558595,-0.4999999999999997,-0.8660254037844388,7.121446016896851
TXN771179724,950.08,P2M,BOB,Kotak,Lucknow,2024-07-01T17:50:09,17,0,0,17.83454770935186,3,0,0,0,0,6.857598180984202,0.38205484398530076,-0.9659258262890683,-0.25881904510252063,14.633819083740743
TXN982915091,154.45,P2M,BOB,SBI,Ahmedabad,2024-07-12T10:44:19,10,4,0,31.732350397683188,3,0,0,0,0,5.046324136504762,0.49064153369792557,0.49999999999999994,-0.8660254037844387,20.192940159073274
TXN247770392,804.18,P2M,Kotak,BOB,Pune,2024-07-28T11:48:33,11,6,0,31.178133148918842,3,0,0,0,0,6.691065854907726,0.4019671122872401,0.258819045102521,-0.9659258262890682,19.97125325956754
TXN188296634,1231.59,P2P,HDFC,ICICI,Kolkata,2024-11-02T14:15:31,14,5,0,31.670937540405006,2,0,0,0,0,7.116872925563219,0.3436346750361649,-0.4999999999999997,-0.8660254037844388,17.668375016162003
TXN936683215,792.9,Auto-Pay,SBI,Kotak,Kolkata,2024-02-13T15:41:35,15,1,0,38.049588381801954,1,0,0,0,0,6.676957508731068,0.4035065940312145,-0.7071067811865471,-0.7071067811865479,17.719835352720782
TXN141131535,168.61,P2M,Kotak,Kotak,Lucknow,2024-07-09T19:15:21,19,1,0,32.9693340482324,1,0,0,0,0,5.133501683883748,0.4887089927852767,-0.9659258262890684,0.2588190451025203,15.68773361929296
TXN661016603,989.73,P2P,HDFC,BOB,Mumbai,2024-12-20T18:34:10,18,4,0,12.546597605389623,1,0,0,0,0,6.8984420451395625,0.3766434564721281,-1.0,-1.8369701987210297e-16,7.51863904215585
TXN741386599,251.96,P2M,SBI,BOB,Kolkata,2024-10-18T14:49:22,14,4,0,14.579543643509108,3,0,0,0,0,5.533231373461162,0.4773334783029831,-0.4999999999999997,-0.8660254037844388,13.331817457403645
TXN582872834,35000.0,P2P,Axis,SBI,Chennai,2024-06-16T22:26:21,22,6,1,94.23868028940416,14,0,1,1,1,10.463131911491967,4.2650400340103705,-0.5000000000000004,0.8660254037844384,97.69547211576167
TXN756041267,282.79,P2P,Kotak,BOB,Jaipur,2024-01-29T12:17:30,12,0,0,17.768274813997547,1,0,0,0,0,5.648234528023389,0.4731258344938756,1.2246467991473532e-16,-1.0,9.607309925599019
TXN889288553,135.34,QR,HDFC,SBI,Chennai,2024-12-15T13:55:57,13,6,0,41.55540518504736,2,0,0,1,0,4.915151765934639,0.4932496450567333,-0.2588190451025208,-0.9659258262890683,31.622162074018945
TXN934746205,1277.14,P2P,BOB,HDFC,Bangalore,2024-12-16T15:41:50,15,0,0,25.01377778547157,3,0,0,0,0,7.153161175103621,0.33741806214272185,-0.7071067811865471,-0.7071067811865479,17.50551111418863
TXN129940001,2284.51,P2P,PNB,ICICI,Bangalore,2024-10-18T08:25:27,8,4,0,12.000850155858531,3,1,0,0,0,7.734344473172421,0.1999333347998529,0.8660254037844387,-0.4999999999999998,32.30034006234341
TXN492550440,8749.87,QR,SBI,ICICI,Jaipur,2024-09-25T12:11:38,12,2,0,27.138819298344508,2,0,0,0,0,9.076908402980395,0.6824517439433012,1.2246467991473532e-16,-1.0,15.855527719337804
TXN368704790,609.48,QR,HDFC,HDFC,Hyderabad,2024-11-04T19:25:46,19,0,0,34.317602268087256,2,0,0,0,0,6.4142455329813775,0.42853954983616105,-0.9659258262890684,0.2588190451025203,18.7270409072349
TXN546166987,8189.6,Collect,BOB,ICICI,Mumbai,2024-11-01T12:13:30,12,4,0,15.34174577475806,1,0,0,0,0,9.010742434236986,0.6059867229595621,1.2246467991473532e-16,-1.0,8.636698309903224
TXN785514034,375.23,P2P,BOB,HDFC,Pune,2024-10-15T12:33:31,12,1,0,27.355653523351744,1,0,0,0,0,5.930200658504068,0.46050972701045356,1.2246467991473532e-16,-1.0,13.442261409340698
TXN663981193,2425.04,P2P,HDFC,BOB,Hyderabad,2024-10-13T19:00:46,19,6,0,14.952723622720743,3,0,0,0,0,7.7940155774142355,0.18075395807283767,-0.9659258262890684,0.2588190451025203,13.481089449088298
TXN467263296,1463.57,QR,Kotak,PNB,Mumbai,2024-12-28T12:22:20,12,5,0,29.78449225015315,1,0,0,0,0,7.289316963008742,0.31197430491495937,1.2246467991473532e-16,-1.0,14.41379690006126
TXN900354022,9694.51,Auto-Pay,BOB,HDFC,Jaipur,2024-04-29T13:55:37,13,0,0,19.767979765294925,3,0,0,0,0,9.179418170728463,0.8113751512684823,-0.2588190451025208,-0.9659258262890683,15.40719190611797
TXN732273640,1238.99,QR,PNB,BOB,Pune,2024-03-04T23:29:09,23,0,1,91.89395456752422,12,1,0,1,1,7.122858594050435,0.3426247313388766,-0.25881904510252157,0.9659258262890681,111.75758182700969
TXN667018203,50.0,P2P,PNB,ICICI,Lucknow,2024-03-29T09:19:43,9,4,0,15.152947604368094,3,0,0,0,0,3.9318256327243257,0.5048967525062706,0.7071067811865476,-0.7071067811865475,13.561179041747238
TXN734262795,449.92,Auto-Pay,SBI,Axis,Jaipur,2024-09-03T17:28:43,17,1,0,13.758797547660741,2,0,0,0,0,6.111289940176331,0.45031611961174317,-0.9659258262890683,-0.25881904510252063,10.503519019064296
TXN369415217,6993.35,P2P,ICICI,BOB,Hyderabad,2024-09-29T09:40:56,9,6,0,42.7065875586321,3,0,0,0,0,8.852857959265126,0.44272386513780154,0.7071067811865476,-0.7071067811865475,24.58263502345284
TXN453071675,329.32,P2P,SBI,Kotak,Ahmedabad,2024-11-19T15:26:08,15,1,0,37.72287974133203,2,0,0,1,0,5.800061881577835,0.46677547229998084,-0.7071067811865471,-0.7071067811865479,30.08915189653281
TXN186717391,419.13,QR,BOB,ICICI,Lucknow,2024-01-15T19:02:21,19,0,0,21.363003202819094,1,0,0,0,0,6.040564187194326,0.45451830426573026,-0.9659258262890684,0.2588190451025203,11.045201281127637
TXN539613349,265.1,P2P,PNB,BOB,Ahmedabad,2024-03-11T16:39:24,16,0,0,15.883410671831346,1,0,0,0,0,5.583872177983643,0.4755401458459065,-0.8660254037844384,-0.5000000000000004,8.853364268732538
TXN450707328,179.59,QR,SBI,BOB,Kolkata,2024-11-14T08:40:11,8,3,0,29.2418685510911,3,0,0,0,0,5.1962292684642515,0.4872104547047058,0.8660254037844387,-0.4999999999999998,19.196747420436438
TXN556241221,1632.35,QR,Kotak,BOB,Hyderabad,2024-10-04T09:58:20,9,4,0,42.61724424835832,3,0,0,0,0,7.398388399460179,0.2889393998841074,0.7071067811865476,-0.7071067811865475,24.54689769934333
TXN730232316,114.44,P2P,PNB,HDFC,Lucknow,2024-12-29T14:09:07,14,6,0,32.23583341110516,3,0,0,0,0,4.7487509144656155,0.49610205360718246,-0.4999999999999997,-0.8660254037844388,20.394333364442065
TXN414353153,8468.28,P2M,BOB,SBI,Delhi,2024-01-27T11:40:18,11,5,0,10.718319719910454,3,0,0,0,0,9.044200778129706,0.6440206566839244,0.258819045102521,-0.9659258262890682,11.787327887964182
TXN919940975,110.08,P2P,Kotak,Axis,Lucknow,2024-03-28T16:29:38,16,3,0,18.280306543817563,3,0,0,0,0,4.7102506624385985,0.4966971015153145,-0.8660254037844384,-0.5000000000000004,14.812122617527026
TXN236389233,73.52,Auto-Pay,BOB,Kotak,Delhi,2024-11-26T17:02:40,17,1,0,20.14371557012717,3,0,0,0,0,4.311067545733388,0.5016867692954303,-0.9659258262890683,-0.25881904510252063,15.557486228050868
TXN834844370,3986.95,P2P,Kotak,Axis,Mumbai,2024-04-28T15:33:30,15,6,0,22.927234675629766,1,0,0,0,0,8.291032593390295,0.032413766282761956,-0.7071067811865471,-0.7071067811865479,11.670893870251907
TXN435347709,60.08,P2P,BOB,BOB,Lucknow,2024-04-04T14:45:55,14,3,0,25.33053116903284,3,0,0,0,0,4.1121844803504315,0.5035210454159105,-0.4999999999999997,-0.8660254037844388,17.632212467613137
TXN744372371,277.67,Auto-Pay,SBI,HDFC,Delhi,2024-01-10T17:38:17,17,2,0,29.269085521699843,1,0,0,0,0,5.630028286067539,0.4738246063492966,-0.9659258262890683,-0.25881904510252063,14.207634208679938
TXN758378304,4353.95,QR,PNB,Axis,Jaipur,2024-10-01T14:08:32,14,1,0,20.21583752932223,3,0,0,0,0,8.379068408164438,0.08250151451313699,-0.4999999999999997,-0.8660254037844388,15.586335011728892
TXN224769311,5906.24,P2M,HDFC,PNB,Jaipur,2024-10-28T14:41:59,14,0,0,42.01147072135048,1,0,0,0,0,8.68393399624317,0.2943563120622619,-0.4999999999999997,-0.8660254037844388,19.30458828854019
TXN640405145,300.46,P2M,Kotak,PNB,Delhi,2024-05-02T20:37:10,20,3,0,34.64493837386594,2,0,0,0,0,5.708637337382383,0.4707142527194049,-0.8660254037844386,0.5000000000000001,18.85797534954638
TXN646750337,101.85,P2M,PNB,SBI,Lucknow,2024-06-13T12:50:01,12,3,0,26.852395710556646,2,0,0,0,0,4.633271616098966,0.49782032268135257,1.2246467991473532e-16,-1.0,15.740958284222659
TXN131829211,552.93,P2P,Axis,Kotak,Chennai,2024-04-06T12:34:20,12,5,0,34.53108826798849,3,0,0,0,0,6.317038324973358,0.43625743038773523,1.2246467991473532e-16,-1.0,21.312435307195393
TXN864639830,973.92,P2P,Kotak,ICICI,Delhi,2024-07-20T20:41:07,20,5,0,30.482832511005054,1,0,0,0,0,6.882355416349405,0.37880118753349656,-0.8660254037844386,0.5000000000000001,14.693133004402021
TXN718058913,903.46,QR,HDFC,ICICI,Bangalore,2024-02-25T11:58:53,11,6,0,39.106605767111176,3,0,0,0,0,6.807338080529664,0.3884174892782165,0.258819045102521,-0.9659258262890682,23.142642306844472
TXN324220538,1232.71,P2M,BOB,Kotak,Bangalore,2024-12-07T20:36:13,20,5,0,12.36311309606074,1,0,0,0,0,7.117781168742874,0.3434818186927915,-0.8660254037844386,0.5000000000000001,7.445245238424296
TXN941591896,3538.28,Collect,PNB,PNB,Chennai,2024-01-06T14:39:05,14,5,0,33.32760710872802,2,0,0,0,0,8.171678595610794,0.028820211914846617,-0.4999999999999997,-0.8660254037844388,18.331042843491208
TXN896507205,2810.22,P2M,HDFC,BOB,Mumbai,2024-06-13T19:44:31,19,3,0,24.504239948468623,3,0,0,0,0,7.94137383180707,0.12818502384020591,-0.9659258262890684,0.2588190451025203,17.30169597938745
TXN170131352,637.16,P2P,HDFC,ICICI,Delhi,2024-08-08T18:49:04,18,3,0,39.70577147138887,2,0,0,1,0,6.458589035602874,0.4247618144927911,-1.0,-1.8369701987210297e-16,30.88230858855555
TXN300304471,257.62,QR,Axis,PNB,Jaipur,2024-03-23T08:49:39,8,5,0,25.407927774946774,2,0,0,0,0,5.555359802867706,0.47656100785343564,0.8660254037844387,-0.4999999999999998,15.16317110997871
TXN194020782,35000.0,QR,SBI,PNB,Kolkata,2024-04-04T18:14:00,18,3,0,66.152361905547,4,1,1,1,1,10.463131911491967,4.2650400340103705,-1.0,-1.8369701987210297e-16,66.4609447622188
TXN949870022,124.85,P2P,ICICI,PNB,Bangalore,2024-05-17T12:08:54,12,4,0,18.514036912321856,1,0,0,0,0,4.835090721581325,0.4946813084870784,1.2246467991473532e-16,-1.0,9.905614764928742
TXN377360086,9462.85,Collect,PNB,SBI,Kolkata,2024-08-01T12:53:37,12,3,0,40.06175208653182,1,0,0,0,0,9.155234555997538,0.7797584543882407,1.2246467991473532e-16,-1.0,18.524700834612727
TXN837026997,118.07,Auto-Pay,HDFC,Axis,Chennai,2024-04-17T11:00:11,11,2,0,41.006363870458124,3,0,0,0,0,4.779711555463083,0.4956066352799992,0.258819045102521,-0.9659258262890682,23.90254554818325
TXN540947764,2980.99,QR,BOB,Axis,Ahmedabad,2024-03-21T12:17:31,12,3,0,26.25161106783035,2,0,0,0,0,8.000346141865004,0.10487852584211017,1.2246467991473532e-16,-1.0,15.50064442713214
TXN890560692,4660.17,P2M,HDFC,PNB,Delhi,2024-11-07T16:57:27,16,3,0,20.580353817969957,3,0,0,0,0,8.447021768567524,0.1242940765379475,-0.8660254037844384,-0.5000000000000004,15.732141527187983
TXN880907836,3901.51,P2P,PNB,SBI,Lucknow,2024-10-22T19:06:08,19,1,0,21.80712572994983,3,0,0,0,0,8.269375214846265,0.020753010945423474,-0.9659258262890684,0.2588190451025203,16.22285029197993
TXN459281362,518.7,QR,Axis,PNB,Pune,2024-10-15T16:53:37,16,1,0,27.072590768112047,1,0,0,0,0,6.253251722014396,0.4409291023820832,-0.8660254037844384,-0.5000000000000004,13.32903630724482
TXN278415911,8767.0,P2M,PNB,BOB,Bangalore,2024-04-01T16:22:32,16,0,0,32.40341798051844,2,0,0,0,0,9.078864009187797,0.6847896271236453,-0.8660254037844384,-0.5000000000000004,17.961367192207376
TXN660119668,2898.25,P2P,HDFC,Kotak,Chennai,2024-04-09T17:36:39,17,1,0,35.53014334317626,2,1,0,0,0,7.972207361836813,0.11617078820881649,-0.9659258262890683,-0.25881904510252063,39.21205733727051
TXN220695810,61.43,P2P,ICICI,BOB,Delhi,2024-02-15T08:00:41,8,3,0,23.234946807032294,3,0,0,0,0,4.134045929073653,0.5033367989305945,0.8660254037844387,-0.4999999999999998,16.793978722812916
TXN248410640,557.03,P2M,Kotak,HDFC,Delhi,2024-12-01T18:51:32,18,6,0,12.596166845800926,2,0,0,1,0,6.324412724376969,0.4356978669878863,-1.0,-1.8369701987210297e-16,20.03846673832037
TXN395753676,212.04,P2P,SBI,Kotak,Chennai,2024-03-31T09:59:54,9,6,0,11.514211077007579,1,0,0,0,0,5.361479941505677,0.482781715113219,0.7071067811865476,-0.7071067811865475,7.105684430803032
TXN985929766,468.13,P2M,SBI,BOB,Kolkata,2024-10-14T20:57:25,20,0,0,27.478319097894367,2,0,0,0,0,6.150879915538542,0.4478308392431461,-0.8660254037844386,0.5000000000000001,15.991327639157747
TXN216539871,6921.75,Collect,SBI,SBI,Jaipur,2024-03-06T12:29:03,12,2,0,40.26239444594734,1,0,0,0,0,8.84256836851364,0.4329519774721479,1.2246467991473532e-16,-1.0,18.60495777837894
TXN562841593,50.0,P2P,Kotak,SBI,Mumbai,2024-10-14T16:33:17,16,0,0,43.44818015068205,1,0,0,0,0,3.9318256327243257,0.5048967525062706,-0.8660254037844384,-0.5000000000000004,19.87927206027282
TXN628403031,3994.88,P2M,ICICI,SBI,Ahmedabad,2024-10-10T20:27:24,20,3,0,24.357187074041747,2,0,0,0,0,8.293019109287505,0.03349604378539653,-0.8660254037844386,0.5000000000000001,14.7428748296167
TXN418274796,576.27,P2P,ICICI,HDFC,Jaipur,2024-11-18T19:28:54,19,0,0,17.830400637614936,3,0,0,0,0,6.3583100946677575,0.433072013374937,-0.9659258262890684,0.2588190451025203,14.632160255045974
TXN442499748,1178.98,P2P,Kotak,Axis,Delhi,2024-01-07T08:34:10,8,6,0,40.233570306395364,1,1,0,0,0,7.073252768163529,0.350814828808372,0.8660254037844387,-0.4999999999999998,38.59342812255815
TXN697549859,1194.23,Auto-Pay,Kotak,PNB,Lucknow,2024-08-07T13:28:57,13,2,0,20.74165796180995,1,0,0,0,0,7.08609391446515,0.3487335259186902,-0.2588190451025208,-0.9659258262890683,10.79666318472398
TXN459331588,50.0,QR,Axis,PNB,Ahmedabad,2024-10-09T17:18:47,17,2,0,29.6260118605396,3,0,0,0,0,3.9318256327243257,0.5048967525062706,-0.9659258262890683,-0.25881904510252063,19.35040474421584
TXN802095567,734.23,P2P,PNB,HDFC,Mumbai,2024-08-03T10:13:01,10,5,0,14.347312507495653,3,0,0,0,0,6.600183375432035,0.4115138098041739,0.49999999999999994,-0.8660254037844387,13.238925002998261
TXN534733966,493.53,P2P,HDFC,HDFC,Pune,2024-02-14T17:49:48,17,2,0,20.201131972282788,3,0,0,0,0,6.203607816563326,0.4443642757416433,-0.9659258262890683,-0.25881904510252063,15.580452788913115
TXN344866894,5509.28,Auto-Pay,BOB,SBI,Mumbai,2024-01-12T14:30:32,14,4,0,14.408085422449641,2,0,0,0,0,8.61437071755275,0.24017965664664975,-0.4999999999999997,-0.8660254037844388,10.763234168979857
TXN116874955,22762.09,P2M,PNB,SBI,Delhi,2024-01-12T13:17:25,13,4,0,31.01655021375959,1,0,0,0,0,10.032895643524222,2.594823807999502,-0.2588190451025208,-0.9659258262890683,14.906620085503837
TXN113942402,724.84,P2P,HDFC,ICICI,Mumbai,2024-04-22T09:29:37,9,0,0,24.305695988433374,3,0,0,0,0,6.587329604861374,0.41279534646870586,0.7071067811865476,-0.7071067811865475,17.22227839537335
TXN301057536,17296.5,QR,Kotak,ICICI,Pune,2024-04-23T10:38:39,10,1,0,44.726531125266455,3,0,0,0,0,9.758317261372966,1.848886217126326,0.49999999999999994,-0.8660254037844387,25.390612450106584
TXN806142659,4854.14,P2P,BOB,SBI,Delhi,2024-11-14T13:29:10,13,3,0,18.329666814840742,2,0,0,0,0,8.487793216560956,0.15076688450591985,-0.2588190451025208,-0.9659258262890683,12.331866725936298
TXN476710495,435.81,Auto-Pay,Kotak,Kotak,Pune,2024-04-30T20:45:36,20,1,0,22.016807670522887,1,0,0,0,0,6.079498317941531,0.45224183658049144,-0.8660254037844386,0.5000000000000001,11.306723068209156
TXN612374832,50.0,Auto-Pay,Kotak,PNB,Pune,2024-01-18T11:54:03,11,3,0,42.77511170048871,2,0,0,0,0,3.9318256327243257,0.5048967525062706,0.258819045102521,-0.9659258262890682,22.110044680195482
TXN226883828,392.51,P2M,ICICI,Axis,Bangalore,2024-05-10T12:27:41,12,4,0,14.182002758542994,1,0,0,0,0,5.975106480495164,0.4581513719984076,1.2246467991473532e-16,-1.0,8.172801103417198
TXN481333171,196.76,P2P,ICICI,SBI,Jaipur,2024-04-16T11:44:44,11,1,0,30.27569385222004,1,0,0,0,0,5.287054174269326,0.4848671123692412,0.258819045102521,-0.9659258262890682,14.610277540888017
TXN368925508,629.99,P2P,ICICI,Kotak,Bangalore,2024-04-26T12:24:46,12,4,0,27.08889761712767,3,0,0,0,0,6.4472900145550955,0.42574036804813653,1.2246467991473532e-16,-1.0,18.335559046851067
TXN521350739,1584.87,P2P,HDFC,ICICI,Kolkata,2024-04-29T15:33:17,15,0,0,30.144731243841406,2,0,0,0,0,7.3688884316221825,0.2954194170121134,-0.7071067811865471,-0.7071067811865479,17.057892497536564
TXN581495888,10000.0,QR,Axis,PNB,Delhi,2024-12-08T06:21:49,6,6,0,66.33639121764074,13,1,1,1,1,9.210440366976517,0.853068083712344,1.0,6.123233995736766e-17,89.03455648705629
TXN321187042,116.3,P2M,Axis,BOB,Bangalore,2024-04-20T14:38:41,14,5,0,21.678508402852323,2,0,0,0,0,4.76473475565943,0.49584820289408027,-0.4999999999999997,-0.8660254037844388,13.67140336114093
TXN234593359,64.31,QR,BOB,Axis,Lucknow,2024-03-25T19:59:23,19,0,0,30.699259451461984,2,0,0,0,0,4.179145163914566,0.5029437397619201,-0.9659258262890684,0.2588190451025203,17.279703780584796
TXN901465363,59.35,P2P,SBI,BOB,Bangalore,2024-06-04T13:43:58,13,1,0,25.826965989920232,1,0,0,0,0,4.10016094754354,0.5036206749968593,-0.2588190451025208,-0.9659258262890683,12.830786395968094
TXN540904795,283.13,P2M,ICICI,SBI,Lucknow,2024-11-02T11:11:16,11,5,0,18.79879039970352,3,0,0,0,0,5.649431879906119,0.4730794316753515,0.258819045102521,-0.9659258262890682,15.019516159881409
TXN897338299,304.05,Collect,HDFC,Axis,Bangalore,2024-06-25T18:35:57,18,1,0,14.97893339218854,3,0,0,0,0,5.720475697597862,0.4702242935473421,-1.0,-1.8369701987210297e-16,13.491573356875417
TXN382989395,265.47,Auto-Pay,ICICI,Kotak,Jaipur,2024-06-03T19:39:37,19,0,0,23.378306200507197,1,0,0,0,0,5.585261666912908,0.4754896486610421,-0.9659258262890684,0.2588190451025203,11.85132248020288
TXN122439282,3102.9,P2P,ICICI,HDFC,Bangalore,2024-10-22T17:53:09,17,1,0,10.648645418039886,3,1,0,0,0,8.040414664289301,0.08824038582367683,-0.9659258262890683,-0.25881904510252063,31.759458167215953
TXN698539847,30000.0,P2P,ICICI,Axis,Mumbai,2024-05-04T05:32:42,5,5,1,68.59106381106807,10,1,1,1,1,10.308985993422082,3.5826456439507655,0.9659258262890683,0.25881904510252074,97.43642552442722
TXN903540377,256.01,P2M,HDFC,SBI,Hyderabad,2024-04-24T15:25:33,15,2,0,21.590573615371692,2,0,0,0,0,5.5491149946440625,0.47678073884703487,-0.7071067811865471,-0.7071067811865479,13.636229446148677
TXN698824263,1669.58,P2M,ICICI,SBI,Mumbai,2024-06-23T13:01:08,13,6,0,11.826477022886637,3,0,0,0,0,7.420926150503466,0.28385829125572354,-0.2588190451025208,-0.9659258262890683,12.230590809154656
TXN997822151,957.99,P2P,BOB,HDFC,Bangalore,2024-11-08T17:36:25,17,4,0,21.577741519620155,2,0,0,0,0,6.865880647300395,0.38097529606022645,-0.9659258262890683,-0.25881904510252063,13.631096607848063
TXN366430967,195.47,QR,ICICI,Axis,Chennai,2024-01-19T20:56:23,20,4,0,12.24823368200973,1,0,0,0,0,5.280509747898072,0.48504317012187653,-0.8660254037844386,0.5000000000000001,7.399293472803892
TXN344699440,9881.53,P2P,BOB,PNB,Lucknow,2024-07-07T12:35:39,12,6,0,20.516470808486844,1,0,0,0,0,9.198523830835345,0.8368994310342718,1.2246467991473532e-16,-1.0,10.706588323394739
TXN605588601,986.1,Auto-Pay,PNB,PNB,Jaipur,2024-08-27T15:17:36,15,1,0,18.221840820906653,2,0,0,0,0,6.8947713514238425,0.37713887479931135,-0.7071067811865471,-0.7071067811865479,12.288736328362662
TXN783877284,368.98,Auto-Pay,BOB,Kotak,Bangalore,2024-04-12T16:59:52,16,4,0,20.76731628350314,1,1,0,0,0,5.913448950123243,0.4613627199980281,-0.8660254037844384,-0.5000000000000004,30.806926513401258
TXN414165629,2440.61,P2P,PNB,ICICI,Jaipur,2024-05-15T11:54:05,11,2,0,22.892807922550844,2,0,0,0,0,7.800412936756718,0.17862898194219204,0.258819045102521,-0.9659258262890682,14.157123169020338
TXN365274590,19660.59,QR,BOB,HDFC,Jaipur,2024-08-01T12:53:44,12,3,0,26.47797952275328,1,0,0,0,0,9.8864222653038,2.1715345678455287,1.2246467991473532e-16,-1.0,13.091191809101312
TXN311595719,249.42,P2P,BOB,BOB,Pune,2024-11-04T20:53:36,20,0,0,36.29019287379039,2,1,0,0,0,5.523139508240802,0.47768013465313336,-0.8660254037844386,0.5000000000000001,39.51607714951616
TXN383902944,209.98,Auto-Pay,SBI,Kotak,Chennai,2024-10-18T09:06:12,9,4,0,23.5382534718158,1,0,0,0,0,5.351763342253663,0.4830628616019235,0.7071067811865476,-0.7071067811865475,11.91530138872632
TXN593827802,3798.36,P2P,SBI,Kotak,Jaipur,2024-04-13T10:31:41,10,5,0,29.39792799462058,2,0,0,0,0,8.242587910477427,0.006675214678493804,0.49999999999999994,-0.8660254037844387,16.759171197848232
TXN926155451,280.24,Auto-Pay,SBI,Kotak,Ahmedabad,2024-10-31T09:59:53,9,3,0,36.147739349516016,2,0,0,0,0,5.639208397330961,0.4734738556328059,0.7071067811865476,-0.7071067811865475,19.459095739806408
TXN804613376,263.39,QR,Axis,ICICI,Ahmedabad,2024-01-13T18:00:37,18,5,0,24.289922962811893,2,0,0,0,0,5.577425285779679,0.47577352472730683,-1.0,-1.8369701987210297e-16,14.715969185124758
TXN106091209,366.72,P2P,SBI,Axis,Ahmedabad,2024-01-02T19:15:18,19,1,0,22.651741693299645,1,0,0,0,0,5.907321778995554,0.46167116226233507,-0.9659258262890684,0.2588190451025203,11.560696677319859
TXN126595432,99.63,P2M,Kotak,SBI,Mumbai,2024-04-10T10:08:52,10,2,0,35.98294779814236,2,0,0,0,0,4.611450423945242,0.49812330579053904,0.49999999999999994,-0.8660254037844387,19.393179119256946
TXN416958336,16204.67,P2P,ICICI,BOB,Hyderabad,2024-09-18T20:48:05,20,2,0,25.224446270966205,1,0,0,0,0,9.693116459984763,1.6998744837465702,-0.8660254037844386,0.5000000000000001,12.589778508386482
TXN485078664,5180.0,P2P,Kotak,PNB,Chennai,2024-07-18T19:18:17,19,3,0,21.199803302583323,1,0,0,0,0,8.552753366814787,0.19523989169488443,-0.9659258262890684,0.2588190451025203,10.979921321033329
TXN936013390,10000.0,QR,SBI,Kotak,Mumbai,2024-11-25T23:52:18,23,0,1,94.98484054550943,10,1,1,0,1,9.210440366976517,0.853068083712344,-0.25881904510252157,0.9659258262890681,97.99393621820377
TXN527041693,7924.56,Auto-Pay,BOB,ICICI,Ahmedabad,2024-01-25T10:04:37,10,3,0,23.40780984666148,2,0,0,0,0,8.977848258709574,0.5698143611312825,0.49999999999999994,-0.8660254037844387,14.363123938664591
TXN883887255,2983.33,QR,HDFC,Axis,Jaipur,2024-05-10T16:19:57,16,4,0,12.766143650651923,2,0,0,0,0,8.00113054502138,0.10455916526756226,-0.8660254037844384,-0.5000000000000004,10.10645746026077
TXN305262879,1633.97,P2P,SBI,BOB,Pune,2024-03-21T19:53:44,19,3,0,36.85814940380632,2,0,0,0,0,7.3993797345391625,0.2887183041017281,-0.9659258262890684,0.2588190451025203,19.74325976152253
TXN157530789,432.69,P2P,PNB,Kotak,Bangalore,2024-08-19T10:39:28,10,0,0,41.19964201384193,3,0,0,0,0,6.072329993162536,0.45266765067988857,0.49999999999999994,-0.8660254037844387,23.979856805536773
TXN205504488,235.99,P2P,HDFC,SBI,Ahmedabad,2024-03-08T09:46:29,9,4,0,10.959073422902463,3,0,0,0,0,5.468017946152108,0.47951304598483346,0.7071067811865476,-0.7071067811865475,11.883629369160985
TXN665241507,3303.19,QR,BOB,Kotak,Chennai,2024-09-10T11:28:58,11,1,0,22.56628106696172,3,0,0,0,0,8.102946639040727,0.060905031346669164,0.258819045102521,-0.9659258262890682,16.52651242678469
TXN602020638,9404.36,P2P,HDFC,ICICI,Bangalore,2024-09-01T15:16:54,15,6,0,44.412559532881104,1,0,0,0,0,9.149035018514528,0.7717758048133234,-0.7071067811865471,-0.7071067811865479,20.265023813152443
TXN339232420,8635.9,QR,Axis,PNB,Mumbai,2024-04-13T17:24:34,17,5,0,20.445856161091587,1,0,0,0,0,9.063799001119014,0.6668972462162824,-0.9659258262890683,-0.25881904510252063,10.678342464436636
TXN728555115,457.22,P2P,PNB,BOB,Mumbai,2024-03-29T15:29:04,15,4,0,10.030037833971608,2,0,0,0,0,6.127349418128348,0.4493198238022562,-0.7071067811865471,-0.7071067811865479,9.012015133588644
TXN348051727,92.84,P2M,Axis,Axis,Hyderabad,2024-04-23T11:27:54,11,1,0,33.382139439005144,3,0,0,0,0,4.54159120434522,0.49904999737224,0.258819045102521,-0.9659258262890682,20.85285577560206
TXN987498363,2766.25,P2M,ICICI,BOB,Mumbai,2024-09-21T17:30:06,17,5,0,11.213576062326851,3,0,0,0,0,7.925609326265733,0.13418600010639006,-0.9659258262890683,-0.25881904510252063,11.98543042493074
TXN561967127,50.0,P2P,SBI,SBI,Mumbai,2024-04-05T19:47:55,19,4,0,42.80952173085788,2,0,0,0,0,3.9318256327243257,0.5048967525062706,-0.9659258262890684,0.2588190451025203,22.123808692343154
TXN452789186,330.97,Auto-Pay,Kotak,PNB,Bangalore,2024-10-04T20:10:53,20,4,0,23.363587582546245,3,0,0,1,0,5.805044603387864,0.46655028215126126,-0.8660254037844386,0.5000000000000001,26.845435033018497
TXN781309570,1212.77,Auto-Pay,ICICI,BOB,Hyderabad,2024-09-15T14:03:36,14,6,0,33.92354313872377,2,0,0,0,0,7.101486497327655,0.3462032075203492,-0.4999999999999997,-0.8660254037844388,18.569417255489512
TXN442247551,249.56,P2P,Kotak,Kotak,Kolkata,2024-01-21T17:08:01,17,6,0,27.523332407795156,2,0,0,0,0,5.523698412802438,0.47766102761021173,-0.9659258262890683,-0.25881904510252063,16.009332963118062
TXN388558213,176.56,P2M,HDFC,SBI,Hyderabad,2024-05-26T13:17:36,13,6,0,31.058450761725783,3,1,0,0,0,5.179308579965834,0.487623985705082,-0.2588190451025208,-0.9659258262890683,39.92338030469031
TXN366565672,1262.35,P2M,SBI,PNB,Jaipur,2024-02-20T08:54:20,8,1,0,35.335339007601036,2,0,0,0,0,7.141522201933478,0.3394365847485182,0.8660254037844387,-0.4999999999999998,19.134135603040413
TXN957155226,336.23,P2P,Axis,ICICI,Delhi,2024-01-25T14:01:15,14,3,0,30.887983784961435,2,0,0,0,0,5.820765190141816,0.4658324032529185,-0.4999999999999997,-0.8660254037844388,17.355193513984574
TXN676071964,30000.0,P2P,PNB,BOB,Ahmedabad,2024-05-05T06:01:30,6,6,0,81.94327932423651,12,1,1,0,1,10.308985993422082,3.5826456439507655,1.0,6.123233995736766e-17,82.77731172969462
TXN379591251,1090.67,Collect,BOB,Axis,Ahmedabad,2024-06-23T08:00:34,8,6,0,21.02368911737149,2,0,0,0,0,6.9954639128316956,0.36286727852560474,0.8660254037844387,-0.4999999999999998,13.409475646948597
TXN659242304,235.54,P2P,BOB,BOB,Chennai,2024-10-05T10:44:10,10,5,0,23.31468964814792,1,0,0,0,0,5.466117326822971,0.4795744614799388,0.49999999999999994,-0.8660254037844387,11.825875859259169
TXN809416124,2387.54,P2M,HDFC,Axis,Hyderabad,2024-04-03T09:43:45,9,2,0,27.800364009274876,1,0,0,0,0,7.778437579602077,0.1858719159982847,0.7071067811865476,-0.7071067811865475,13.62014560370995
TXN403864738,8545.95,P2P,ICICI,SBI,Kolkata,2024-08-31T14:04:42,14,5,0,36.47109162348477,2,1,0,0,0,9.053329773143057,0.6546209711391103,-0.4999999999999997,-0.8660254037844388,39.588436649393905
TXN460739469,472.8,QR,Axis,ICICI,Jaipur,2024-10-26T20:25:18,20,5,0,29.274079439261637,1,0,0,0,0,6.160785291724685,0.4471934828828304,-0.8660254037844386,0.5000000000000001,14.209631775704656
TXN847885557,614.2,P2P,PNB,SBI,Kolkata,2024-11-19T12:55:36,12,1,0,41.87401693894996,1,0,0,0,0,6.421947418191435,0.4278953695319448,1.2246467991473532e-16,-1.0,19.249606775579984
TXN684019983,387.71,P2M,Axis,PNB,Mumbai,2024-12-29T14:14:55,14,6,0,10.85402735447883,2,0,0,1,0,5.962833564308829,0.4588064706128648,-0.4999999999999997,-0.8660254037844388,19.341610941791533
TXN557188901,532.35,P2M,PNB,BOB,Chennai,2024-01-20T17:08:15,17,5,0,12.095611935248499,1,0,0,0,0,6.279177869071492,0.43906616569722057,-0.9659258262890683,-0.25881904510252063,7.3382447740994
TXN873803659,4918.57,P2P,BOB,PNB,Mumbai,2024-09-23T13:07:41,13,0,0,11.84893402276527,2,0,0,0,0,8.50097640729291,0.15956021861622785,-0.2588190451025208,-0.9659258262890683,9.73957360910611
TXN266187009,25000.0,QR,PNB,PNB,Hyderabad,2024-06-17T04:33:54,4,0,1,94.40608722988325,16,1,1,0,1,10.12667110305036,2.90025125389116,0.8660254037844386,0.5000000000000001,112.7624348919533
TXN251517830,738.78,P2M,SBI,ICICI,Pune,2024-03-24T14:42:39,14,6,0,15.00712387716477,1,0,0,0,0,6.606352844699316,0.41089283090921963,-0.4999999999999997,-0.8660254037844388,8.502849550865907
TXN646209197,9792.63,P2P,ICICI,HDFC,Lucknow,2024-09-02T17:30:37,17,0,0,29.71659388442784,1,0,0,0,0,9.189487453317076,0.8247664587790119,-0.9659258262890683,-0.25881904510252063,14.386637553771138
TXN536664114,1437.66,P2M,Kotak,PNB,Pune,2024-02-26T15:39:44,15,0,0,34.77668372106923,1,0,0,0,0,7.271467403778883,0.31551047264424825,-0.7071067811865471,-0.7071067811865479,16.410673488427694
TXN436213557,7021.95,P2M,Axis,BOB,Mumbai,2024-04-20T18:19:37,18,5,0,42.96892150005569,3,0,0,0,0,8.85693863666906,0.4466271610489424,-1.0,-1.8369701987210297e-16,24.687568600022278
TXN401463770,4497.6,QR,SBI,SBI,Delhi,2024-11-18T15:55:57,15,0,0,29.584247449595228,2,0,0,1,0,8.411521516242198,0.10210670533954952,-0.7071067811865471,-0.7071067811865479,26.83369897983809
TXN572693588,163.39,Auto-Pay,Axis,ICICI,Kolkata,2024-09-02T18:21:17,18,0,0,43.74621582231898,2,0,0,0,0,5.102241653521419,0.48942141252849897,-1.0,-1.8369701987210297e-16,22.498486328927594
TXN686478566,7689.14,P2M,SBI,Kotak,Hyderabad,2024-12-16T16:22:51,16,0,0,15.098224315228656,1,0,0,0,0,8.94769426779561,0.5376845036697161,-0.8660254037844384,-0.5000000000000004,8.539289726091463
TXN595409584,377.6,P2M,ICICI,ICICI,Lucknow,2024-04-06T08:09:39,8,5,0,14.980415257929447,3,0,0,0,0,5.936480238775222,0.46018627206956536,0.8660254037844387,-0.4999999999999998,13.49216610317178
TXN926295961,136.6,P2M,BOB,PNB,Bangalore,2024-12-26T12:01:26,12,3,0,37.51965848649831,3,0,0,0,0,4.924350925499243,0.4930776816704383,1.2246467991473532e-16,-1.0,22.507863394599326
TXN326353790,498.36,P2P,PNB,SBI,Hyderabad,2024-03-17T10:47:42,10,6,0,20.74275103273233,3,0,0,0,0,6.21332727852247,0.44370508276084575,0.49999999999999994,-0.8660254037844387,15.797100413092933
TXN488395549,5100.3,P2P,PNB,BOB,Pune,2024-07-09T13:46:41,13,1,0,40.57311553002917,2,0,0,1,0,8.537250688191216,0.18436252511733434,-0.2588190451025208,-0.9659258262890683,31.22924621201167
TXN219821363,721.42,P2P,PNB,BOB,Kolkata,2024-05-28T20:51:49,20,1,0,11.775032536943563,3,0,0,0,0,6.582606687212341,0.4132621042315066,-0.8660254037844386,0.5000000000000001,12.210013014777426
TXN965279906,7885.02,P2P,SBI,SBI,Lucknow,2024-08-13T15:32:40,15,1,0,12.237310746717856,3,0,0,0,0,8.972846850574351,0.5644179862946913,-0.7071067811865471,-0.7071067811865479,12.394924298687144
TXN641617683,2098.32,P2M,Axis,BOB,Kolkata,2024-01-25T11:44:59,11,3,0,10.011637714217128,3,0,0,0,0,7.649368761750081,0.2253443370968925,0.258819045102521,-0.9659258262890682,11.504655085686853
TXN120153625,680.45,Auto-Pay,ICICI,Axis,Ahmedabad,2024-03-03T10:09:53,10,6,0,33.47515812300365,3,0,0,0,0,6.524222880873522,0.418853643863655,0.49999999999999994,-0.8660254037844387,20.89006324920146
TXN729601923,619.78,P2P,Axis,PNB,Bangalore,2024-10-03T14:24:57,14,3,0,28.26353630679762,3,0,0,0,0,6.4309767518552015,0.4271338173926383,-0.4999999999999997,-0.8660254037844388,18.805414522719047
TXN594674342,50.0,QR,ICICI,ICICI,Hyderabad,2024-10-11T09:59:16,9,4,0,35.56862073518768,2,0,0,1,0,3.9318256327243257,0.5048967525062706,0.7071067811865476,-0.7071067811865475,29.227448294075074
TXN376049616,84.84,QR,SBI,ICICI,Jaipur,2024-09-08T14:01:09,14,6,0,36.94229806480155,1,0,0,0,0,4.452485098322443,0.5001418283963354,-0.4999999999999997,-0.8660254037844388,17.276919225920622
TXN712328507,242.94,P2P,BOB,ICICI,Lucknow,2024-05-28T19:21:22,19,1,0,39.854584481803855,2,0,0,0,0,5.496922293415092,0.47856451778265063,-0.9659258262890684,0.2588190451025203,20.941833792721543
TXN503307626,50.0,Auto-Pay,Axis,PNB,Pune,2024-06-10T16:40:28,16,0,0,15.00731438979621,1,0,0,0,0,3.9318256327243257,0.5048967525062706,-0.8660254037844384,-0.5000000000000004,8.502925755918485
TXN574349625,2507.89,P2M,PNB,SBI,Bangalore,2024-03-01T16:16:13,16,4,0,27.68673623420002,2,0,0,0,0,7.827595703237132,0.16944668302955002,-0.8660254037844384,-0.5000000000000004,16.074694493680006
TXN809044096,1171.75,P2P,PNB,Kotak,Chennai,2024-04-08T09:03:50,9,0,0,19.471012796104475,2,0,0,0,0,7.067106697208567,0.3518015710963982,0.7071067811865476,-0.7071067811865475,12.78840511844179
TXN129400580,415.37,P2P,Kotak,BOB,Jaipur,2024-10-23T13:59:23,13,2,0,42.048934174501575,2,0,0,0,0,6.031574288035858,0.4550314648470551,-0.2588190451025208,-0.9659258262890683,21.81957366980063
TXN872174540,345.24,QR,ICICI,SBI,Delhi,2024-04-22T12:23:37,12,0,0,31.32510480527991,1,1,0,0,0,5.847132176218062,0.46460272856203105,1.2246467991473532e-16,-1.0,35.03004192211196
TXN139280239,1437.72,P2P,PNB,HDFC,Chennai,2024-10-25T15:56:52,15,4,0,43.66076946073325,2,0,0,0,0,7.271509108385162,0.3155022839115676,-0.7071067811865471,-0.7071067811865479,22.4643077842933
TXN400891343,1165.84,QR,HDFC,SBI,Mumbai,2024-06-26T20:59:58,20,2,0,40.33084910084263,2,1,0,0,0,7.062054519202325,0.3526081612654487,-0.8660254037844386,0.5000000000000001,41.13233964033705
TXN754011268,611.51,P2P,BOB,Kotak,Lucknow,2024-04-25T15:22:52,15,3,0,15.416665689994986,1,0,0,0,0,6.417565268816218,0.42826249771379693,-0.7071067811865471,-0.7071067811865479,8.666666275997994
TXN223233998,5705.5,P2P,PNB,PNB,Mumbai,2024-12-22T11:53:21,11,6,0,29.864531189702365,2,0,0,0,0,8.649361154993654,0.26695954209014894,0.258819045102521,-0.9659258262890682,16.94581247588095
TXN612479562,341.24,P2P,ICICI,ICICI,Lucknow,2024-07-24T16:58:48,16,2,0,13.537677233010992,1,0,0,0,0,5.835512245334096,0.46514864407407874,-0.8660254037844384,-0.5000000000000004,7.915070893204398
TXN795171730,225.99,P2P,BOB,Kotak,Bangalore,2024-07-18T20:00:03,20,3,0,36.20453467758938,1,0,0,1,0,5.4249059636476105,0.48087783476495266,-0.8660254037844386,0.5000000000000001,26.981813871035754
TXN487126281,604.24,QR,PNB,SBI,Kolkata,2024-02-29T19:26:42,19,3,0,20.05759427335722,3,0,0,0,0,6.40562507358337,0.42925469915694353,-0.9659258262890684,0.2588190451025203,15.523037709342889
TXN259583502,45000.0,P2P,Kotak,Axis,Ahmedabad,2024-11-04T02:40:30,2,0,1,70.29403761937931,7,1,1,1,1,10.714439990727769,5.629828814129581,0.49999999999999994,0.8660254037844387,90.61761504775173
TXN937016551,50.0,P2M,PNB,HDFC,Bangalore,2024-06-03T12:43:38,12,0,0,14.534380821617347,1,0,0,0,0,3.9318256327243257,0.5048967525062706,1.2246467991473532e-16,-1.0,8.313752328646938
TXN752828507,50.0,P2M,ICICI,PNB,Bangalore,2024-05-18T11:43:43,11,5,0,44.17756147239328,1,0,0,0,0,3.9318256327243257,0.5048967525062706,0.258819045102521,-0.9659258262890682,20.171024588957312
TXN757042577,1100.9,Auto-Pay,Kotak,PNB,Hyderabad,2024-12-13T19:12:17,19,4,0,33.60740305723145,1,0,0,0,0,7.004791241493732,0.3614710996035428,-0.9659258262890684,0.2588190451025203,15.942961222892581
TXN288839945,71.33,P2P,Axis,BOB,Jaipur,2024-12-05T16:13:09,16,3,0,30.599313509973825,1,0,0,0,0,4.28123898086119,0.5019856580382764,-0.8660254037844384,-0.5000000000000004,14.739725403989532
TXN431581075,1081.38,QR,PNB,SBI,Mumbai,2024-11-19T18:51:06,18,1,0,30.191881776443275,2,0,0,0,0,6.9869175992283665,0.3641351673023355,-1.0,-1.8369701987210297e-16,17.07675271057731
TXN296520602,146.31,Auto-Pay,Axis,Kotak,Chennai,2024-11-03T14:52:11,14,6,0,41.38192173572764,3,0,0,0,0,4.992539209826847,0.4917524717649426,-0.4999999999999997,-0.8660254037844388,24.052768694291057
TXN951373810,55.05,P2P,ICICI,HDFC,Kolkata,2024-06-25T10:44:08,10,1,0,20.565597533064434,2,1,0,0,0,4.026244149518169,0.5042075341723105,0.49999999999999994,-0.8660254037844387,33.22623901322577
TXN844710237,4824.02,P2M,HDFC,SBI,Pune,2024-05-07T12:17:35,12,1,0,24.73890456692338,1,1,0,0,0,8.481570158842215,0.1466561407002008,1.2246467991473532e-16,-1.0,32.39556182676935
TXN844752322,1106.79,P2M,Axis,SBI,Chennai,2024-03-10T10:52:28,10,6,0,34.287433897553825,2,0,0,0,0,7.010122318658098,0.3606672390120526,0.49999999999999994,-0.8660254037844387,18.71497355902153
TXN823623799,8160.06,P2P,HDFC,ICICI,Ahmedabad,2024-06-15T18:30:38,18,5,0,38.95115331452433,1,0,0,0,0,9.007129341482408,0.6019551369030899,-1.0,-1.8369701987210297e-16,18.080461325809736
TXN987857474,50.0,Collect,PNB,BOB,Chennai,2024-06-03T16:39:31,16,0,0,13.393798483789865,2,0,0,0,0,3.9318256327243257,0.5048967525062706,-0.8660254037844384,-0.5000000000000004,10.357519393515947
TXN984362836,134.31,Collect,ICICI,PNB,Pune,2024-05-25T19:27:18,19,5,0,33.62041865200716,2,0,0,0,0,4.907568442275553,0.4933902183010856,-0.9659258262890684,0.2588190451025203,18.448167460802864
TXN798081773,2363.76,Collect,PNB,SBI,Mumbai,2024-10-17T16:38:15,16,3,0,36.284366256412085,1,0,0,0,0,7.768431815861165,0.18911738371740816,-0.8660254037844384,-0.5000000000000004,17.013746502564835
TXN362159350,1478.56,P2P,PNB,Kotak,Kolkata,2024-04-24T20:31:47,20,2,0,38.61141132557535,3,0,0,0,0,7.2995000252592614,0.3099284865335607,-0.8660254037844386,0.5000000000000001,22.94456453023014
TXN470610101,204.82,P2P,BOB,Axis,Mumbai,2024-02-28T12:22:32,12,2,0,31.562342328102158,1,1,0,0,0,5.327002000407946,0.48376709261246503,1.2246467991473532e-16,-1.0,35.12493693124087
TXN621144798,2568.24,P2M,HDFC,Kotak,Lucknow,2024-10-14T08:42:43,8,0,0,35.191680848948124,2,0,0,0,0,7.851365414311172,0.1612101827415306,0.8660254037844387,-0.4999999999999998,19.07667233957925
TXN785568553,109.98,P2M,PNB,SBI,Hyderabad,2024-04-20T15:39:39,15,5,0,27.54700081486728,3,0,0,0,0,4.709350004897755,0.49671074940311566,-0.7071067811865471,-0.7071067811865479,18.518800325946913
TXN609073991,10951.74,QR,SBI,HDFC,Chennai,2024-08-21T13:56:39,13,2,0,14.747302053222061,1,0,0,0,0,9.301344932253267,0.9829604910714098,-0.2588190451025208,-0.9659258262890683,8.398920821288826
TXN823998957,333.32,P2M,HDFC,ICICI,Kolkata,2024-03-28T20:47:46,20,3,0,38.32134541280818,1,0,0,0,0,5.81209861813966,0.46622955678793315,-0.8660254037844386,0.5000000000000001,17.82853816512327
TXN983787346,127.23,QR,BOB,ICICI,Ahmedabad,2024-09-14T17:00:27,17,5,0,41.301361812628016,2,0,0,0,0,4.853825526471025,0.49435648875741,-0.9659258262890683,-0.25881904510252063,21.520544725051206
TXN796342702,218.97,QR,PNB,PNB,Lucknow,2024-03-10T11:02:03,11,6,0,36.19180022291066,2,0,0,0,0,5.393491173417632,0.4818359164885964,0.258819045102521,-0.9659258262890682,19.476720089164264
TXN460617891,6354.15,Auto-Pay,PNB,ICICI,Delhi,2024-01-18T15:53:14,15,3,0,43.21029466972754,2,0,0,0,0,8.757020786806837,0.35548656631258146,-0.7071067811865471,-0.7071067811865479,22.284117867891016
TXN953843067,1129.58,QR,Kotak,Axis,Delhi,2024-03-19T11:33:28,11,1,0,13.133049492820993,3,0,0,1,0,7.030486054362454,0.35755688538216096,0.258819045102521,-0.9659258262890682,22.7532197971284
TXN230208830,93.35,QR,HDFC,HDFC,Lucknow,2024-10-03T09:07:41,9,3,0,31.67975438770913,3,0,0,0,0,4.547011271814559,0.4989803931444539,0.7071067811865476,-0.7071067811865475,20.171901755083653
TXN724395778,503.04,P2P,HDFC,SBI,Kolkata,2024-02-02T17:43:01,17,4,0,29.35893887108918,3,0,0,0,0,6.222655630001492,0.44306636161174995,-0.9659258262890683,-0.25881904510252063,19.243575548435672
TXN363075190,244.39,P2P,PNB,Axis,Jaipur,2024-09-06T17:12:34,17,4,0,35.25843339951959,3,0,0,0,0,5.502848781650265,0.47836662340953334,-0.9659258262890683,-0.25881904510252063,21.603373359807836
TXN331856733,9641.13,P2M,BOB,ICICI,Jaipur,2024-01-27T11:02:26,11,5,0,35.86496482421728,1,0,0,0,0,9.17389731755462,0.8040899087602058,0.258819045102521,-0.9659258262890682,16.84598592968691
TXN716739662,431.26,QR,PNB,Kotak,Pune,2024-10-17T13:09:16,13,3,0,18.476325136046356,2,0,0,0,0,6.069027259055773,0.45286281547544566,-0.2588190451025208,-0.9659258262890683,12.390530054418543
TXN148149507,200.74,QR,PNB,SBI,Hyderabad,2024-12-21T09:44:06,9,5,0,19.416246973158866,3,0,0,0,0,5.30697973962669,0.48432392643475364,0.7071067811865476,-0.7071067811865475,15.266498789263547
TXN379775102,107.85,QR,Kotak,Axis,Jaipur,2024-04-11T12:14:49,12,3,0,26.785912812654843,1,0,0,0,0,4.689970787680556,0.49700144941328106,1.2246467991473532e-16,-1.0,13.214365125061938
TXN982902612,573.91,P2M,Axis,BOB,Bangalore,2024-01-22T09:20:35,9,0,0,39.133686459566775,2,0,0,0,0,6.354213506807414,0.4333941035270451,0.7071067811865476,-0.7071067811865475,20.65347458382671
TXN772251632,665.65,P2P,HDFC,Axis,Chennai,2024-02-07T19:55:21,19,2,0,41.18923135543527,2,0,0,0,0,6.502265170561468,0.42087353125823146,-0.9659258262890684,0.2588190451025203,21.47569254217411
TXN524831618,507.44,QR,HDFC,BOB,Pune,2024-08-03T12:34:43,12,5,0,11.415175633845097,3,0,0,1,0,6.231347214426468,0.4424658545484975,1.2246467991473532e-16,-1.0,22.06607025353804
TXN786392961,6027.16,QR,PNB,PNB,Ahmedabad,2024-04-29T08:30:52,8,0,0,36.09134633724693,2,0,0,0,0,8.704197102194398,0.3108593379914634,0.8660254037844387,-0.4999999999999998,19.436538534898773
TXN100095324,158.7,P2P,Axis,Kotak,Pune,2024-09-16T17:51:17,17,0,0,13.139670696468874,3,0,0,1,0,5.073297055220967,0.49006149846637487,-0.9659258262890683,-0.25881904510252063,22.75586827858755
TXN818684819,9128.72,QR,HDFC,SBI,Lucknow,2024-04-10T12:57:04,12,2,0,26.985172192160036,1,0,0,0,0,9.119290304991683,0.7341567668781174,1.2246467991473532e-16,-1.0,13.294068876864015
TXN292484604,50.0,P2P,HDFC,SBI,Lucknow,2024-12-04T10:51:33,10,2,0,19.777471313426595,2,0,0,0,0,3.9318256327243257,0.5048967525062706,0.49999999999999994,-0.8660254037844387,12.910988525370637
TXN915890708,228.78,P2M,HDFC,Kotak,Kolkata,2024-06-24T10:41:23,10,0,0,34.45224563011846,2,0,0,0,0,5.437122329425219,0.4804970586952994,0.49999999999999994,-0.8660254037844387,18.780898252047386
TXN248711401,453.1,P2M,SBI,BOB,Jaipur,2024-10-11T12:28:08,12,4,0,34.97117821311633,2,0,0,0,0,6.118317438103905,0.44988211677966533,1.2246467991473532e-16,-1.0,18.988471285246533
TXN779935936,612.75,Collect,Axis,BOB,Kolkata,2024-06-09T12:28:58,12,6,0,30.272038161031027,2,0,0,0,0,6.41958767910873,0.4280932639050621,1.2246467991473532e-16,-1.0,17.108815264412414
TXN186441353,590.5,Collect,PNB,Axis,Chennai,2024-08-23T17:01:06,17,4,0,26.89007497639649,3,0,0,0,0,6.3826616834184415,0.43112991894082736,-0.9659258262890683,-0.25881904510252063,18.256029990558595
TXN773606395,5369.92,P2P,PNB,ICICI,Pune,2024-03-25T11:01:50,11,0,0,14.100372502669547,3,0,0,0,0,8.588754494989095,0.22115996020690848,0.258819045102521,-0.9659258262890682,13.140149001067819
TXN838655886,1030.72,Collect,SBI,HDFC,Ahmedabad,2024-06-01T20:12:34,20,5,0,21.572510093776586,2,0,0,0,0,6.93898259139871,0.3710491872624195,-0.8660254037844386,0.5000000000000001,13.629004037510635
TXN742947530,1162.05,QR,HDFC,PNB,Ahmedabad,2024-07-18T11:39:53,11,3,0,44.29468893342998,1,0,0,0,0,7.058801143855916,0.3531254162131139,0.258819045102521,-0.9659258262890682,20.217875573371995
TXN421646320,2953.15,Auto-Pay,SBI,Kotak,Hyderabad,2024-02-15T10:52:03,10,3,0,18.37957546390286,1,0,0,0,0,7.990966240407416,0.108678097805962,0.49999999999999994,-0.8660254037844387,9.851830185561145
TXN649103151,807.55,QR,BOB,Kotak,Ahmedabad,2024-11-02T13:54:25,13,5,0,31.15334618640473,1,0,0,0,0,6.695242520023953,0.4015071784683399,-0.2588190451025208,-0.9659258262890683,14.961338474561892
TXN246586995,12030.17,P2P,ICICI,BOB,Kolkata,2024-08-23T10:02:29,10,4,0,12.042453207581552,1,0,0,0,0,9.395256061097438,1.1301434074858059,0.49999999999999994,-0.8660254037844387,7.3169812830326215
TXN789769257,8926.89,P2M,Axis,SBI,Jaipur,2024-03-25T15:33:51,15,0,0,33.586097924169664,2,0,0,1,0,9.09693536375666,0.7066112349289714,-0.7071067811865471,-0.7071067811865479,28.43443916966787
TXN387663273,10179.84,Auto-Pay,SBI,ICICI,Mumbai,2024-07-20T20:25:54,20,5,0,43.52734700842784,3,0,0,0,0,9.228262801435134,0.8776124451340079,-0.8660254037844386,0.5000000000000001,24.910938803371135
TXN778531430,15000.0,P2P,ICICI,ICICI,Chennai,2024-02-02T22:36:12,22,4,1,66.73179601060741,12,1,1,1,1,9.61587214452889,1.5354624737719493,-0.5000000000000004,0.8660254037844384,101.69271840424297
TXN529319784,19403.56,P2M,PNB,BOB,Chennai,2024-01-31T09:01:04,9,2,0,27.657483530350326,1,0,0,0,0,9.873263368977524,2.1364554018301245,0.7071067811865476,-0.7071067811865475,13.56299341214013
TXN112374888,1998.8,P2P,SBI,Kotak,Mumbai,2024-10-30T14:27:40,14,2,0,29.322427762868227,3,0,0,0,0,7.600802454541749,0.2389267150366389,-0.4999999999999997,-0.8660254037844388,19.22897110514729
TXN285727174,123.38,QR,BOB,BOB,Ahmedabad,2024-12-11T14:29:07,14,2,0,17.023586573535102,1,0,0,0,0,4.823341395675743,0.4948819324377559,-0.4999999999999997,-0.8660254037844388,9.309434629414042
TXN171969832,4363.11,Auto-Pay,HDFC,Kotak,Ahmedabad,2024-10-08T09:34:26,9,1,0,37.06510005141884,1,0,0,0,0,8.381169552868103,0.08375166103572616,0.7071067811865476,-0.7071067811865475,17.326040020567536
TXN250187613,653.64,QR,PNB,HDFC,Bangalore,2024-12-22T15:11:14,15,6,0,16.2723447346359,3,0,0,0,0,6.484085466219126,0.4225126425831547,-0.7071067811865471,-0.7071067811865479,14.00893789385436
TXN135466139,579.29,P2M,PNB,PNB,Delhi,2024-04-17T19:51:48,19,2,0,16.533589376850937,2,0,0,0,0,6.363527978582116,0.432659847163341,-0.9659258262890684,0.2588190451025203,11.613435750740376
TXN543745034,6552.8,Collect,ICICI,BOB,Chennai,2024-11-05T12:20:27,12,1,0,19.75870476863438,1,0,0,0,0,8.787800313077552,0.3825980954296497,1.2246467991473532e-16,-1.0,10.403481907453752
TXN278439839,171.83,P2M,Kotak,PNB,Bangalore,2024-07-06T10:08:51,10,5,0,30.31678580545717,1,0,0,0,0,5.152308452412401,0.48826953079807833,0.49999999999999994,-0.8660254037844387,14.626714322182869
TXN390637157,498.45,P2P,Axis,HDFC,Lucknow,2024-08-25T11:09:56,11,6,0,27.78590660064443,3,1,0,0,0,6.213507492978159,0.4436927996618247,0.258819045102521,-0.9659258262890682,38.614362640257774
TXN925601994,2412.03,P2P,ICICI,ICICI,Hyderabad,2024-01-12T15:07:54,15,4,0,34.034842929278526,2,0,0,0,0,7.788638498204191,0.18252954827577272,-0.7071067811865471,-0.7071067811865479,18.613937171711413
TXN764603057,313.26,P2P,PNB,Axis,Hyderabad,2024-04-25T18:24:55,18,3,0,33.80295128539731,2,0,0,0,0,5.750220668761986,0.46896732308085237,-1.0,-1.8369701987210297e-16,18.521180514158928
TXN843436521,687.07,P2P,BOB,PNB,Jaipur,2024-04-21T16:39:10,16,6,0,31.884201404704427,1,0,0,0,0,6.533890576943802,0.4179501536912161,-0.8660254037844384,-0.5000000000000004,15.253680561881772
TXN788208459,1069.53,P2P,Axis,SBI,Lucknow,2024-12-19T14:42:22,14,3,0,31.363204182426877,3,0,0,0,0,6.97590913192478,0.36575244200677676,-0.4999999999999997,-0.8660254037844388,20.045281672970752
TXN634296017,300.07,QR,PNB,BOB,Chennai,2024-09-15T08:33:46,8,6,0,11.41818339038845,1,0,0,0,0,5.707342795850958,0.47076747948182956,0.8660254037844387,-0.4999999999999998,7.06727335615538
TXN476818671,672.14,QR,ICICI,PNB,Bangalore,2024-11-16T10:42:49,10,5,0,44.36358458239938,1,0,0,0,0,6.5119533317849285,0.41998778333993414,0.49999999999999994,-0.8660254037844387,20.245433832959755
TXN600720504,178.3,P2P,PNB,SBI,Pune,2024-10-20T20:14:57,20,6,0,33.05314742289184,2,0,0,0,0,5.189060380611087,0.48738651245734116,-0.8660254037844386,0.5000000000000001,18.221258969156736
TXN795522487,92.3,P2M,SBI,PNB,Jaipur,2024-12-15T16:27:35,16,6,0,13.45352343298947,2,0,0,0,0,4.535820107853298,0.4991236959663664,-0.8660254037844384,-0.5000000000000004,10.381409373195789
TXN480438153,1077.68,P2P,ICICI,BOB,Bangalore,2024-02-15T12:41:31,12,3,0,44.587523352052344,2,0,0,0,0,6.983493350373308,0.36464013915097965,1.2246467991473532e-16,-1.0,22.83500934082094
TXN745624236,50.0,QR,SBI,HDFC,Pune,2024-11-13T14:23:59,14,2,0,22.811280529038847,2,0,0,0,0,3.9318256327243257,0.5048967525062706,-0.4999999999999997,-0.8660254037844388,14.124512211615539
TXN661184222,4914.9,P2P,HDFC,HDFC,Jaipur,2024-09-27T16:02:29,16,4,0,37.74812371681854,2,0,0,0,0,8.500230128737776,0.1590593411339241,-0.8660254037844384,-0.5000000000000004,20.099249486727416
TXN323787707,664.73,QR,Axis,ICICI,Hyderabad,2024-07-08T20:27:02,20,0,0,37.28743738301805,1,0,0,0,0,6.500884182935995,0.4209990918260024,-0.8660254037844386,0.5000000000000001,17.41497495320722
TXN935150275,578.3,Collect,Axis,PNB,Pune,2024-02-02T09:47:40,9,4,0,32.12987537731739,2,0,0,0,0,6.361820478102579,0.43279496125257283,0.7071067811865476,-0.7071067811865475,17.851950150926957
TXN396648344,16707.3,QR,HDFC,Kotak,Ahmedabad,2024-01-23T08:31:40,8,1,0,16.546580728447488,3,0,0,0,0,9.723660880926301,1.768472862201702,0.8660254037844387,-0.4999999999999998,14.118632291378995
TXN289330936,138.74,QR,ICICI,SBI,Hyderabad,2024-02-18T18:28:59,18,6,0,15.206900166664202,1,0,0,0,0,4.939783553124305,0.49278561687149275,-1.0,-1.8369701987210297e-16,8.582760066665681
TXN549119005,2037.71,P2M,ICICI,ICICI,Lucknow,2024-01-24T12:40:41,12,2,0,17.808150645587453,1,0,0,0,0,7.6200725338776385,0.23361632189319503,1.2246467991473532e-16,-1.0,9.623260258234982
TXN627989476,7136.05,P2M,SBI,SBI,Bangalore,2024-12-18T10:50:07,10,2,0,21.62263347634676,3,0,0,0,0,8.873054804691238,0.46219940103010265,0.49999999999999994,-0.8660254037844387,16.149053390538704
TXN438268788,321.13,QR,SBI,BOB,Bangalore,2024-08-29T19:49:00,19,3,0,33.69104957889138,3,0,0,0,0,5.774955190776784,0.4678932343108985,-0.9659258262890684,0.2588190451025203,20.976419831556555
TXN789803243,104.03,P2P,ICICI,PNB,Delhi,2024-03-26T19:34:16,19,1,0,33.7933250045737,2,0,0,0,0,4.654246023634684,0.49752279872728655,-0.9659258262890684,0.2588190451025203,18.51733000182948
TXN382546073,192.04,QR,PNB,PNB,Chennai,2024-03-09T14:55:37,14,5,0,35.61089907549618,2,1,0,0,0,5.262897421316776,0.4855112926734574,-0.4999999999999997,-0.8660254037844388,39.244359630198474
TXN634874121,3323.18,P2M,PNB,PNB,Lucknow,2024-02-09T15:42:49,15,4,0,44.00390680079803,1,0,0,0,0,8.108978306133741,0.05817681857521089,-0.7071067811865471,-0.7071067811865479,20.10156272031921
TXN824773318,1931.28,P2P,Axis,HDFC,Chennai,2024-09-15T19:06:48,19,6,0,43.100028795435854,1,0,0,0,0,7.566455931807714,0.2481417688800038,-0.9659258262890684,0.2588190451025203,19.74001151817434
TXN982184151,40000.0,P2P,Kotak,Axis,Lucknow,2024-12-04T03:18:29,3,2,1,76.65273664730637,7,1,1,0,1,10.596659732783579,4.947434424069976,0.7071067811865476,0.7071067811865476,83.16109465892255
TXN950300653,8472.09,P2P,Kotak,BOB,Delhi,2024-05-22T11:55:32,11,2,0,42.36266174957047,2,0,0,0,0,9.04465053811774,0.6445406412091498,0.258819045102521,-0.9659258262890682,21.94506469982819
TXN611064888,2945.88,P2M,BOB,Kotak,Hyderabad,2024-06-29T14:23:08,14,5,0,22.162747884881334,1,0,0,0,0,7.988502262533002,0.10967029924910868,-0.4999999999999997,-0.8660254037844388,11.365099153952533
TXN771376275,874.54,QR,ICICI,Kotak,Kolkata,2024-03-10T11:46:14,11,6,0,33.49447888301964,1,0,0,1,0,6.774840838860418,0.3923644584303213,0.258819045102521,-0.9659258262890682,25.897791553207856
TXN759903706,372.87,Auto-Pay,SBI,BOB,Hyderabad,2024-04-06T09:35:09,9,5,0,20.219068077445016,1,0,0,0,0,5.923908143406992,0.4608318171625617,0.7071067811865476,-0.7071067811865475,10.587627230978006
TXN484198692,864.96,Auto-Pay,PNB,Kotak,Mumbai,2024-09-02T12:19:14,12,0,0,16.148523498456875,3,0,0,0,0,6.76383871811923,0.39367192608167545,1.2246467991473532e-16,-1.0,13.95940939938275
TXN151876129,61.31,P2P,Axis,ICICI,Hyderabad,2024-01-17T20:55:54,20,2,0,38.51369254878447,3,0,0,0,0,4.132121926556131,0.5033531763959559,-0.8660254037844386,0.5000000000000001,22.90547701951379
TXN553333429,2575.89,P2M,Kotak,Kotak,Hyderabad,2024-06-21T09:01:23,9,4,0,33.910594391407614,1,0,0,0,0,7.8543385244483455,0.16016611932473937,0.7071067811865476,-0.7071067811865475,16.064237756563045
TXN997719294,3801.31,P2P,ICICI,SBI,Hyderabad,2024-11-07T16:06:47,16,3,0,17.751457389861905,3,0,0,0,0,8.243364055758159,0.007077827368628946,-0.8660254037844384,-0.5000000000000004,14.600582955944763
TXN925069012,136.34,QR,Axis,PNB,Delhi,2024-07-16T11:03:06,11,1,0,38.63613958171923,1,0,0,0,0,4.9224596031925305,0.49311316617872136,0.258819045102521,-0.9659258262890682,17.954455832687692
TXN638535629,88.07,P2P,Kotak,BOB,Mumbai,2024-08-30T14:39:13,14,4,0,27.49081912750197,3,0,0,0,0,4.489422577443778,0.4997010016203568,-0.4999999999999997,-0.8660254037844388,18.49632765100079
TXN436383639,5058.85,P2M,HDFC,Kotak,Kolkata,2024-09-25T08:11:08,8,2,0,42.54729575467695,2,0,0,0,0,8.529092117573336,0.17870547562374023,0.8660254037844387,-0.4999999999999998,22.01891830187078
TXN473140487,50.0,Auto-Pay,Axis,HDFC,Jaipur,2024-01-12T20:37:57,20,4,0,30.85897657857509,3,0,0,0,0,3.9318256327243257,0.5048967525062706,-0.8660254037844386,0.5000000000000001,19.843590631430036
TXN747691773,585.81,P2P,SBI,PNB,Lucknow,2024-08-30T18:21:40,18,4,0,30.10245450010343,3,0,0,0,0,6.37470108770508,0.43177000487870326,-1.0,-1.8369701987210297e-16,19.540981800041372
TXN377080717,267.51,P2P,SBI,Axis,Hyderabad,2024-04-24T15:53:18,15,2,0,14.36533195182903,2,0,0,1,0,5.592888157203239,0.47521123174989777,-0.7071067811865471,-0.7071067811865479,20.746132780731614
TXN200561631,204.96,QR,SBI,BOB,Mumbai,2024-03-16T10:23:07,10,5,0,37.329657068655806,1,0,0,0,0,5.32768197517794,0.4837479855695434,0.49999999999999994,-0.8660254037844387,17.431862827462325
TXN197599867,50.0,P2M,ICICI,BOB,Pune,2024-09-27T14:52:47,14,4,0,34.58729569318713,3,0,0,0,0,3.9318256327243257,0.5048967525062706,-0.4999999999999997,-0.8660254037844388,21.334918277274852
TXN988029678,1152.47,QR,Kotak,Axis,Hyderabad,2024-11-01T12:25:02,12,4,0,33.516220547273036,3,0,0,0,0,7.050530069473259,0.3544328838644681,1.2246467991473532e-16,-1.0,20.906488218909217
TXN950588468,85.84,P2M,Axis,SBI,Kolkata,2024-04-07T08:09:29,8,6,0,33.1144258446014,3,0,0,0,0,4.464067345010091,0.5000053495183234,0.8660254037844387,-0.4999999999999998,20.74577033784056
TXN919571325,532.0,P2P,HDFC,Kotak,Lucknow,2024-11-26T17:09:22,17,1,0,42.18222974803899,1,0,0,0,0,6.278521424165844,0.4391139333045247,-0.9659258262890683,-0.25881904510252063,19.3728918992156
TXN646988185,4740.44,Auto-Pay,Axis,BOB,Lucknow,2024-06-21T11:28:19,11,4,0,39.39356567509358,1,1,0,1,0,8.46409616602037,0.13524923607596434,0.258819045102521,-0.9659258262890682,48.257426270037435
TXN292088256,40000.0,P2P,BOB,HDFC,Delhi,2024-06-23T23:28:34,23,6,1,97.48447036060647,16,1,1,1,1,10.596659732783579,4.947434424069976,-0.25881904510252157,0.9659258262890681,123.99378814424259
TXN537257275,592.13,QR,PNB,ICICI,Kolkata,2024-12-05T16:39:22,16,3,0,34.987994892258214,1,0,0,0,0,6.385413599254899,0.4309074583696679,-0.8660254037844384,-0.5000000000000004,16.495197956903286
TXN641042276,356.4,P2P,Kotak,HDFC,Lucknow,2024-09-23T08:47:38,8,0,0,20.971707594625762,3,0,0,0,0,5.878855602725328,0.46307962428341803,0.8660254037844387,-0.4999999999999998,15.888683037850305
TXN123733970,6091.39,P2M,HDFC,SBI,Lucknow,2024-01-27T13:02:48,13,5,0,29.084097243014604,3,0,0,0,0,8.71479573035073,0.3196253763261692,-0.2588190451025208,-0.9659258262890683,19.13363889720584
TXN217225883,143.26,Collect,ICICI,BOB,Delhi,2024-05-12T10:05:41,10,6,0,33.8813602512797,2,0,0,0,0,4.971617227075527,0.49216873234287895,0.49999999999999994,-0.8660254037844387,18.55254410051188
TXN446375133,421.82,P2M,SBI,BOB,Bangalore,2024-08-26T12:53:48,12,0,0,17.81879105186224,3,0,0,0,0,6.046946556566986,0.45415117608387817,1.2246467991473532e-16,-1.0,14.627516420744897
TXN123045201,410.44,P2P,HDFC,BOB,Delhi,2024-01-31T17:17:42,17,2,0,33.79091952497298,1,0,0,0,0,6.019663201466661,0.45570430571565385,-0.9659258262890683,-0.25881904510252063,16.01636780998919
TXN929392850,789.76,P2P,BOB,HDFC,Ahmedabad,2024-09-15T16:05:30,16,6,0,44.80233602658876,2,0,0,0,0,6.672994508327736,0.40393513770817197,-0.8660254037844384,-0.5000000000000004,22.920934410635507
TXN724722506,45000.0,QR,SBI,Axis,Bangalore,2024-04-26T23:34:44,23,4,1,78.13400261963083,12,1,1,1,1,10.714439990727769,5.629828814129581,-0.25881904510252157,0.9659258262890681,106.25360104785233
TXN579242379,225.93,P2M,HDFC,HDFC,Mumbai,2024-05-05T18:03:19,18,6,0,16.849771307357575,2,0,0,1,0,5.424641599881531,0.48088602349763343,-1.0,-1.8369701987210297e-16,21.73990852294303
TXN942873879,3607.51,P2P,Axis,HDFC,Chennai,2024-10-24T18:20:44,18,3,0,36.517019633466376,1,0,0,0,0,8.191050223743073,0.01937177919008132,-1.0,-1.8369701987210297e-16,17.10680785338655
TXN413934567,5340.19,QR,HDFC,ICICI,Pune,2024-08-26T13:43:02,13,0,0,37.15677817483774,3,0,0,0,0,8.583203753569608,0.217102443163614,-0.2588190451025208,-0.9659258262890683,22.362711269935097
TXN142944774,598.55,Auto-Pay,BOB,Axis,Hyderabad,2024-07-07T08:41:13,8,6,0,12.444293358834937,1,0,0,0,0,6.396179373825442,0.4300312639728314,0.8660254037844387,-0.4999999999999998,7.477717343533975
TXN638181557,484.06,P2M,Kotak,Kotak,Hyderabad,2024-03-26T08:24:53,8,1,0,11.442304350954121,1,0,0,0,0,6.184272594626073,0.4456567307164162,0.8660254037844387,-0.4999999999999998,7.076921740381649
TXN242850657,604.3,P2M,ICICI,PNB,Bangalore,2024-02-28T10:02:08,10,2,0,25.84844626440242,3,0,0,0,0,6.405724202897641,0.4292465104242629,0.49999999999999994,-0.8660254037844387,17.83937850576097
TXN226853658,1735.42,QR,Axis,HDFC,Hyderabad,2024-05-15T12:39:09,12,2,0,35.476597505718274,1,0,0,0,0,7.459580801442497,0.2748725219274187,1.2246467991473532e-16,-1.0,16.690639002287313
TXN702344729,1390.61,Collect,Kotak,Kotak,Chennai,2024-12-02T18:10:28,18,0,0,44.18462089002923,3,0,0,0,0,7.238216629224949,0.32193180385470915,-1.0,-1.8369701987210297e-16,25.173848356011693
TXN689386085,1017.63,QR,ICICI,SBI,Chennai,2024-07-26T14:42:20,14,4,0,33.508108084926455,2,0,0,0,0,6.926213866206076,0.3728356957755955,-0.4999999999999997,-0.8660254037844388,18.403243233970585
TXN814078789,69.09,QR,HDFC,SBI,Delhi,2024-09-09T16:57:18,16,0,0,18.06072551933796,2,0,0,0,0,4.249780130512233,0.5022913707250231,-0.8660254037844384,-0.5000000000000004,12.224290207735184
TXN185227863,5412.82,P2P,PNB,SBI,Delhi,2024-08-05T15:53:21,15,0,0,11.512469766590858,2,0,0,0,0,8.596710222484496,0.22701490407361985,-0.7071067811865471,-0.7071067811865479,9.604987906636342
TXN168707219,8863.62,QR,HDFC,BOB,Pune,2024-01-12T10:40:41,10,4,0,44.80489911129622,3,0,0,0,0,9.089823352389343,0.6979762163171572,0.49999999999999994,-0.8660254037844387,25.42195964451849
TXN904075726,579.31,P2P,ICICI,PNB,Kolkata,2024-07-13T18:57:39,18,5,0,36.29114577971184,1,0,0,0,0,6.363562443514051,0.43265711758578074,-1.0,-1.8369701987210297e-16,17.016458311884737
TXN338171120,17102.62,Auto-Pay,Kotak,HDFC,Hyderabad,2024-04-29T15:45:54,15,0,0,12.659068853130984,1,0,0,0,0,9.747045415992767,1.8224256922573747,-0.7071067811865471,-0.7071067811865479,7.563627541252394
TXN500964502,241.69,P2P,Axis,HDFC,Kolkata,2024-02-02T09:40:16,9,4,0,37.80097791645147,3,0,0,0,0,5.491784908752245,0.4787351163801655,0.7071067811865476,-0.7071067811865475,22.62039116658059
TXN548287936,15000.0,P2M,Axis,BOB,Chennai,2024-01-30T22:27:12,22,1,1,65.74140140388374,17,1,1,0,1,9.61587214452889,1.5354624737719493,-0.5000000000000004,0.8660254037844384,103.79656056155349
TXN580065590,109.05,P2P,SBI,BOB,Delhi,2024-07-10T10:22:47,10,2,0,10.663401615197749,3,0,0,0,0,4.70093480797247,0.4968376747596667,0.49999999999999994,-0.8660254037844387,11.765360646079099
TXN667527427,1168.18,P2M,BOB,Kotak,Mumbai,2024-07-22T16:44:42,16,0,0,17.801580827836347,2,0,0,0,0,7.064057927377478,0.3522888006909008,-0.8660254037844384,-0.5000000000000004,12.120632331134539
TXN276442457,45000.0,P2P,SBI,ICICI,Chennai,2024-05-18T06:24:38,6,5,0,84.48472291364192,15,1,1,0,1,10.714439990727769,5.629828814129581,1.0,6.123233995736766e-17,91.29388916545676
TXN221043675,314.89,QR,BOB,Axis,Ahmedabad,2024-06-20T15:24:03,15,3,0,18.19421801305029,2,0,0,0,0,5.7553940517197795,0.46874486250969294,-0.7071067811865471,-0.7071067811865479,12.277687205220115
TXN775779672,184.8,QR,SBI,HDFC,Chennai,2024-06-10T08:24:11,8,0,0,29.198568977828742,1,1,0,0,0,5.224670826379739,0.4864993997502637,0.8660254037844387,-0.4999999999999998,34.1794275911315
TXN682909406,8366.7,Auto-Pay,HDFC,Axis,Ahmedabad,2024-04-13T19:51:23,19,5,0,19.052437936279908,2,0,0,0,0,9.032134334801626,0.6301571322554734,-0.9659258262890684,0.2588190451025203,12.620975174511964
TXN914669167,54.57,Auto-Pay,Kotak,ICICI,Jaipur,2024-03-15T17:48:43,17,4,0,10.97334915750653,2,0,0,0,0,4.01764348729183,0.5042730440337562,-0.9659258262890683,-0.25881904510252063,9.389339663002612
TXN519328132,216.72,P2P,Kotak,Axis,Delhi,2024-05-14T17:31:11,17,1,0,28.943337505184054,1,0,0,0,0,5.383209833565999,0.48214299396412325,-0.9659258262890683,-0.25881904510252063,14.077335002073623
TXN804200368,9404.65,P2M,Kotak,PNB,Pune,2024-09-17T19:36:13,19,1,0,19.53404950182213,1,0,0,0,0,9.14906585152137,0.7718153836879468,-0.9659258262890684,0.2588190451025203,10.313619800728851
TXN462908655,50.0,QR,ICICI,PNB,Lucknow,2024-05-13T11:36:10,11,0,0,39.932476918260036,3,0,0,0,0,3.9318256327243257,0.5048967525062706,0.258819045102521,-0.9659258262890682,23.472990767304015
TXN449173721,121.58,P2M,PNB,PNB,Hyderabad,2024-11-18T19:07:24,19,0,0,23.5577692939353,1,0,0,1,0,4.808763878057586,0.4951275944181774,-0.9659258262890684,0.2588190451025203,21.92310771757412
TXN120940298,521.26,QR,ICICI,HDFC,Ahmedabad,2024-08-02T09:52:19,9,4,0,44.18919597276346,3,0,0,0,0,6.25816554817102,0.44057971645437277,0.7071067811865476,-0.7071067811865475,25.175678389105382
TXN307410754,50.0,P2P,PNB,ICICI,Lucknow,2024-05-04T15:19:17,15,5,0,25.71994046174015,1,0,0,0,0,3.9318256327243257,0.5048967525062706,-0.7071067811865471,-0.7071067811865479,12.787976184696062
TXN412117762,1673.68,P2M,SBI,Kotak,Pune,2024-09-15T16:46:20,16,6,0,41.67419086235885,1,0,0,0,0,7.42337738123167,0.2832987278558747,-0.8660254037844384,-0.5000000000000004,19.16967634494354
TXN776190523,73.6,P2M,Axis,ICICI,Pune,2024-04-25T09:04:55,9,3,0,31.085871357428882,1,0,0,0,0,4.312140507209715,0.5016758509851893,0.7071067811865476,-0.7071067811865475,14.934348542971554
TXN423745251,7104.25,QR,HDFC,BOB,Chennai,2024-12-08T09:51:25,9,6,0,14.144724290639385,2,0,0,0,0,8.868589226400559,0.45785937270932353,0.7071067811865476,-0.7071067811865475,10.657889716255754
TXN773401320,3923.8,QR,Axis,PNB,Chennai,2024-12-19T12:05:34,12,3,0,10.692655517170989,3,0,0,0,0,8.275070673504224,0.02379512513630919,1.2246467991473532e-16,-1.0,11.777062206868397
TXN187440864,949.3,P2P,ICICI,ICICI,Bangalore,2024-07-12T12:25:28,12,4,0,38.26633946622514,1,0,0,0,0,6.856777724217269,0.3821612975101501,1.2246467991473532e-16,-1.0,17.80653578649006
TXN655590939,443.23,P2P,Kotak,BOB,Chennai,2024-12-26T08:04:19,8,3,0,28.672917385489345,1,0,0,0,0,6.0963424463252265,0.45122916330564294,0.8660254037844387,-0.4999999999999998,13.969166954195739
TXN404113369,417.79,P2M,BOB,ICICI,Delhi,2024-12-15T15:20:49,15,6,0,25.812518310987173,3,0,0,0,0,6.037369600965363,0.4547011859622662,-0.7071067811865471,-0.7071067811865479,17.825007324394868
TXN680278028,2055.24,P2M,BOB,Axis,Pune,2024-03-28T12:23:03,12,3,0,29.127444648398004,2,0,0,0,0,7.628634351279972,0.2312238471616461,1.2246467991473532e-16,-1.0,16.6509778593592
TXN783713159,309.51,P2P,HDFC,SBI,Bangalore,2024-09-14T10:25:05,10,5,0,16.902206403085028,1,0,0,0,0,5.7382161069740905,0.46947911887339705,0.49999999999999994,-0.8660254037844387,9.260882561234013
TXN161750671,169.46,Auto-Pay,Kotak,BOB,Ahmedabad,2024-08-11T09:31:09,9,6,0,19.34392871785606,2,0,0,1,0,5.138500665094152,0.4885929857389666,0.7071067811865476,-0.7071067811865475,22.737571487142425
TXN652933929,1100.28,P2M,Kotak,Axis,Ahmedabad,2024-04-25T08:04:04,8,3,0,35.270657122485844,3,0,0,0,0,7.004228418650054,0.3615557165079102,0.8660254037844387,-0.4999999999999998,21.608262848994336
TXN611619979,346.43,P2M,Kotak,Axis,Lucknow,2024-01-08T13:31:21,13,0,0,35.148475346667745,1,0,0,0,0,5.850563205864396,0.46444031869719693,-0.2588190451025208,-0.9659258262890683,16.559390138667098
TXN753680005,182.24,Collect,BOB,BOB,Chennai,2024-01-23T17:08:02,17,1,0,35.31002720494997,3,0,0,0,0,5.2107967690185415,0.4868487856779742,-0.9659258262890683,-0.25881904510252063,21.624010881979988
TXN618537808,134.54,Collect,ICICI,BOB,Lucknow,2024-06-09T08:02:49,8,6,0,37.065200563975765,3,0,0,0,0,4.909266799707967,0.4933588281591429,0.8660254037844387,-0.4999999999999998,22.326080225590307
TXN615676758,582.04,Collect,Axis,BOB,Pune,2024-04-30T16:19:16,16,1,0,27.532589996966546,2,1,0,0,0,6.368255794631539,0.4322845302488082,-0.8660254037844384,-0.5000000000000004,36.01303599878662
TXN617454951,15000.0,P2P,BOB,Axis,Hyderabad,2024-03-13T00:46:05,0,2,1,72.9020845253882,11,0,1,1,1,9.61587214452889,1.5354624737719493,0.0,1.0,81.66083381015528
TXN866826635,5642.54,QR,ICICI,SBI,Bangalore,2024-01-10T09:59:54,9,2,0,12.364832619750933,3,0,0,0,0,8.638266807170687,0.2583668319305184,0.7071067811865476,-0.7071067811865475,12.445933047900374
TXN438505366,1146.27,P2P,PNB,HDFC,Mumbai,2024-05-05T10:12:32,10,6,0,18.49955060501567,3,0,0,0,0,7.045140486114927,0.355279052908142,0.49999999999999994,-0.8660254037844387,14.899820242006268
TXN869547755,284.8,P2P,HDFC,HDFC,Mumbai,2024-04-10T15:43:13,15,2,0,32.326950923944906,3,0,0,0,0,5.655292265495767,0.4728515119490716,-0.7071067811865471,-0.7071067811865479,20.430780369577963
TXN349467210,658.37,P2M,Kotak,Axis,Ahmedabad,2024-04-12T11:28:14,11,4,0,34.78254022286159,2,0,0,0,0,6.491284833697292,0.42186709749015827,0.258819045102521,-0.9659258262890682,18.913016089144637
TXN601578260,1043.23,P2P,Kotak,BOB,Bangalore,2024-12-02T14:41:36,14,0,0,26.25666510010684,1,0,0,0,0,6.951035050692077,0.3693418364984903,-0.4999999999999997,-0.8660254037844388,13.002666040042737
TXN998600158,167.76,P2P,SBI,HDFC,Mumbai,2024-05-02T13:25:49,13,3,0,18.948970677427106,2,0,0,0,0,5.128477587256138,0.4888249998315869,-0.2588190451025208,-0.9659258262890683,12.579588270970842
TXN575737578,7045.5,Collect,ICICI,HDFC,Kolkata,2024-02-07T19:51:46,19,2,0,34.046641407894654,1,0,0,0,0,8.860286318631566,0.4498412386261232,-0.9659258262890684,0.2588190451025203,16.118656563157863
TXN572183315,607.12,QR,Axis,Kotak,Ahmedabad,2024-10-03T19:02:22,19,3,0,19.274747692718933,3,0,0,0,0,6.410372230912635,0.4288616399882692,-0.9659258262890684,0.2588190451025203,15.209899077087574
TXN586171151,3363.07,P2M,SBI,Kotak,Pune,2024-05-10T13:47:41,13,4,0,37.29909174226259,1,0,0,0,0,8.12090682943758,0.05273267613131531,-0.2588190451025208,-0.9659258262890683,17.419636696905037
TXN619243157,725.91,P2P,BOB,BOB,Pune,2024-07-05T19:42:34,19,4,0,20.365264780824702,3,0,0,0,0,6.588802673446451,0.4126493140692331,-0.9659258262890684,0.2588190451025203,15.646105912329881
TXN361563697,3171.75,P2P,BOB,HDFC,Delhi,2024-08-11T12:22:53,12,6,0,14.045799561437127,3,0,0,0,0,8.062353998690273,0.07884381507255607,1.2246467991473532e-16,-1.0,13.11831982457485
TXN350395589,50.0,P2P,PNB,SBI,Delhi,2024-12-01T17:56:22,17,6,0,36.956550288668865,2,0,0,1,0,3.9318256327243257,0.5048967525062706,-0.9659258262890683,-0.25881904510252063,29.782620115467545
TXN431102708,50.0,P2P,ICICI,SBI,Mumbai,2024-05-11T09:04:56,9,5,0,15.414740865190879,3,0,0,0,0,3.9318256327243257,0.5048967525062706,0.7071067811865476,-0.7071067811865475,13.665896346076352
TXN413488319,5625.6,P2M,Axis,HDFC,Kolkata,2024-07-19T15:50:34,15,4,0,19.337022226837338,1,0,0,1,0,8.635260631070414,0.2560548797369965,-0.7071067811865471,-0.7071067811865479,20.234808890734936
TXN200653749,15000.0,P2P,Axis,PNB,Bangalore,2024-10-16T23:07:04,23,2,1,85.19128031881132,12,0,1,0,1,9.61587214452889,1.5354624737719493,-0.25881904510252157,0.9659258262890681,79.07651212752452
TXN337420545,392.6,Collect,BOB,Axis,Chennai,2024-03-23T10:23:41,10,5,0,12.818079550702915,2,0,0,1,0,5.975335165178098,0.45813908889938654,0.49999999999999994,-0.8660254037844387,20.127231820281168
TXN749053447,8018.83,P2P,ICICI,ICICI,Jaipur,2024-08-17T13:52:51,13,5,0,19.099015244184493,1,0,0,1,0,8.98967250362842,0.5826802249614663,-0.2588190451025208,-0.9659258262890683,20.1396060976738
TXN149706531,339.83,P2M,BOB,PNB,Hyderabad,2024-01-21T14:40:32,14,6,0,30.93589651600137,2,0,0,0,0,5.831383819249923,0.4653410792920756,-0.4999999999999997,-0.8660254037844388,17.37435860640055
TXN607967179,11722.44,P2P,Axis,ICICI,Chennai,2024-05-31T19:56:31,19,4,0,41.11094959293414,1,0,0,0,0,9.369345535422159,1.0881447623551974,-0.9659258262890684,0.2588190451025203,18.944379837173656
TXN902772237,357.69,QR,BOB,HDFC,Mumbai,2024-01-24T13:39:38,13,2,0,17.056467048680545,3,0,0,0,0,5.882458505699668,0.4629035665307827,-0.2588190451025208,-0.9659258262890683,14.322586819472217
TXN417169376,11864.96,P2M,BOB,Kotak,Jaipur,2024-03-09T09:47:16,9,5,0,39.51394163594286,1,0,0,0,0,9.381429075837008,1.1075957320494563,0.7071067811865476,-0.7071067811865475,18.30557665437714
TXN861289835,202.09,P2P,Axis,ICICI,Mumbai,2024-10-26T18:26:46,18,5,0,10.584713216904808,1,0,0,1,0,5.3136492305450185,0.4841396799494376,-1.0,-1.8369701987210297e-16,16.733885286761925
TXN394996477,9941.59,P2P,ICICI,Kotak,Hyderabad,2024-04-09T10:15:28,10,1,0,39.35179684679119,2,0,0,0,0,9.20458282909016,0.8450963524476678,0.49999999999999994,-0.8660254037844387,20.740718738716474
TXN377100850,791.28,Collect,PNB,Kotak,Bangalore,2024-04-13T08:44:06,8,5,0,44.626665038989636,2,0,0,1,0,6.674914864689064,0.4037276898135938,0.8660254037844387,-0.4999999999999998,32.850666015595856
TXN788074201,781.65,P2P,Axis,BOB,Jaipur,2024-12-26T20:53:44,20,3,0,14.017936694331294,2,0,0,0,0,6.662685597334232,0.4050419814088486,-0.8660254037844386,0.5000000000000001,10.607174677732518
TXN699024118,1466.93,P2P,Kotak,PNB,Pune,2024-05-20T10:00:28,10,0,0,30.001203835490887,2,0,0,0,0,7.29160852411384,0.3115157358848394,0.49999999999999994,-0.8660254037844387,17.000481534196354
TXN755539275,458.78,Collect,HDFC,Axis,Delhi,2024-06-02T15:27:17,15,6,0,32.394118733179766,3,0,0,0,0,6.130748114210368,0.44910691675255754,-0.7071067811865471,-0.7071067811865479,20.457647493271907
TXN848468673,23425.92,P2P,Kotak,BOB,Chennai,2024-07-01T10:46:14,10,0,0,28.24738998692066,3,0,0,1,0,10.061641067461762,2.685422581590155,0.49999999999999994,-0.8660254037844387,28.798955994768264
TXN240726578,799.74,P2P,PNB,Axis,Mumbai,2024-04-10T10:09:42,10,2,0,11.644737535109112,1,0,0,0,0,6.685536300119062,0.4025730785056129,0.49999999999999994,-0.8660254037844387,7.157895014043645
TXN348486933,2732.91,P2M,HDFC,BOB,Lucknow,2024-09-21T16:55:28,16,5,0,25.681972159224078,2,0,0,0,0,7.913488097941767,0.13873620589930755,-0.8660254037844384,-0.5000000000000004,15.272788863689632
TXN141995241,477.44,P2P,ICICI,HDFC,Kolkata,2024-08-20T08:09:32,8,1,0,12.267720267853335,3,0,0,0,0,6.170530811181264,0.4465602208888551,0.8660254037844387,-0.4999999999999998,12.407088107141334
TXN194779961,19451.4,P2P,Axis,Axis,Pune,2024-12-23T11:11:23,11,0,0,23.705040126836828,1,0,0,0,0,9.875725734750459,2.142984551354215,0.258819045102521,-0.9659258262890682,11.982016050734732
TXN286890508,411.03,QR,ICICI,Kotak,Ahmedabad,2024-11-04T20:13:42,20,0,0,22.21163789924654,2,0,0,0,0,6.021096162232585,0.4556237831776268,-0.8660254037844386,0.5000000000000001,13.884655159698616
TXN162081723,50.0,P2P,PNB,ICICI,Mumbai,2024-01-26T10:27:57,10,4,0,11.274410496891617,3,0,0,0,0,3.9318256327243257,0.5048967525062706,0.49999999999999994,-0.8660254037844387,12.009764198756647
TXN399567093,4522.52,Auto-Pay,BOB,BOB,Jaipur,2024-07-09T09:08:51,9,1,0,28.270244720507463,2,0,0,0,0,8.417045730811168,0.10550775897960661,0.7071067811865476,-0.7071067811865475,16.308097888202987
TXN835341628,50.0,QR,HDFC,ICICI,Hyderabad,2024-11-16T17:16:49,17,5,0,29.095128145038785,2,0,0,0,0,3.9318256327243257,0.5048967525062706,-0.9659258262890683,-0.25881904510252063,16.638051258015516
TXN208555353,5533.74,P2P,BOB,Axis,Kolkata,2024-09-17T18:14:46,18,1,0,38.84688577941519,2,0,0,0,0,8.618799870236362,0.24351793000282135,-1.0,-1.8369701987210297e-16,20.538754311766077
TXN561326943,221.9,P2M,PNB,PNB,Chennai,2024-11-13T19:02:20,19,2,0,13.845173340556096,3,0,0,0,0,5.406723240391823,0.4814360333760214,-0.9659258262890684,0.2588190451025203,13.038069336222438
TXN563835948,50.0,P2M,Kotak,SBI,Delhi,2024-12-02T12:21:14,12,0,0,23.975473960902505,1,0,0,0,0,3.9318256327243257,0.5048967525062706,1.2246467991473532e-16,-1.0,12.090189584361003
TXN395201261,50.0,QR,Kotak,PNB,Hyderabad,2024-08-28T18:29:14,18,2,0,11.965128271929983,3,0,0,0,0,3.9318256327243257,0.5048967525062706,-1.0,-1.8369701987210297e-16,12.286051308771993
TXN577809333,50.0,QR,PNB,SBI,Jaipur,2024-06-15T09:56:49,9,5,0,35.19136296564499,2,0,0,0,0,3.9318256327243257,0.5048967525062706,0.7071067811865476,-0.7071067811865475,19.076545186257995
TXN490481645,259.31,P2M,SBI,HDFC,Kolkata,2024-03-25T14:19:07,14,0,0,26.063940132287208,1,0,0,0,0,5.561873228473508,0.4763303585495955,-0.4999999999999997,-0.8660254037844388,12.925576052914884
TXN620205110,499.81,QR,HDFC,SBI,Jaipur,2024-08-01T13:06:13,13,3,0,41.41968292654032,3,0,0,0,0,6.216226787637648,0.44350718838772846,-0.2588190451025208,-0.9659258262890683,24.067873170616128
TXN868492103,434.52,P2P,BOB,HDFC,Kolkata,2024-05-01T16:23:30,16,2,0,31.421647788021446,2,0,0,0,0,6.076540719463101,0.4524178943331268,-0.8660254037844384,-0.5000000000000004,17.56865911520858
TXN296333518,4177.54,P2P,Kotak,SBI,Bangalore,2024-09-14T17:39:34,17,5,0,35.09212508683171,2,0,0,0,0,8.337717182208882,0.05842527564305401,-0.9659258262890683,-0.25881904510252063,19.036850034732684
TXN928338492,168.99,QR,SBI,BOB,Pune,2024-03-19T18:45:41,18,1,0,32.856033317028064,3,0,0,0,0,5.135739611790679,0.48865713081163215,-1.0,-1.8369701987210297e-16,20.642413326811226
TXN901299274,53.67,P2P,PNB,BOB,Ahmedabad,2024-08-16T16:32:52,16,4,0,41.38678986192488,3,0,0,1,0,4.001315112906908,0.5043958750239669,-0.8660254037844384,-0.5000000000000004,34.05471594476995
TXN580860861,248.42,QR,PNB,Axis,Chennai,2024-05-11T11:29:56,11,5,0,30.897152656087815,3,1,0,0,0,5.519138222492601,0.4778166135311453,0.258819045102521,-0.9659258262890682,39.858861062435125
TXN823200943,9400.72,P2P,ICICI,SBI,Jaipur,2024-12-22T16:56:33,16,6,0,11.182620283188703,3,0,0,0,0,9.148647930242936,0.7712790216973598,-0.8660254037844384,-0.5000000000000004,11.973048113275482
TXN465594736,50.0,Auto-Pay,SBI,SBI,Delhi,2024-11-26T17:58:10,17,1,0,21.18782217893552,2,1,0,0,0,3.9318256327243257,0.5048967525062706,-0.9659258262890683,-0.25881904510252063,33.475128871574206
TXN306398574,52.9,Auto-Pay,SBI,Kotak,Jaipur,2024-11-09T15:32:01,15,5,0,29.75174581743531,2,0,0,0,0,3.9871304779149512,0.5045009637600361,-0.7071067811865471,-0.7071067811865479,16.900698326974123
TXN890924890,7896.14,QR,SBI,ICICI,Mumbai,2024-09-03T15:31:08,15,1,0,10.337826975284877,1,0,0,0,0,8.974255947591672,0.5659356314181837,-0.7071067811865471,-0.7071067811865479,6.6351307901139505
TXN256842663,50.0,Collect,Kotak,ICICI,Hyderabad,2024-08-21T14:51:45,14,2,0,37.078337066960714,3,0,0,0,0,3.9318256327243257,0.5048967525062706,-0.4999999999999997,-0.8660254037844388,22.331334826784285
TXN456849702,5847.25,P2M,ICICI,BOB,Hyderabad,2024-10-20T15:01:50,15,6,0,10.469802029204466,1,0,0,0,0,8.673897750173877,0.2863054230483387,-0.7071067811865471,-0.7071067811865479,6.687920811681787
TXN692277541,344.98,QR,ICICI,HDFC,Chennai,2024-09-18T13:55:36,13,2,0,16.573186089259416,1,0,0,0,0,5.846380969918831,0.4646382130703142,-0.2588190451025208,-0.9659258262890683,9.129274435703767
TXN413139581,89.11,P2P,BOB,PNB,Delhi,2024-06-08T11:46:04,11,5,0,37.18069929493912,2,0,0,0,0,4.501031146246946,0.4995590635872244,0.258819045102521,-0.9659258262890682,19.872279717975648
TXN220915465,9300.91,P2P,ICICI,PNB,Jaipur,2024-01-02T16:07:53,16,1,0,27.70041632114371,3,0,0,0,0,9.137975034398599,0.7576570648829901,-0.8660254037844384,-0.5000000000000004,18.580166528457482
TXN685225627,460.47,P2P,SBI,Kotak,Bangalore,2024-10-19T13:09:26,13,5,0,11.89135375686697,1,0,0,0,0,6.134417046412845,0.44887626744871745,-0.2588190451025208,-0.9659258262890683,7.256541502746788
TXN295689647,125.01,P2P,PNB,Axis,Pune,2024-12-01T17:45:33,17,6,0,20.36287311974076,1,0,0,0,0,4.836361268881602,0.4946594718665964,-0.9659258262890683,-0.25881904510252063,10.645149247896304
TXN205537306,7957.81,P2P,HDFC,Kotak,Hyderabad,2024-05-02T10:05:59,10,3,0,35.41637472312614,1,0,0,0,0,8.982034770175128,0.5743522838251789,0.49999999999999994,-0.8660254037844387,16.666549889250454
TXN139745305,5450.68,P2P,Kotak,PNB,Kolkata,2024-04-22T12:21:47,12,0,0,20.01701389727444,1,0,0,0,0,8.603679097036633,0.23218199439515125,1.2246467991473532e-16,-1.0,10.506805558909775
TXN411157009,446.12,QR,HDFC,PNB,Kolkata,2024-08-01T13:52:52,13,3,0,20.208190254825613,1,0,0,0,0,6.102827014961442,0.4508347393481885,-0.2588190451025208,-0.9659258262890683,10.583276101930245
TXN731126348,40000.0,P2P,ICICI,BOB,Pune,2024-03-22T22:35:42,22,4,1,87.04173853974,12,0,1,1,1,10.596659732783579,4.947434424069976,-0.5000000000000004,0.8660254037844384,89.81669541589599
TXN347890325,561.72,QR,Axis,PNB,Bangalore,2024-02-10T08:57:51,8,5,0,31.90873533304362,3,0,0,0,0,6.3327821687256725,0.4350577810500105,0.8660254037844387,-0.4999999999999998,20.26349413321745
TXN862609841,330.59,Collect,SBI,Axis,Bangalore,2024-12-19T09:46:22,9,3,0,31.39822785310461,1,0,0,0,0,5.803899265990974,0.46660214412490575,0.7071067811865476,-0.7071067811865475,15.059291141241845
TXN140073572,50.0,P2P,BOB,Kotak,Delhi,2024-08-23T10:47:49,10,4,0,25.67321747762161,1,0,0,0,0,3.9318256327243257,0.5048967525062706,0.49999999999999994,-0.8660254037844387,12.769286991048645
TXN549192459,197.23,P2P,ICICI,BOB,Chennai,2024-04-29T09:19:23,9,0,0,44.5882610449191,2,0,0,0,0,5.28942797270212,0.4848029672965755,0.7071067811865476,-0.7071067811865475,22.83530441796764
TXN227496152,526.25,P2P,HDFC,Kotak,Bangalore,2024-03-15T15:31:20,15,4,0,36.44975658946824,3,0,0,0,0,6.267674819358884,0.43989868685309325,-0.7071067811865471,-0.7071067811865479,22.079902635787295
TXN153863186,371.06,P2P,PNB,ICICI,Lucknow,2024-04-20T08:28:01,8,5,0,24.452651446894144,1,0,0,0,0,5.919055131589841,0.4610788439317633,0.8660254037844387,-0.4999999999999998,12.281060578757659
TXN716151966,5005.17,P2P,SBI,SBI,Pune,2024-09-09T16:57:26,16,0,0,17.96068889226799,3,0,0,0,0,8.518426430664018,0.17137928945206027,-0.8660254037844384,-0.5000000000000004,14.684275556907195
TXN596169499,30000.0,P2P,HDFC,ICICI,Lucknow,2024-04-13T19:16:24,19,5,0,98.30164878351422,5,1,1,0,1,10.308985993422082,3.5826456439507655,-0.9659258262890684,0.2588190451025203,71.8206595134057
TXN545684924,395.89,P2M,BOB,Kotak,Delhi,2024-08-20T20:30:08,20,1,0,11.074447037502111,1,0,0,0,0,5.983659164208323,0.4576900733907273,-0.8660254037844386,0.5000000000000001,6.929778815000844
TXN844532887,2517.94,P2P,PNB,HDFC,Mumbai,2024-01-16T14:47:22,14,1,0,42.95461292633855,3,0,0,0,0,7.83159345709315,0.16807507030553018,-0.4999999999999997,-0.8660254037844388,24.68184517053542
TXN271252864,283.37,P2P,Kotak,Axis,Kolkata,2024-05-07T15:24:06,15,1,0,21.816996697725312,2,0,0,0,0,5.65027620713306,0.4730466767446287,-0.7071067811865471,-0.7071067811865479,13.726798679090125
TXN354663127,50.0,P2M,Axis,BOB,Lucknow,2024-01-27T14:22:10,14,5,0,11.027820481381669,2,0,0,0,0,3.9318256327243257,0.5048967525062706,-0.4999999999999997,-0.8660254037844388,9.411128192552667
TXN623149719,107.74,P2P,HDFC,SBI,Lucknow,2024-02-10T12:05:02,12,5,0,15.30480853136196,3,0,0,0,0,4.688959711717774,0.4970164620898624,1.2246467991473532e-16,-1.0,13.621923412544785
TXN531428048,600.76,P2P,BOB,ICICI,Mumbai,2024-04-11T11:35:06,11,3,0,15.967717174921376,3,0,0,0,0,6.399858694722027,0.42972964565242505,0.258819045102521,-0.9659258262890682,13.88708686996855
TXN892394724,9030.07,P2M,PNB,SBI,Chennai,2024-01-25T09:17:48,9,3,0,19.347148148976512,2,0,0,0,0,9.108426133300373,0.7206931255622414,0.7071067811865476,-0.7071067811865475,12.738859259590605
TXN523789909,9601.02,P2M,BOB,Kotak,Jaipur,2024-09-10T12:23:14,12,1,0,15.709239055348974,3,0,0,0,0,9.169728771988112,0.7986157409631478,1.2246467991473532e-16,-1.0,13.78369562213959
TXN540913386,3341.38,P2P,BOB,HDFC,Hyderabad,2024-02-05T12:55:18,12,0,0,16.088289885213655,2,0,0,0,0,8.11443840706013,0.05569290299539389,1.2246467991473532e-16,-1.0,11.435315954085462
TXN545351353,1076.92,P2M,BOB,PNB,Pune,2024-01-18T11:05:10,11,3,0,39.004066533979085,2,0,0,1,0,6.9827885372123495,0.3647438630982687,0.258819045102521,-0.9659258262890682,30.601626613591634
TXN229445083,22694.4,P2M,HDFC,PNB,Chennai,2024-08-18T14:30:58,14,6,0,23.22322273288045,1,0,0,0,0,10.029917539762787,2.585585552746875,-0.4999999999999997,-0.8660254037844388,11.789289093152181
TXN467513251,50.0,P2P,PNB,HDFC,Bangalore,2024-04-15T08:26:39,8,0,0,11.104845429536946,1,0,0,0,0,3.9318256327243257,0.5048967525062706,0.8660254037844387,-0.4999999999999998,6.941938171814779
TXN552712257,6136.85,P2P,Axis,PNB,Kolkata,2024-11-20T12:19:15,12,2,0,35.98022810204315,3,0,0,0,0,8.722229796953407,0.32582970612059114,1.2246467991473532e-16,-1.0,21.89209124081726
TXN903393523,9983.57,Auto-Pay,SBI,BOB,Jaipur,2024-10-18T17:54:34,17,4,0,18.19218724002262,1,0,0,0,0,9.208796180325713,0.8508257357466081,-0.9659258262890683,-0.25881904510252063,9.776874896009048
TXN968162453,3175.18,QR,Kotak,Axis,Mumbai,2024-05-13T20:05:32,20,0,0,44.25211336633928,2,0,0,0,0,8.063434495824028,0.0783756925209752,-0.8660254037844386,0.5000000000000001,22.70084534653571
TXN940214770,724.95,P2M,PNB,Kotak,Jaipur,2024-05-29T16:23:41,16,2,0,17.289373744364916,1,0,0,1,0,6.587481141929697,0.41278033379212453,-0.8660254037844384,-0.5000000000000004,19.415749497745967
TXN402507072,377.72,P2M,ICICI,ICICI,Bangalore,2024-12-25T13:24:10,13,2,0,11.944567190193082,1,0,0,0,0,5.936797145765674,0.46016989460420393,-0.2588190451025208,-0.9659258262890683,7.277826876077233
TXN576140432,457.78,P2M,PNB,Kotak,Mumbai,2024-05-25T11:08:06,11,5,0,25.250702489515767,2,0,0,1,0,6.128570792325982,0.4492433956305695,0.258819045102521,-0.9659258262890682,25.10028099580631
TXN351426609,1765.32,P2P,ICICI,HDFC,Hyderabad,2024-06-12T15:59:12,15,2,0,42.37654949210572,3,0,0,0,0,7.476653565202088,0.27079180347486226,-0.7071067811865471,-0.7071067811865479,24.450619796842286
TXN258946576,8600.94,QR,ICICI,Axis,Mumbai,2024-08-02T20:17:30,20,4,0,40.97494247831484,3,0,0,0,0,9.059743038197292,0.6621259446409858,-0.8660254037844386,0.5000000000000001,23.889976991325934
TXN882039257,1005.39,QR,BOB,Axis,Lucknow,2024-03-27T08:08:52,8,2,0,19.872366859049684,1,0,0,0,0,6.914124949489814,0.3745061972424614,0.8660254037844387,-0.4999999999999998,10.448946743619874
TXN509503745,75.7,QR,HDFC,PNB,Jaipur,2024-04-05T09:02:13,9,4,0,43.56738173475576,1,0,0,0,0,4.33990170837321,0.5013892453413643,0.7071067811865476,-0.7071067811865475,19.926952693902305
TXN454110967,1374.02,Collect,HDFC,Kotak,Ahmedabad,2024-10-17T08:44:14,8,3,0,22.534816088773027,1,0,0,0,0,7.226223555449433,0.32419598844092695,0.8660254037844387,-0.4999999999999998,11.51392643550921
TXN921875966,53.86,P2P,SBI,PNB,Lucknow,2024-05-31T18:07:43,18,4,0,38.715730992294084,3,1,0,1,0,4.004784485509457,0.5043699440371446,-1.0,-1.8369701987210297e-16,52.986292396917634
TXN103172720,15000.0,P2P,BOB,Kotak,Delhi,2024-03-19T00:42:02,0,1,1,99.41103962844227,12,1,1,0,1,9.61587214452889,1.5354624737719493,0.0,1.0,104.76441585137691
TXN602585059,1510.68,QR,PNB,PNB,Pune,2024-02-12T13:58:40,13,0,0,10.116084654171553,1,0,0,0,0,7.320976894128888,0.3055447849718178,-0.2588190451025208,-0.9659258262890683,6.546433861668621
TXN552550114,7715.87,P2P,Kotak,Axis,Chennai,2024-03-27T12:07:12,12,2,0,23.565833101896935,3,0,0,0,0,8.951164120391127,0.5413325840789747,1.2246467991473532e-16,-1.0,16.926333240758773
TXN330689072,21603.08,P2M,Kotak,PNB,Chennai,2024-03-17T18:46:51,18,6,0,39.17774866781549,3,0,0,0,0,9.980637464723886,2.4366434235949055,-1.0,-1.8369701987210297e-16,23.171099467126197
TXN512462764,893.85,P2M,ICICI,PNB,Pune,2024-10-02T18:20:21,18,2,0,44.23522434297222,1,0,0,0,0,6.796656106463417,0.38972905129591107,-1.0,-1.8369701987210297e-16,20.194089737188886
TXN757765000,575.48,P2P,PNB,ICICI,Bangalore,2024-09-10T11:58:12,11,1,0,37.202697421023416,2,0,0,0,0,6.356940646999783,0.4331798316885664,0.258819045102521,-0.9659258262890682,19.88107896840937
TXN635308129,6595.6,P2M,Kotak,HDFC,Jaipur,2024-12-08T12:59:35,12,6,0,41.35228415399951,2,0,0,0,0,8.794309643763235,0.38843939140855993,1.2246467991473532e-16,-1.0,21.540913661599806
TXN495679209,154.09,Auto-Pay,BOB,HDFC,Delhi,2024-02-08T10:45:24,10,3,0,20.21334677708953,1,0,0,0,0,5.044005593571361,0.4906906660940098,0.49999999999999994,-0.8660254037844387,10.585338710835812
TXN614804506,414.37,P2M,BOB,SBI,Mumbai,2024-03-11T11:36:07,11,0,0,41.15167684558793,1,0,0,0,0,6.029169689286631,0.455167943725067,0.258819045102521,-0.9659258262890682,18.960670738235173
TXN136606840,1439.02,P2P,PNB,Axis,Pune,2024-01-01T13:00:44,13,0,0,29.691717542493862,3,0,0,0,0,7.272412281362485,0.3153248613701521,-0.2588190451025208,-0.9659258262890683,19.376687016997543
TXN111005344,6716.45,QR,BOB,Kotak,Jaipur,2024-06-15T09:11:22,9,5,0,24.060454200437544,1,0,0,1,0,8.81246389721669,0.4049328638163005,0.7071067811865476,-0.7071067811865475,22.12418168017502
TXN549750118,84.78,P2P,ICICI,ICICI,Jaipur,2024-03-03T11:24:40,11,6,0,31.06193916301339,1,0,0,0,0,4.451785879088734,0.5001500171290161,0.258819045102521,-0.9659258262890682,14.924775665205356
TXN149215310,18724.77,P2M,PNB,Axis,Ahmedabad,2024-02-03T14:44:34,14,5,0,25.815416562829725,1,0,0,0,0,9.837655929035282,2.0438149042244125,-0.4999999999999997,-0.8660254037844388,12.82616662513189
TXN828537277,5663.46,P2M,BOB,Kotak,Bangalore,2024-05-03T18:52:22,18,4,0,15.128386945129108,3,0,0,0,0,8.641966846765087,0.26122197005852776,-1.0,-1.8369701987210297e-16,13.551354778051643
TXN781583940,6632.74,QR,BOB,HDFC,Delhi,2024-11-20T11:33:51,11,2,0,40.35196267442513,3,0,0,0,0,8.799924026697969,0.3935082169379226,0.258819045102521,-0.9659258262890682,23.640785069770054
TXN976576692,768.46,P2M,Kotak,SBI,Chennai,2024-05-12T09:41:22,9,6,0,28.606026215626272,2,0,0,0,0,6.645688970121466,0.40684213780982587,0.7071067811865476,-0.7071067811865475,16.44241048625051
TXN285665531,30000.0,Auto-Pay,Kotak,ICICI,Kolkata,2024-05-09T03:45:20,3,3,1,85.4650676363055,16,0,1,0,1,10.308985993422082,3.5826456439507655,0.7071067811865476,0.7071067811865476,89.18602705452221
TXN624191545,774.19,P2P,ICICI,Axis,Lucknow,2024-09-17T14:55:39,14,1,0,18.539508094263685,2,0,0,0,0,6.653108160596552,0.40606011383881757,-0.4999999999999997,-0.8660254037844388,12.415803237705475
TXN191793123,347.0,P2P,Axis,Axis,Chennai,2024-02-03T10:50:04,10,5,0,31.582894514754337,3,0,0,0,0,5.8522024797744745,0.4643625257367301,0.49999999999999994,-0.8660254037844387,20.133157805901735
TXN537404778,314.25,P2M,ICICI,Kotak,Pune,2024-12-22T12:48:30,12,6,0,28.9887028986288,2,0,0,0,0,5.753365974845029,0.46883220899162054,1.2246467991473532e-16,-1.0,16.595481159451523
TXN907835753,270.64,Auto-Pay,HDFC,PNB,Ahmedabad,2024-05-16T15:32:12,15,3,0,15.675075124888576,2,0,0,0,0,5.604477660245591,0.47478405286172043,-0.7071067811865471,-0.7071067811865479,11.27003004995543
TXN475452327,5354.9,P2P,ICICI,Axis,Pune,2024-12-27T18:05:54,18,4,0,37.69587500094334,2,0,0,0,0,8.585954035987026,0.21911004745916937,-1.0,-1.8369701987210297e-16,20.078350000377334
TXN704123480,109.26,P2P,Kotak,ICICI,Pune,2024-12-09T20:34:00,20,0,0,25.038567717430176,2,0,0,0,0,4.702841213161538,0.4968090141952842,-0.8660254037844386,0.5000000000000001,15.015427086972071
TXN277512542,9981.29,Auto-Pay,SBI,Kotak,Mumbai,2024-02-21T09:56:20,9,2,0,22.69330011308375,3,0,0,0,0,9.208567801901674,0.8505145639047411,0.7071067811865476,-0.7071067811865475,16.5773200452335
TXN941939012,218.66,P2P,Kotak,HDFC,Chennai,2024-10-12T16:52:03,16,5,0,28.93748222795157,3,0,0,0,0,5.392080896360199,0.4818782249407801,-0.8660254037844384,-0.5000000000000004,19.074992891180628
TXN585257630,55.69,P2P,Axis,Axis,Pune,2024-02-17T10:51:46,10,5,0,31.420298548580938,2,0,0,1,0,4.037597828336212,0.5041201876903828,0.49999999999999994,-0.8660254037844387,27.568119419432378
TXN585887403,83.12,P2M,Kotak,SBI,Mumbai,2024-12-08T15:19:55,15,6,0,14.988267859747197,2,0,0,0,0,4.432244350834499,0.5003765720665159,-0.7071067811865471,-0.7071067811865479,10.995307143898879
TXN221989831,1076.9,QR,HDFC,Axis,Lucknow,2024-04-13T17:35:32,17,5,0,20.2307065770412,3,0,0,0,0,6.982769982787583,0.36474659267582893,-0.9659258262890683,-0.25881904510252063,15.59228263081648
TXN226182202,1202.11,P2P,HDFC,Kotak,Delhi,2024-07-19T14:15:22,14,4,0,20.160411906541203,1,0,0,0,0,7.092665149865961,0.34765807235995627,-0.4999999999999997,-0.8660254037844388,10.564164762616482
TXN426873029,222.73,P2P,BOB,SBI,Pune,2024-05-03T10:06:37,10,4,0,40.378832470074585,3,0,0,0,0,5.410439967684985,0.4813227559072715,0.49999999999999994,-0.8660254037844387,23.651532988029835
TXN792573771,991.01,P2M,SBI,PNB,Bangalore,2024-08-08T16:25:27,16,3,0,39.57326320454115,2,0,0,0,0,6.8997331878792245,0.37646876350827285,-0.8660254037844384,-0.5000000000000004,20.82930528181646
TXN250088363,306.11,P2P,ICICI,Axis,Jaipur,2024-03-17T13:07:15,13,6,0,40.12338416053055,1,0,0,0,0,5.727205989599789,0.46994314705863754,-0.2588190451025208,-0.9659258262890683,18.54935366421222
TXN377736396,4792.06,P2P,Axis,Kotak,Hyderabad,2024-10-05T18:09:49,18,5,0,29.513139263354635,2,0,0,1,0,8.474924317337068,0.1422942757589398,-1.0,-1.8369701987210297e-16,26.805255705341857
TXN800186281,203.67,P2M,Kotak,BOB,Mumbai,2024-09-05T20:57:14,20,3,0,37.47752393349961,3,0,0,0,0,5.321398925991358,0.48392404332217875,-0.8660254037844386,0.5000000000000001,22.491009573399843
TXN619099737,508.13,Collect,HDFC,PNB,Bangalore,2024-01-19T09:17:45,9,4,0,11.374127908548799,1,0,0,0,0,6.232703386691283,0.44237168412266925,0.7071067811865476,-0.7071067811865475,7.04965116341952
TXN395476815,5445.24,QR,SBI,BOB,Bangalore,2024-10-12T11:53:02,11,5,0,11.514887132541325,2,1,0,0,0,8.60268074130419,0.23143954929876634,0.258819045102521,-0.9659258262890682,29.60595485301653
TXN477978924,1419.11,P2P,ICICI,PNB,Jaipur,2024-06-01T10:26:26,10,5,0,35.84998635222128,1,0,0,0,0,7.258489612383797,0.3180421558313694,0.49999999999999994,-0.8660254037844387,16.83999454088851
TXN946608939,17475.28,P2P,Kotak,Kotak,Delhi,2024-03-31T16:54:27,16,6,0,11.066914110898582,3,0,0,0,0,9.768599811915967,1.8732859109372972,-0.8660254037844384,-0.5000000000000004,11.926765644359433
TXN105620896,5465.41,Collect,PNB,Axis,Jaipur,2024-10-17T09:14:32,9,3,0,35.41948484233298,2,0,0,0,0,8.606377372822426,0.23419232826826678,0.7071067811865476,-0.7071067811865475,19.167793936933194
TXN185109734,7304.37,Auto-Pay,BOB,PNB,Pune,2024-01-19T20:55:36,20,4,0,29.239414423652242,1,0,0,0,0,8.896364973141681,0.4851715257770692,-0.8660254037844386,0.5000000000000001,14.195765769460898
TXN275551647,50000.0,P2P,BOB,Kotak,Chennai,2024-02-07T22:50:14,22,2,1,92.45609650054175,12,0,1,1,1,10.819798284210286,6.312223204189186,-0.5000000000000004,0.8660254037844384,91.98243860021671
TXN451938913,9888.33,P2M,Axis,BOB,Chennai,2024-07-28T19:19:27,19,6,0,40.43887148402177,2,0,0,0,0,9.19921167712478,0.8378274874047528,-0.9659258262890684,0.2588190451025203,21.175548593608706
TXN142948789,3938.41,QR,PNB,PNB,Bangalore,2024-02-23T20:29:18,20,4,0,41.89487602712155,1,0,0,0,0,8.278786244886005,0.025789081544063314,-0.8660254037844386,0.5000000000000001,19.25795041084862
TXN617976698,522.45,P2P,PNB,ICICI,Bangalore,2024-06-18T20:48:30,20,1,0,27.745104667366018,3,0,0,0,0,6.260441514765364,0.44041730658953854,-0.8660254037844386,0.5000000000000001,18.59804186694641
TXN952621910,50.0,Auto-Pay,HDFC,BOB,Lucknow,2024-08-22T12:14:25,12,3,0,40.22804788067019,2,0,0,0,0,3.9318256327243257,0.5048967525062706,1.2246467991473532e-16,-1.0,21.091219152268078
TXN956545830,6676.29,QR,BOB,Kotak,Hyderabad,2024-09-21T09:04:21,9,5,0,28.302412777924815,2,1,0,0,0,8.806467495594044,0.3994518720753418,0.7071067811865476,-0.7071067811865475,36.320965111169926
TXN488199932,851.83,P2M,Axis,BOB,Chennai,2024-03-18T10:43:31,10,0,0,15.787964892961508,1,0,0,0,0,6.748560231029238,0.39546389374997204,0.49999999999999994,-0.8660254037844387,8.815185957184603
TXN829427232,190.43,Auto-Pay,SBI,HDFC,Mumbai,2024-12-30T11:21:24,11,0,0,13.293896091130142,1,0,0,0,0,5.254522206548366,0.4857310236670566,0.258819045102521,-0.9659258262890682,7.817558436452057
TXN178907013,2916.7,P2M,Kotak,Kotak,Bangalore,2024-05-20T09:35:33,9,0,0,32.573825024908245,1,0,0,0,0,7.978550913653471,0.11365275290949657,0.7071067811865476,-0.7071067811865475,15.529530009963299
TXN586548367,7989.86,P2M,Axis,Axis,Jaipur,2024-06-23T17:05:47,17,6,0,28.912857674026338,1,0,0,0,0,8.986053667511317,0.5787264318654608,-0.9659258262890683,-0.25881904510252063,14.065143069610535
TXN358612567,10000.0,P2P,Axis,HDFC,Bangalore,2024-08-28T03:28:28,3,2,1,93.08474043613157,12,1,1,0,1,9.210440366976517,0.853068083712344,0.7071067811865476,0.7071067811865476,102.23389617445264
TXN589923507,1277.79,P2P,HDFC,Axis,Ahmedabad,2024-08-29T15:56:11,15,3,0,15.48047652226397,2,0,0,0,0,7.153669597324019,0.3373293508720141,-0.7071067811865471,-0.7071067811865479,11.192190608905587
TXN666299145,1196.5,P2M,Kotak,Axis,Jaipur,2024-03-15T08:15:35,8,4,0,23.565914091374914,3,1,0,0,0,7.08799132928507,0.3484237188656032,0.8660254037844387,-0.4999999999999998,36.92636563654997
TXN379142291,814.45,P2M,Kotak,Kotak,Mumbai,2024-05-23T15:09:28,15,3,0,30.186166698995073,3,0,0,0,0,6.703740108102926,0.40056547421005756,-0.7071067811865471,-0.7071067811865479,19.574466679598032
TXN976530973,606.15,Collect,HDFC,Kotak,Mumbai,2024-08-16T08:27:24,8,4,0,15.974792715936807,1,0,0,1,0,6.408775877499828,0.4289940244999408,0.8660254037844387,-0.4999999999999998,18.889917086374723
TXN194612848,2660.37,P2P,SBI,Kotak,Jaipur,2024-01-22T11:31:26,11,0,0,23.344478405752824,1,0,0,0,0,7.886596306783391,0.14863638371029228,0.258819045102521,-0.9659258262890682,11.83779136230113
TXN592144716,35000.0,P2P,Kotak,PNB,Pune,2024-08-09T17:23:33,17,4,0,73.56843777836026,8,1,1,0,1,10.463131911491967,4.2650400340103705,-0.9659258262890683,-0.25881904510252063,69.4273751113441
TXN302758149,414.16,Collect,ICICI,Kotak,Bangalore,2024-03-07T15:45:04,15,3,0,43.18076432678672,1,0,0,0,0,6.0286639880970885,0.4551966042894495,-0.7071067811865471,-0.7071067811865479,19.772305730714688
TXN487958180,276.93,P2M,Kotak,ICICI,Hyderabad,2024-11-09T13:53:46,13,5,0,18.118080647900854,1,0,0,1,0,5.627369283422905,0.47392560071902545,-0.2588190451025208,-0.9659258262890683,19.74723225916034
TXN201787199,588.41,QR,SBI,SBI,Jaipur,2024-11-29T11:54:40,11,4,0,41.38221199537041,2,0,0,0,0,6.379122036566182,0.43141515979587225,0.258819045102521,-0.9659258262890682,21.552884798148167
TXN289621634,1138.95,QR,Axis,Axis,Mumbai,2024-02-29T10:43:58,10,3,0,27.241462913380094,2,0,0,0,0,7.038739680777556,0.3562780782951892,0.49999999999999994,-0.8660254037844387,15.896585165352038
TXN653712263,785.91,P2M,Kotak,Axis,Pune,2024-03-01T08:22:03,8,4,0,33.40674803820252,2,0,0,0,0,6.668113883555247,0.40446058138851787,0.8660254037844387,-0.4999999999999998,18.362699215281012
TXN244627003,7782.6,P2P,PNB,SBI,Mumbai,2024-05-09T14:31:48,14,3,0,25.298119204877977,2,0,0,0,0,8.959774235084002,0.5504398196087102,-0.4999999999999997,-0.8660254037844388,15.119247681951192
TXN653421510,186.73,QR,Axis,ICICI,Ahmedabad,2024-03-31T12:38:10,12,6,0,10.29296167329494,3,1,0,0,0,5.23500476033627,0.4862359955157007,1.2246467991473532e-16,-1.0,31.617184669317975
TXN242260404,50.0,QR,Kotak,PNB,Bangalore,2024-10-28T08:57:43,8,0,0,39.25602370286827,3,0,0,0,0,3.9318256327243257,0.5048967525062706,0.8660254037844387,-0.4999999999999998,23.202409481147306
TXN626789594,653.07,P2P,ICICI,Kotak,Bangalore,2024-02-01T18:31:53,18,3,0,44.30043314629978,3,0,0,0,0,6.483214379368651,0.4225904355436214,-1.0,-1.8369701987210297e-16,25.220173258519914
TXN268633289,2446.29,P2P,PNB,SBI,Kolkata,2024-03-01T18:32:10,18,4,0,40.171080600272845,3,0,0,0,0,7.802736568884867,0.17785378191508433,-1.0,-1.8369701987210297e-16,23.56843224010914
TXN795746895,1964.35,P2M,ICICI,HDFC,Ahmedabad,2024-12-11T12:31:24,12,2,0,20.884937628045726,3,0,0,0,0,7.58342562549075,0.2436284123841496,1.2246467991473532e-16,-1.0,15.85397505121829
TXN749293496,50.0,P2M,Axis,Kotak,Jaipur,2024-04-29T10:39:52,10,0,0,28.189109370027744,2,0,0,0,0,3.9318256327243257,0.5048967525062706,0.49999999999999994,-0.8660254037844387,16.2756437480111
TXN110799020,20187.06,P2P,Axis,HDFC,Bangalore,2024-04-08T08:06:08,8,0,0,40.22387846858358,2,0,0,1,0,9.912846619518348,2.243386602752465,0.8660254037844387,-0.4999999999999998,31.08955138743343
TXN861366372,663.11,QR,SBI,Axis,Lucknow,2024-10-15T17:50:53,17,1,0,11.16602402941821,3,0,0,0,0,6.498447798406494,0.42122018760838176,-0.9659258262890683,-0.25881904510252063,11.966409611767284
TXN560314065,607.81,P2M,SBI,ICICI,Ahmedabad,2024-05-07T16:04:05,16,1,0,33.89421861108522,2,0,0,0,0,6.4115062321681595,0.428767469562441,-0.8660254037844384,-0.5000000000000004,18.557687444434087
TXN566925846,542.94,Auto-Pay,PNB,Axis,Delhi,2024-02-06T13:12:15,13,1,0,39.50273417881917,2,0,0,0,0,6.298838946655453,0.4376208543790743,-0.2588190451025208,-0.9659258262890683,20.801093671527667
TXN720847085,1835.47,P2M,SBI,HDFC,Bangalore,2024-02-22T19:34:51,19,3,0,27.936017955867257,1,0,0,0,0,7.515600529705661,0.261217810182326,-0.9659258262890684,0.2588190451025203,13.674407182346904
TXN363651822,429.3,P2M,BOB,SBI,Chennai,2024-08-24T20:58:28,20,5,0,35.606448675967826,1,0,0,0,0,6.064482639844554,0.45313031407634896,-0.8660254037844386,0.5000000000000001,16.74257947038713
TXN514604161,172.16,P2P,SBI,PNB,Bangalore,2024-04-15T16:33:04,16,0,0,32.64898133550517,3,0,0,0,0,5.15421602257378,0.4882244927683344,-0.8660254037844384,-0.5000000000000004,20.559592534202068
TXN294388594,162.04,P2M,BOB,BOB,Hyderabad,2024-05-09T13:50:37,13,3,0,40.041794289497076,3,0,0,0,0,5.093995569474415,0.48960565901381503,-0.2588190451025208,-0.9659258262890683,23.51671771579883
TXN537072443,958.57,P2P,Axis,BOB,Pune,2024-08-26T09:21:12,9,0,0,40.0425048038573,1,0,0,0,0,6.86648526745058,0.3808961383109795,0.7071067811865476,-0.7071067811865475,18.51700192154292
TXN367559528,2439.67,P2P,Axis,ICICI,Mumbai,2024-04-22T12:54:31,12,0,0,18.385820903788698,3,0,0,0,0,7.8000278707582025,0.17875727208752323,1.2246467991473532e-16,-1.0,14.85432836151548
TXN251251024,7121.92,QR,ICICI,BOB,Kolkata,2024-05-09T09:09:22,9,3,0,43.48220130023779,2,0,0,0,0,8.871073032692484,0.4602709544837942,0.7071067811865476,-0.7071067811865475,22.392880520095115
TXN573648982,749.98,P2P,SBI,ICICI,Lucknow,2024-02-08T16:13:48,16,3,0,44.597823355467625,3,0,0,0,0,6.621379020251064,0.40936426747548615,-0.8660254037844384,-0.5000000000000004,25.33912934218705
TXN764834208,3665.72,Collect,ICICI,PNB,Lucknow,2024-10-10T19:11:12,19,3,0,31.44977112207073,3,0,0,0,0,8.207052808461158,0.011427343701007451,-0.9659258262890684,0.2588190451025203,20.07990844882829
TXN268648423,22088.37,QR,Axis,BOB,Pune,2024-11-08T19:28:04,19,4,0,35.91928574056334,1,1,0,0,0,10.0028517763153,2.50287525830531,-0.9659258262890684,0.2588190451025203,36.86771429622534
TXN816388811,120.36,P2M,BOB,SBI,Chennai,2024-07-17T09:22:37,9,2,0,17.18046608046206,3,0,0,0,0,4.798761335040277,0.49529409864935187,0.7071067811865476,-0.7071067811865475,14.372186432184826
TXN251973677,96.8,P2M,Axis,HDFC,Kolkata,2024-09-26T09:32:36,9,3,0,13.67542946966283,1,0,0,0,0,4.582924577040772,0.49850954101531275,0.7071067811865476,-0.7071067811865475,7.970171787865133
TXN440883750,1081.34,P2M,Axis,HDFC,Jaipur,2024-01-06T20:25:36,20,5,0,37.557813178564494,3,0,0,0,0,6.986880642947642,0.36414062645745604,-0.8660254037844386,0.5000000000000001,22.523125271425798
TXN982396181,6991.92,P2P,HDFC,HDFC,Kolkata,2024-06-16T20:45:45,20,6,0,23.801927758301304,1,0,0,0,0,8.85265348762699,0.44252870034224445,-0.8660254037844386,0.5000000000000001,12.020771103320522
TXN355419749,189.63,QR,BOB,HDFC,Mumbai,2024-03-28T16:00:06,16,3,0,25.56494719004175,2,0,0,0,0,5.250334376525886,0.4858402067694661,-0.8660254037844384,-0.5000000000000004,15.2259788760167
TXN299974183,1462.2,P2P,Kotak,PNB,Ahmedabad,2024-04-10T15:31:18,15,2,0,31.19000307256232,3,0,0,0,0,7.288381097076656,0.3121612809778357,-0.7071067811865471,-0.7071067811865479,19.97600122902493
TXN630460679,213.93,P2P,PNB,ICICI,Lucknow,2024-01-02T11:07:22,11,1,0,31.781586798894562,1,1,0,1,0,5.370312393719185,0.4825237700337765,0.258819045102521,-0.9659258262890682,45.212634719557826
TXN260148521,549.37,QR,SBI,HDFC,Bangalore,2024-07-19T12:47:08,12,4,0,36.100262834216494,1,0,0,0,0,6.310590779319685,0.43674329519345767,1.2246467991473532e-16,-1.0,16.9401051336866
TXN951557367,50.0,QR,Kotak,ICICI,Bangalore,2024-04-04T15:12:22,15,3,0,18.967592625795653,3,0,0,0,0,3.9318256327243257,0.5048967525062706,-0.7071067811865471,-0.7071067811865479,15.087037050318262
TXN571702172,1356.36,P2P,HDFC,Kotak,Delhi,2024-11-01T20:46:34,20,4,0,19.72991019069783,1,0,0,0,0,7.213296915734684,0.32660620542661745,-0.8660254037844386,0.5000000000000001,10.391964076279132
TXN879686904,110.1,P2P,ICICI,SBI,Lucknow,2024-11-13T17:55:50,17,2,0,25.65829379233236,2,0,0,0,0,4.7104306966455844,0.49669437193775423,-0.9659258262890683,-0.25881904510252063,15.263317516932943
TXN745010126,24599.61,Auto-Pay,Kotak,Axis,Delhi,2024-09-16T19:17:09,19,0,0,28.520708533448186,1,0,0,0,0,10.110526518360988,2.845606475923967,-0.9659258262890684,0.2588190451025203,13.908283413379275
TXN537907938,193.16,P2M,HDFC,BOB,Mumbai,2024-07-02T12:26:28,12,1,0,35.760528739301606,3,0,0,0,0,5.268682561418346,0.4853584363300841,1.2246467991473532e-16,-1.0,21.804211495720644
TXN766759207,9600.86,Auto-Pay,ICICI,ICICI,Mumbai,2024-11-18T18:27:28,18,0,0,24.295862457474456,3,1,0,0,0,9.16971210868882,0.798593904342666,-1.0,-1.8369701987210297e-16,37.218344982989784
TXN111918863,1227.43,P2P,SBI,Kotak,Lucknow,2024-01-18T17:06:37,17,3,0,40.5943830909856,2,0,0,0,0,7.113492210280829,0.3442024271686945,-0.9659258262890683,-0.25881904510252063,21.23775323639424
TXN286596231,6917.95,P2M,HDFC,PNB,Delhi,2024-10-11T13:10:40,13,4,0,21.211150074941582,1,0,0,0,0,8.842019302994885,0.43243335773570263,-0.2588190451025208,-0.9659258262890683,10.984460029976633
TXN794391900,8535.92,Auto-Pay,Axis,PNB,Kolkata,2024-09-01T11:52:13,11,6,0,31.437258226335203,3,0,0,0,0,9.052155565992988,0.6532520879926507,0.258819045102521,-0.9659258262890682,20.07490329053408
TXN797379159,1155.96,Collect,BOB,PNB,Pune,2024-03-31T19:44:32,19,6,0,28.512763140878736,3,0,0,0,0,7.053551154426642,0.35395657258020646,-0.9659258262890684,0.2588190451025203,18.905105256351497
TXN506729248,735.95,P2P,Kotak,BOB,Mumbai,2024-07-29T15:30:39,15,0,0,19.61150171854716,1,0,0,0,0,6.602520047282767,0.4112790661339934,-0.7071067811865471,-0.7071067811865479,10.344600687418865
TXN766566642,1860.03,Auto-Pay,HDFC,PNB,Lucknow,2024-11-30T20:03:17,20,5,0,41.83475495831054,3,0,0,1,0,7.528885376877714,0.25786588893835316,-0.8660254037844386,0.5000000000000001,34.233901983324216
TXN631153623,427.55,QR,PNB,PNB,Lucknow,2024-06-17T15:25:04,15,0,0,20.329048020996794,1,0,0,0,0,6.060407417344892,0.4533691521128699,-0.7071067811865471,-0.7071067811865479,10.631619208398718
TXN480481519,316.59,P2M,HDFC,SBI,Bangalore,2024-03-29T18:35:51,18,4,0,39.2722624154777,1,0,0,0,0,5.760761242731186,0.46851284841707264,-1.0,-1.8369701987210297e-16,18.208904966191078
TXN465736705,20544.9,QR,HDFC,BOB,Hyderabad,2024-08-29T08:02:11,8,3,0,36.757520705105705,2,0,0,0,0,9.930416686636944,2.2922242044602505,0.8660254037844387,-0.4999999999999998,19.703008282042283
TXN744996186,6639.36,P2P,SBI,SBI,Bangalore,2024-10-18T17:58:37,17,4,0,28.077635680217096,1,0,0,0,0,8.800921457868268,0.3944117071103615,-0.9659258262890683,-0.25881904510252063,13.731054272086839
TXN982454232,1230.04,Auto-Pay,Axis,Kotak,Lucknow,2024-06-17T15:46:18,15,0,0,24.810650141158547,3,1,0,0,0,7.115614619563931,0.34384621729708337,-0.7071067811865471,-0.7071067811865479,37.42426005646342
TXN762733462,9128.26,P2M,Axis,HDFC,Kolkata,2024-07-30T20:22:55,20,1,0,10.474673346156472,3,0,0,1,0,9.119239918825524,0.734093986594232,-0.8660254037844386,0.5000000000000001,21.68986933846259
TXN981357385,68.74,QR,Kotak,Kotak,Ahmedabad,2024-05-16T13:19:39,13,3,0,22.80388235180343,3,0,0,0,0,4.2447740412475055,0.5023391383323274,-0.2588190451025208,-0.9659258262890683,16.621552940721372
TXN509470248,6665.59,P2P,PNB,HDFC,Hyderabad,2024-06-17T13:26:35,13,0,0,13.48218267818304,2,0,0,0,0,8.804863763801892,0.39799154808061427,-0.2588190451025208,-0.9659258262890683,10.392873071273216
TXN295611667,190.24,QR,HDFC,Kotak,Delhi,2024-01-10T15:20:12,15,2,0,18.244807710807542,2,0,0,0,0,5.253529183757903,0.48575695465387886,-0.7071067811865471,-0.7071067811865479,12.297923084323017
TXN185129374,6431.39,P2P,ICICI,SBI,Bangalore,2024-12-01T17:54:51,17,6,0,12.049282523539272,1,0,0,0,0,8.769101443348974,0.36602819485022237,-0.9659258262890683,-0.25881904510252063,7.319713009415709
TXN561445096,50.0,P2P,HDFC,BOB,Bangalore,2024-09-15T08:41:23,8,6,0,41.74186511403551,1,0,0,0,0,3.9318256327243257,0.5048967525062706,0.8660254037844387,-0.4999999999999998,19.196746045614205
TXN509593424,4574.41,P2M,ICICI,Kotak,Kolkata,2024-08-14T15:35:48,15,2,0,34.05709421534582,2,0,0,0,0,8.428451591180554,0.11258964795964511,-0.7071067811865471,-0.7071067811865479,18.62283768613833
TXN216745101,515.32,P2P,Axis,Axis,Delhi,2024-06-30T19:17:16,19,6,0,20.188054274798063,2,1,0,0,0,6.246726728303652,0.44139040098976356,-0.9659258262890684,0.2588190451025203,33.07522170991923
TXN886560424,18197.53,P2M,SBI,HDFC,Jaipur,2024-12-16T17:53:48,17,0,0,13.30631412783816,2,0,0,0,0,9.809096100572107,1.9718577805814073,-0.9659258262890683,-0.25881904510252063,10.322525651135265
TXN758454324,76.99,QR,SBI,HDFC,Chennai,2024-01-30T14:55:41,14,1,0,16.554558092389374,3,0,0,0,0,4.356580613342406,0.5012131875887289,-0.4999999999999997,-0.8660254037844388,14.12182323695575
TXN351859891,10540.62,P2M,Kotak,ICICI,Kolkata,2024-09-17T20:03:46,20,1,0,42.604650482897746,1,0,0,0,0,9.263086510474443,0.9268512947431489,-0.8660254037844386,0.5000000000000001,19.5418601931591
TXN965627816,660.16,P2P,BOB,PNB,Jaipur,2024-03-24T10:54:22,10,6,0,34.01976032119,2,0,0,0,0,6.4939958680491525,0.42162280029851695,0.49999999999999994,-0.8660254037844387,18.607904128476
TXN569680023,9652.76,Auto-Pay,Kotak,Kotak,Pune,2024-04-18T20:32:33,20,3,0,29.931883584780714,2,0,0,0,0,9.175102755749828,0.8056771581114845,-0.8660254037844386,0.5000000000000001,16.97275343391229
TXN791560091,30000.0,Collect,BOB,BOB,Hyderabad,2024-11-28T03:43:11,3,3,1,70.56811746551571,12,0,1,1,1,10.308985993422082,3.5826456439507655,0.7071067811865476,0.7071067811865476,83.22724698620628
TXN403636974,330.72,P2P,Kotak,HDFC,Mumbai,2024-11-22T14:50:55,14,4,0,33.673189247921925,3,0,0,0,0,5.804291239583003,0.4665844018707642,-0.4999999999999997,-0.8660254037844388,20.96927569916877
TXN818838070,1535.84,QR,Axis,ICICI,Mumbai,2024-07-20T16:30:01,16,5,0,24.892515706143982,1,0,0,0,0,7.33748363922598,0.3021109764010379,-0.8660254037844384,-0.5000000000000004,12.457006282457593
TXN560288035,780.8,QR,BOB,SBI,Jaipur,2024-01-25T13:55:27,13,3,0,42.86965734551584,1,0,0,0,0,6.661598953358855,0.40515798845515877,-0.2588190451025208,-0.9659258262890683,19.647862938206337
TXN251916750,594.4,P2P,Axis,Kotak,Jaipur,2024-07-24T14:35:49,14,2,0,42.001915493326926,2,0,0,0,0,6.389233448581676,0.43059765131658084,-0.4999999999999997,-0.8660254037844388,21.80076619733077
TXN627479639,294.83,P2M,ICICI,HDFC,Pune,2024-02-27T17:01:43,17,1,0,30.457846328910428,3,0,0,0,0,5.689784965012348,0.47148262880261205,-0.9659258262890683,-0.25881904510252063,19.683138531564172
TXN125489859,243.27,P2P,PNB,ICICI,Mumbai,2024-03-25T13:35:24,13,0,0,17.655503205027976,2,0,0,1,0,5.49827417088691,0.4785194797529067,-0.2588190451025208,-0.9659258262890683,22.06220128201119
TXN770586758,1819.26,Collect,BOB,PNB,Hyderabad,2024-05-18T17:51:49,17,5,0,22.114481803748852,2,0,0,0,0,7.506734627010588,0.2634301327948992,-0.9659258262890683,-0.25881904510252063,13.84579272149954
TXN173921830,57.02,P2P,PNB,PNB,Chennai,2024-03-11T10:43:25,10,0,0,13.867051283043118,2,0,0,0,0,4.060787778693258,0.503938670782627,0.49999999999999994,-0.8660254037844387,10.546820513217249
TXN350747522,541.0,P2P,HDFC,BOB,Bangalore,2024-04-05T10:14:54,10,4,0,31.640957848166423,2,0,0,0,0,6.295266001439646,0.43788562340241743,0.49999999999999994,-0.8660254037844387,17.65638313926657
TXN647634773,1223.87,P2P,SBI,SBI,Kolkata,2024-03-30T10:06:43,10,5,0,36.18724914382946,1,0,0,0,0,7.110589994898462,0.3446882919744169,0.49999999999999994,-0.8660254037844387,16.974899657531786
TXN806491237,30000.0,QR,HDFC,SBI,Lucknow,2024-03-19T06:27:52,6,1,0,74.60266077653496,14,1,1,1,1,10.308985993422082,3.5826456439507655,1.0,6.123233995736766e-17,94.84106431061399
TXN367652593,50.0,P2M,PNB,PNB,Hyderabad,2024-08-28T15:14:34,15,2,0,32.497394121507945,1,0,0,0,0,3.9318256327243257,0.5048967525062706,-0.7071067811865471,-0.7071067811865479,15.498957648603179
TXN525857555,22779.4,P2M,ICICI,HDFC,Bangalore,2024-03-11T15:33:56,15,0,0,34.9216557743151,1,0,0,0,0,10.033655796109523,2.5971862573778886,-0.7071067811865471,-0.7071067811865479,16.468662309726042
TXN246204729,8346.04,P2P,ICICI,SBI,Jaipur,2024-08-18T16:14:20,16,6,0,16.646974947959173,3,0,0,0,0,9.029662263980143,0.6273374786357472,-0.8660254037844384,-0.5000000000000004,14.15878997918367
TXN826986574,50.0,P2P,SBI,HDFC,Lucknow,2024-11-11T20:54:34,20,0,0,22.623139346411513,2,0,0,0,0,3.9318256327243257,0.5048967525062706,-0.8660254037844386,0.5000000000000001,14.049255738564606
TXN353737275,114.09,P2P,PNB,Kotak,Jaipur,2024-08-02T17:56:57,17,4,0,13.45791809159321,3,0,0,0,0,4.745714430980399,0.49614982121448664,-0.9659258262890683,-0.25881904510252063,12.883167236637284
TXN747728852,82.41,P2P,SBI,Kotak,Ahmedabad,2024-10-14T16:40:47,16,0,0,36.211428481275654,3,0,0,0,0,4.42376820625352,0.5004734720699043,-0.8660254037844384,-0.5000000000000004,21.98457139251026
TXN812770819,270.44,Collect,HDFC,BOB,Pune,2024-10-28T14:15:00,14,0,0,14.543925713310115,1,0,0,0,0,5.603741120475974,0.47481134863732277,-0.4999999999999997,-0.8660254037844388,8.317570285324045
TXN843032897,163.98,QR,PNB,ICICI,Bangalore,2024-04-10T09:28:26,9,2,0,24.582409999686213,3,0,0,0,0,5.105824254432585,0.48934088999047193,0.7071067811865476,-0.7071067811865475,17.332963999874487
TXN557338992,110.25,QR,BOB,Axis,Delhi,2024-07-01T10:03:00,10,0,0,11.486353972070924,2,0,0,0,0,4.711779921046349,0.49667390010605245,0.49999999999999994,-0.8660254037844387,9.59454158882837
TXN769135147,68.05,P2M,HDFC,ICICI,Hyderabad,2024-08-03T11:53:13,11,5,0,21.733674249511587,1,0,0,0,0,4.234830879855301,0.5024333087581555,0.258819045102521,-0.9659258262890682,11.193469699804636
TXN323087622,275.26,P2M,BOB,HDFC,Pune,2024-12-28T11:17:59,11,5,0,34.81623344640201,3,0,0,1,0,5.621342451271814,0.47415352044530534,0.258819045102521,-0.9659258262890682,31.426493378560806
TXN672255524,535.62,P2M,Kotak,Kotak,Ahmedabad,2024-06-25T10:35:04,10,1,0,35.8915366992501,1,0,0,0,0,6.285290209007722,0.4386198797661216,0.49999999999999994,-0.8660254037844387,16.856614679700044
TXN909729256,462.58,P2P,HDFC,ICICI,Chennai,2024-09-07T17:02:08,17,5,0,20.75257459574448,3,0,0,0,0,6.138978969896531,0.4485882970161123,-0.9659258262890683,-0.25881904510252063,15.801029838297792
TXN791664894,567.15,QR,HDFC,HDFC,Ahmedabad,2024-06-17T16:41:41,16,0,0,30.40335322775821,1,1,0,0,0,6.342385468364018,0.4343167007424057,-0.8660254037844384,-0.5000000000000004,34.661341291103284
TXN532323017,59.25,P2P,Axis,HDFC,Hyderabad,2024-01-18T15:23:07,15,3,0,27.61468519601921,1,0,0,0,0,4.098502572370764,0.5036343228846604,-0.7071067811865471,-0.7071067811865479,13.545874078407685
TXN649174143,1318.35,P2P,BOB,Axis,Ahmedabad,2024-01-26T09:12:07,9,4,0,30.489106442738677,3,0,0,0,0,7.184894470057359,0.3317937675798506,0.7071067811865476,-0.7071067811865475,19.69564257709547
TXN539534556,744.82,P2P,PNB,Axis,Chennai,2024-05-09T08:45:12,8,3,0,39.789946173431616,3,0,0,1,0,6.6144842842261315,0.41006849848602767,0.8660254037844387,-0.4999999999999998,33.41597846937265
TXN365832297,133.13,Auto-Pay,Axis,Kotak,Chennai,2024-11-14T20:35:07,20,3,0,31.033220885396794,1,0,0,0,0,4.898809478913999,0.49355126337713967,-0.8660254037844386,0.5000000000000001,14.913288354158718
TXN585228918,8045.91,P2P,SBI,HDFC,Hyderabad,2024-07-31T10:53:25,10,2,0,32.915551968653155,3,0,0,0,0,8.993043445791304,0.5863760729780292,0.49999999999999994,-0.8660254037844387,20.666220787461263
TXN515164005,871.33,QR,Kotak,HDFC,Pune,2024-04-10T17:55:53,17,2,0,20.42254756302546,1,0,0,0,0,6.771167792685458,0.39280255562873956,-0.9659258262890683,-0.25881904510252063,10.669019025210185
TXN223052917,50.0,Auto-Pay,Axis,HDFC,Bangalore,2024-01-15T14:55:37,14,0,0,25.402508848686285,3,0,0,0,0,3.9318256327243257,0.5048967525062706,-0.4999999999999997,-0.8660254037844388,17.661003539474514
TXN252018828,50.0,Auto-Pay,Axis,ICICI,Lucknow,2024-10-30T09:46:02,9,2,0,26.67951684606937,1,0,0,0,0,3.9318256327243257,0.5048967525062706,0.7071067811865476,-0.7071067811865475,13.171806738427748
TXN997316588,153.23,P2P,ICICI,HDFC,Pune,2024-08-31T11:59:54,11,5,0,19.00790554573817,1,0,0,0,0,5.0384449947355225,0.49080803792910005,0.258819045102521,-0.9659258262890682,10.103162218295267
TXN822549372,1332.42,P2P,SBI,Kotak,Pune,2024-10-29T20:14:53,20,1,0,21.07813903107693,1,0,0,0,0,7.19550234932151,0.32987350976622287,-0.8660254037844386,0.5000000000000001,10.931255612430773
TXN652918998,6908.86,P2P,Axis,BOB,Bangalore,2024-01-02T18:41:41,18,1,0,34.16389422971074,1,0,0,0,0,8.840704656064428,0.43119276473457424,-1.0,-1.8369701987210297e-16,16.165557691884295
TXN241641869,6577.46,P2P,Kotak,ICICI,Pune,2024-07-19T15:14:37,15,4,0,16.742546554934645,3,0,0,0,0,8.791555954373939,0.3859636645614236,-0.7071067811865471,-0.7071067811865479,14.197018621973857
TXN661214956,204.53,P2P,BOB,BOB,Delhi,2024-05-01T20:01:53,20,2,0,13.087219196402357,2,0,0,0,0,5.325592008682918,0.4838066714870885,-0.8660254037844386,0.5000000000000001,10.234887678560943
TXN227394782,735.74,QR,Axis,Axis,Pune,2024-03-16T10:08:09,10,5,0,26.075274641284746,1,0,0,0,0,6.602235048400476,0.4113077266983759,0.49999999999999994,-0.8660254037844387,12.9301098565139
TXN694387959,8078.13,Collect,PNB,BOB,Ahmedabad,2024-05-26T16:05:32,16,6,0,35.82043029345561,1,0,0,0,0,8.997039472450632,0.5907734224275731,-0.8660254037844384,-0.5000000000000004,16.828172117382245
TXN246641428,931.4,P2M,Axis,ICICI,Ahmedabad,2024-02-01T12:21:24,12,3,0,43.36850423449856,2,0,0,0,0,6.837761907161602,0.38460426942656345,1.2246467991473532e-16,-1.0,22.347401693799423
TXN313480400,892.4,QR,ICICI,Axis,Hyderabad,2024-02-26T20:45:22,20,0,0,34.26975853779976,2,0,0,0,0,6.795034408918018,0.38992694566902836,-0.8660254037844386,0.5000000000000001,18.707903415119905
TXN671979194,45000.0,P2P,PNB,PNB,Kolkata,2024-11-05T03:40:53,3,1,1,96.91319815054074,9,1,1,1,1,10.714439990727769,5.629828814129581,0.7071067811865476,0.7071067811865476,106.26527926021629
TXN294484577,830.03,P2P,Axis,HDFC,Mumbai,2024-11-24T13:39:40,13,6,0,19.12923069813917,3,0,0,0,0,6.722665895286852,0.39843913329063185,-0.2588190451025208,-0.9659258262890683,15.15169227925567
TXN697177273,429.64,P2P,Axis,Axis,Mumbai,2024-07-28T19:42:59,19,6,0,30.773204149068345,2,0,0,0,0,6.065272474252702,0.453083911257825,-0.9659258262890684,0.2588190451025203,17.309281659627338
TXN806900195,1990.71,P2P,PNB,HDFC,Pune,2024-04-26T17:00:56,17,4,0,33.15010751543939,1,0,0,1,0,7.596748845217091,0.24003082915975532,-0.9659258262890683,-0.25881904510252063,25.760043006175756
TXN515883436,106.73,QR,BOB,BOB,Chennai,2024-01-05T17:51:26,17,4,0,14.033791212502068,1,0,0,0,0,4.679628096906101,0.49715430575665437,-0.9659258262890683,-0.25881904510252063,8.113516485000828
TXN397571729,201.73,P2M,HDFC,SBI,Jaipur,2024-12-06T17:44:39,17,4,0,10.276227910281783,1,0,0,0,0,5.311875044480103,0.4841888123455219,-0.9659258262890683,-0.25881904510252063,6.610491164112713
TXN689076355,9700.36,P2P,SBI,ICICI,Mumbai,2024-11-05T11:19:44,11,1,0,21.385373742549454,1,0,0,0,0,9.180021360849073,0.812173552704852,0.258819045102521,-0.9659258262890682,11.054149497019782
TXN734235722,194.38,P2P,Axis,ICICI,Hyderabad,2024-12-20T08:31:19,8,4,0,28.193530181860755,2,1,0,0,0,5.2749463802247964,0.4851919320989095,0.8660254037844387,-0.4999999999999998,36.277412072744305
TXN972550490,712.63,P2P,SBI,SBI,Chennai,2024-08-25T10:28:05,10,6,0,39.48844679506636,2,0,0,0,0,6.570364620740873,0.41446175356923143,0.49999999999999994,-0.8660254037844387,20.795378718026544
TXN518082087,592.34,QR,SBI,HDFC,Mumbai,2024-06-13T09:47:28,9,3,0,12.274659111856895,1,0,0,0,0,6.385767590509954,0.4308787978052854,0.7071067811865476,-0.7071067811865475,7.409863644742758
TXN885282284,76.12,P2M,PNB,Kotak,Kolkata,2024-10-07T20:31:58,20,0,0,43.94742838708168,2,0,0,0,0,4.34536265030229,0.5013319242125993,-0.8660254037844386,0.5000000000000001,22.57897135483267
TXN667167006,246.99,P2P,HDFC,PNB,Delhi,2024-07-15T13:30:10,13,0,0,33.31492815704022,2,0,0,0,0,5.51338842277136,0.47801177832670233,-0.2588190451025208,-0.9659258262890683,18.32597126281609
TXN375717516,427.97,P2P,ICICI,Axis,Chennai,2024-03-13T13:00:04,13,2,0,17.536568463505603,3,0,0,0,0,6.061386986412866,0.4533118309841049,-0.2588190451025208,-0.9659258262890683,14.514627385402243
TXN766687350,25000.0,P2P,SBI,BOB,Lucknow,2024-09-11T01:49:12,1,2,1,72.25046932532618,11,0,1,1,1,10.12667110305036,2.90025125389116,0.25881904510252074,0.9659258262890683,81.40018773013047
TXN780897065,3294.07,QR,Axis,BOB,Jaipur,2024-02-29T09:45:50,9,3,0,24.20152234630264,1,0,0,1,0,8.10018269102051,0.062149718714137867,0.7071067811865476,-0.7071067811865475,22.180608938521054
TXN130320939,2934.21,QR,SBI,HDFC,Mumbai,2024-01-08T15:58:56,15,0,0,14.67777034936813,3,0,0,0,0,7.984534279958136,0.1112630077555078,-0.7071067811865471,-0.7071067811865479,13.371108139747253
TXN845261429,21598.67,QR,HDFC,Axis,Pune,2024-06-05T13:18:25,13,2,0,40.829925987954056,3,0,0,0,0,9.980433315777772,2.436041551742872,-0.2588190451025208,-0.9659258262890683,23.831970395181624
TXN785310827,1702.26,P2P,Kotak,PNB,Delhi,2024-01-26T14:20:48,14,4,0,20.240424156853805,3,0,0,1,0,7.440299340765267,0.27939816152229396,-0.4999999999999997,-0.8660254037844388,25.596169662741524
TXN875484451,15000.0,P2P,ICICI,BOB,Lucknow,2024-03-10T23:07:06,23,6,1,67.85269849064609,13,1,1,1,1,9.61587214452889,1.5354624737719493,-0.25881904510252157,0.9659258262890681,104.64107939625843
TXN479232980,7517.14,P2M,BOB,ICICI,Bangalore,2024-08-13T14:19:30,14,1,0,44.49557443085254,3,0,0,1,0,8.925074045924665,0.5142101366516657,-0.4999999999999997,-0.8660254037844388,35.29822977234102
TXN577300755,53.17,QR,Axis,SBI,Chennai,2024-10-14T13:29:25,13,0,0,20.129179574654444,1,0,0,0,0,3.9921272496698075,0.5044641144629729,-0.2588190451025208,-0.9659258262890683,10.551671829861778
TXN879545330,1025.72,P2M,BOB,Axis,Lucknow,2024-02-01T15:49:46,15,3,0,17.176105417593746,2,0,0,0,0,6.934124534002205,0.37173158165247905,-0.7071067811865471,-0.7071067811865479,11.870442167037499
TXN642550399,554.38,P2P,SBI,SBI,Hyderabad,2024-12-02T15:18:51,15,0,0,42.49342269727076,3,0,0,1,0,6.319652564141498,0.4360595360146179,-0.7071067811865471,-0.7071067811865479,34.49736907890831
TXN718019770,309.05,Auto-Pay,Axis,BOB,Mumbai,2024-04-02T19:38:46,19,1,0,23.920514146795284,2,0,0,0,0,5.736733574795887,0.4695418991572825,-0.9659258262890684,0.2588190451025203,14.568205658718114
TXN740231866,547.56,P2P,HDFC,Axis,Hyderabad,2024-11-05T08:59:11,8,1,0,42.69161403020434,2,0,0,0,0,6.307296662976109,0.43699032196265924,0.8660254037844387,-0.4999999999999998,22.076645612081737
TXN235065455,113.58,QR,BOB,PNB,Bangalore,2024-01-13T15:14:53,15,5,0,10.003858113063785,2,1,0,0,0,4.741273268980431,0.49621942544227277,-0.7071067811865471,-0.7071067811865479,29.001543245225513
TXN923001255,85.28,QR,PNB,SBI,Ahmedabad,2024-06-07T15:58:29,15,4,0,10.997052572497795,3,0,0,0,0,4.457597821520956,0.50008177769001,-0.7071067811865471,-0.7071067811865479,11.89882102899912
TXN791855368,7165.27,P2P,BOB,ICICI,Ahmedabad,2024-01-10T14:58:41,14,2,0,30.532505435597205,2,0,0,1,0,8.877140575078633,0.466187313845611,-0.4999999999999997,-0.8660254037844388,27.21300217423888
TXN714736796,50000.0,P2P,ICICI,ICICI,Lucknow,2024-06-01T17:35:45,17,5,0,92.13850498840694,5,1,1,1,1,10.819798284210286,6.312223204189186,-0.9659258262890683,-0.25881904510252063,79.35540199536277
TXN463661885,24118.76,QR,HDFC,ICICI,Mumbai,2024-02-24T14:56:48,14,5,0,27.467472672989224,3,1,0,0,0,10.09078670054286,2.7799806074319346,-0.4999999999999997,-0.8660254037844388,38.48698906919569
TXN121588109,2556.33,P2P,PNB,PNB,Pune,2024-11-16T11:06:44,11,5,0,19.768060714046648,1,0,0,0,0,7.846719024453231,0.16283564617865254,0.258819045102521,-0.9659258262890682,10.40722428561866
TXN360358461,50.0,P2P,BOB,ICICI,Mumbai,2024-02-22T20:44:32,20,3,0,32.43807690399399,2,0,0,0,0,3.9318256327243257,0.5048967525062706,-0.8660254037844386,0.5000000000000001,17.975230761597594
TXN309395215,83.8,P2M,SBI,ICICI,Pune,2024-02-22T20:25:52,20,3,0,34.59550740716167,2,0,0,0,0,4.440295542797857,0.5002837664294677,-0.8660254037844386,0.5000000000000001,18.83820296286467
TXN167889846,2493.6,Collect,HDFC,Axis,Chennai,2024-01-17T08:56:02,8,2,0,10.800952694625177,3,0,0,0,0,7.821883674691609,0.17139696619634037,0.8660254037844387,-0.4999999999999998,11.820381077850072
TXN139291200,50.0,P2M,Kotak,HDFC,Kolkata,2024-05-15T10:57:31,10,2,0,35.884473128475655,3,0,0,0,0,3.9318256327243257,0.5048967525062706,0.49999999999999994,-0.8660254037844387,21.85378925139026
TXN253796273,682.01,P2P,Axis,ICICI,Delhi,2024-12-21T15:38:46,15,5,0,26.191674517680532,1,0,0,0,0,6.526509500752041,0.41864073681395647,-0.7071067811865471,-0.7071067811865479,12.976669807072213
TXN654830129,152.06,P2P,BOB,Kotak,Chennai,2024-04-12T14:00:25,14,4,0,27.745293307910902,3,1,0,0,0,5.030830001381775,0.490967718216374,-0.4999999999999997,-0.8660254037844388,38.59811732316436
TXN333606948,1151.13,P2M,BOB,BOB,Kolkata,2024-04-21T09:21:05,9,6,0,26.94364141348353,3,0,0,0,0,7.04936768211129,0.354615765561004,0.7071067811865476,-0.7071067811865475,18.277456565393415
TXN161318470,929.97,Collect,HDFC,HDFC,Ahmedabad,2024-08-05T10:33:03,10,0,0,10.811794914939497,1,0,0,0,0,6.8362270533422,0.38479943422212054,0.49999999999999994,-0.8660254037844387,6.8247179659757995
TXN874110340,80.67,P2P,Kotak,Kotak,Bangalore,2024-04-28T16:39:11,16,6,0,21.8617871149303,3,0,0,0,0,4.402686737370185,0.500710945317645,-0.8660254037844384,-0.5000000000000004,16.24471484597212
TXN726219178,421.03,P2P,BOB,Kotak,Bangalore,2024-07-25T13:29:13,13,3,0,25.855058835721323,3,0,0,0,0,6.045076401556628,0.45425899439750755,-0.2588190451025208,-0.9659258262890683,17.84202353428853
TXN337178929,50.0,P2P,HDFC,Axis,Chennai,2024-03-04T17:29:28,17,0,0,28.545844138098417,1,0,0,0,0,3.9318256327243257,0.5048967525062706,-0.9659258262890683,-0.25881904510252063,13.918337655239368
TXN847793517,50.0,P2M,BOB,BOB,Hyderabad,2024-09-07T14:22:42,14,5,0,37.999708539443716,1,0,0,0,0,3.9318256327243257,0.5048967525062706,-0.4999999999999997,-0.8660254037844388,17.699883415777485
TXN748460711,651.83,P2P,BOB,Kotak,Kolkata,2024-06-03T08:07:07,8,0,0,17.430765058815904,1,0,0,0,0,6.481316758476311,0.4227596693523562,0.8660254037844387,-0.4999999999999998,9.472306023526361
TXN492341928,4319.21,QR,HDFC,BOB,Bangalore,2024-03-17T09:41:00,9,6,0,41.79010182205651,2,0,0,0,0,8.371059291167786,0.07776023829100288,0.7071067811865476,-0.7071067811865475,21.716040728822605
TXN919119028,209.05,P2M,SBI,PNB,Mumbai,2024-08-07T14:37:56,14,2,0,39.21582841719386,3,1,0,0,0,5.347345597615391,0.4831897869584746,-0.4999999999999997,-0.8660254037844388,43.186331366877546
TXN781032452,201.26,QR,ICICI,PNB,Bangalore,2024-11-26T17:10:54,17,1,0,40.474503881444726,1,0,0,0,0,5.3095539984740245,0.4842529574181875,-0.9659258262890683,-0.25881904510252063,18.68980155257789
TXN233461316,1089.93,P2P,ICICI,HDFC,Mumbai,2024-03-20T09:48:17,9,2,0,30.30799862696996,1,0,0,0,0,6.994785822454755,0.3629682728953336,0.7071067811865476,-0.7071067811865475,14.623199450787986
TXN186439694,272.4,P2P,SBI,HDFC,Lucknow,2024-08-23T11:13:22,11,4,0,37.10643227428095,1,0,0,0,0,5.610935924289849,0.4745438500364194,0.258819045102521,-0.9659258262890682,17.34257290971238
TXN108582299,963.44,QR,ICICI,SBI,Ahmedabad,2024-05-31T10:46:50,10,4,0,28.6718073060674,1,0,0,0,0,6.871547622012628,0.3802314861750615,0.49999999999999994,-0.8660254037844387,13.968722922426961
TXN313162912,191.39,P2P,Axis,Axis,Kolkata,2024-08-31T19:52:01,19,5,0,12.72109053645341,1,0,0,0,0,5.259524561828881,0.4856000039441652,-0.9659258262890684,0.2588190451025203,7.588436214581364
TXN721512345,263.52,P2P,SBI,HDFC,Kolkata,2024-06-11T10:18:21,10,1,0,25.79883279311251,1,0,0,0,0,5.577916862806462,0.4757557824731653,0.49999999999999994,-0.8660254037844387,12.819533117245005
TXN271116174,414.23,QR,Axis,Kotak,Pune,2024-06-27T14:48:51,14,3,0,20.14130085198188,2,0,0,0,0,6.028832583576721,0.45518705076798865,-0.4999999999999997,-0.8660254037844388,13.056520340792753
TXN453444827,467.02,P2P,ICICI,BOB,Delhi,2024-01-24T09:26:43,9,2,0,23.430427155512554,2,0,0,0,0,6.148511030047266,0.44798233079773936,0.7071067811865476,-0.7071067811865475,14.372170862205023
TXN709244891,118.04,QR,BOB,PNB,Chennai,2024-11-21T09:20:14,9,3,0,27.410571438707287,2,0,0,0,0,4.779459571084781,0.49561072964633957,0.7071067811865476,-0.7071067811865475,15.964228575482915
TXN468861304,1655.91,P2M,Axis,Axis,Bangalore,2024-10-07T10:32:44,10,0,0,21.21761877858083,1,0,0,0,0,7.412709700924291,0.28572395751814644,0.49999999999999994,-0.8660254037844387,10.987047511432333
TXN226329074,164.61,Collect,ICICI,SBI,Chennai,2024-02-07T11:14:48,11,2,0,10.029645607649723,3,0,0,0,0,5.1096356266014,0.4892549082973244,0.258819045102521,-0.9659258262890682,11.51185824305989
TXN473426542,1564.48,QR,HDFC,ICICI,Ahmedabad,2024-09-06T13:38:02,13,4,0,37.869743240424,3,0,0,0,0,7.355947765213758,0.2982022213347765,-0.2588190451025208,-0.9659258262890683,22.647897296169603
TXN921447707,194.52,P2M,PNB,ICICI,Kolkata,2024-03-13T14:32:00,14,2,0,13.136480339836293,1,0,0,0,0,5.275662675983231,0.48517282505598786,-0.4999999999999997,-0.8660254037844388,7.754592135934518
TXN339823336,101.64,P2P,SBI,HDFC,Kolkata,2024-09-10T19:00:50,19,1,0,40.13045432441352,2,0,0,0,0,4.631227720307381,0.49784898324573507,-0.9659258262890684,0.2588190451025203,21.052181729765408
TXN706731780,1733.15,P2M,Kotak,SBI,Delhi,2024-06-12T16:14:44,16,2,0,40.945964696248524,2,0,0,0,0,7.458272658789441,0.2751823289805057,-0.8660254037844384,-0.5000000000000004,21.37838587849941
TXN727715377,130.94,P2M,ICICI,HDFC,Delhi,2024-04-13T20:04:55,20,5,0,39.305241915312436,2,0,0,0,0,4.882347273794725,0.4938501521199858,-0.8660254037844386,0.5000000000000001,20.722096766124977
TXN739793962,633.66,P2P,ICICI,PNB,Mumbai,2024-12-07T16:31:53,16,5,0,35.47648620523739,3,0,0,0,0,6.453089422426351,0.4252394905658328,-0.8660254037844384,-0.5000000000000004,21.69059448209496
TXN176065142,62.67,QR,PNB,SBI,Lucknow,2024-05-25T09:00:52,9,5,0,15.084664093383157,1,0,0,0,0,4.153713494028934,0.5031675651218597,0.7071067811865476,-0.7071067811865475,8.533865637353262
TXN604828703,692.98,P2M,Axis,Axis,Lucknow,2024-01-22T12:10:21,12,0,0,24.490023900965372,2,0,0,0,0,6.542443141647741,0.41714356352216564,1.2246467991473532e-16,-1.0,14.79600956038615
TXN756637490,982.7,P2M,HDFC,BOB,Hyderabad,2024-10-08T08:41:29,8,1,0,43.43178931016696,1,0,0,0,0,6.891320972518712,0.37760290298455185,0.8660254037844387,-0.4999999999999998,19.872715724066786
TXN825561602,161.45,P2M,BOB,SBI,Pune,2024-10-14T16:05:23,16,0,0,29.730798550588982,2,0,0,0,0,5.090370262115109,0.48968618155184207,-0.8660254037844384,-0.5000000000000004,16.892319420235594
TXN942739779,1225.63,Auto-Pay,Kotak,Axis,Ahmedabad,2024-11-03T20:31:30,20,6,0,19.02090214590315,2,0,0,0,0,7.112025850743765,0.3444480891491159,-0.8660254037844386,0.5000000000000001,12.60836085836126
TXN770693857,600.32,QR,BOB,HDFC,Jaipur,2024-04-22T08:54:05,8,0,0,15.227624953446096,1,0,0,0,0,6.399127238759633,0.42978969635875025,0.8660254037844387,-0.4999999999999998,8.59104998137844
TXN730981894,3616.69,QR,PNB,PNB,Kolkata,2024-11-15T09:24:34,9,4,0,17.29144314010139,2,0,0,0,0,8.193590979586645,0.018118903089931908,0.7071067811865476,-0.7071067811865475,11.916577256040556
TXN943844370,362.82,QR,BOB,Kotak,Delhi,2024-05-21T13:15:22,13,1,0,33.98125023630769,3,0,0,0,0,5.8966592398340705,0.46220342988658153,-0.2588190451025208,-0.9659258262890683,21.092500094523075
TXN207084429,165.38,P2P,HDFC,SBI,Delhi,2024-01-31T13:45:08,13,2,0,42.82611749977189,3,0,0,0,0,5.114274328855742,0.4891498195612552,-0.2588190451025208,-0.9659258262890683,24.630446999908756
TXN882298315,40000.0,P2P,Kotak,ICICI,Chennai,2024-09-19T01:46:48,1,3,1,65.88631003856632,11,1,1,1,1,10.596659732783579,4.947434424069976,0.25881904510252074,0.9659258262890683,98.85452401542653
TXN867731438,7963.11,Auto-Pay,Axis,Kotak,Bangalore,2024-04-27T11:38:02,11,5,0,14.035194095926009,1,0,0,0,0,8.982700477243396,0.5750756218786419,0.258819045102521,-0.9659258262890682,8.114077638370404
TXN587086687,50.0,P2P,Kotak,SBI,Mumbai,2024-07-01T18:55:20,18,0,0,28.940552337135188,2,0,0,0,0,3.9318256327243257,0.5048967525062706,-1.0,-1.8369701987210297e-16,16.576220934854078
TXN722155908,1088.72,QR,PNB,Kotak,Chennai,2024-07-13T18:01:47,18,5,0,17.541996768004466,3,0,0,0,0,6.9936760614897375,0.36313341233772806,-1.0,-1.8369701987210297e-16,14.516798707201787
TXN315003791,45000.0,P2P,SBI,Axis,Bangalore,2024-03-25T01:39:50,1,0,1,69.26244747308678,10,1,1,0,1,10.714439990727769,5.629828814129581,0.25881904510252074,0.9659258262890683,87.70497898923472
TXN480336670,50.0,P2P,SBI,ICICI,Kolkata,2024-02-15T15:17:42,15,3,0,40.40803835362371,2,0,0,0,0,3.9318256327243257,0.5048967525062706,-0.7071067811865471,-0.7071067811865479,21.163215341449483
TXN527178485,9269.34,P2M,SBI,ICICI,Delhi,2024-05-17T13:45:46,13,4,0,44.69839701180072,3,0,0,0,0,9.134575335341452,0.7533484267041538,-0.2588190451025208,-0.9659258262890683,25.37935880472029
TXN681304803,1528.67,P2P,Axis,Axis,Lucknow,2024-06-22T12:44:56,12,5,0,43.798375121815276,2,0,0,0,0,7.332807304848342,0.30308952995638333,1.2246467991473532e-16,-1.0,22.51935004872611
TXN992967827,50.0,Auto-Pay,Kotak,PNB,Chennai,2024-11-23T18:26:35,18,5,0,22.049260278908008,2,0,0,0,0,3.9318256327243257,0.5048967525062706,-1.0,-1.8369701987210297e-16,13.819704111563203
TXN709816145,3159.26,Auto-Pay,BOB,BOB,Jaipur,2024-11-19T10:04:04,10,1,0,32.56456645841453,2,0,0,0,0,8.058409581677282,0.08054843625892494,0.49999999999999994,-0.8660254037844387,18.025826583365813
TXN823485086,50.0,QR,BOB,HDFC,Mumbai,2024-05-16T13:46:04,13,3,0,32.398473479009965,2,0,0,0,0,3.9318256327243257,0.5048967525062706,-0.2588190451025208,-0.9659258262890683,17.959389391603985
TXN262912149,1376.32,P2P,SBI,Kotak,Pune,2024-01-15T15:12:54,15,0,0,27.636107887694575,1,0,0,0,0,7.2278948609824525,0.3238820870214995,-0.7071067811865471,-0.7071067811865479,13.55444315507783
TXN621745314,8311.22,P2M,ICICI,ICICI,Delhi,2024-05-20T20:57:33,20,0,0,43.08549665569881,1,0,0,0,0,9.025482000186257,0.6225852841033719,-0.8660254037844386,0.5000000000000001,19.734198662279525
TXN862119541,7554.6,P2P,SBI,SBI,Chennai,2024-05-31T11:49:27,11,4,0,20.34937129905384,1,0,0,0,0,8.930044289157665,0.5193226354219922,0.258819045102521,-0.9659258262890682,10.639748519621536
TXN307328616,3435.03,P2P,Kotak,PNB,Hyderabad,2024-03-10T18:14:49,18,6,0,29.049006795533778,1,0,0,0,0,8.142072014148685,0.04291165606957747,-1.0,-1.8369701987210297e-16,14.119602718213512
TXN527472629,845.96,Auto-Pay,ICICI,HDFC,Delhi,2024-11-24T17:57:41,17,6,0,27.138379638397687,1,0,0,0,0,6.741653468035125,0.39626502476390196,-0.9659258262890683,-0.25881904510252063,13.355351855359075
TXN712917295,18366.63,Auto-Pay,PNB,SBI,Jaipur,2024-12-16T18:17:04,18,0,0,32.48341685744424,2,0,0,0,0,9.818345155188183,1.9949363588532234,-1.0,-1.8369701987210297e-16,17.9933667429777
TXN215196868,6832.27,Collect,Axis,BOB,Mumbai,2024-11-18T09:38:08,9,0,0,13.516014238833895,1,0,0,0,0,8.829558608122756,0.4207398474676413,0.7071067811865476,-0.7071067811865475,7.906405695533558
TXN885526487,70.39,P2M,Axis,Axis,Chennai,2024-11-26T10:04:35,10,1,0,39.303038416005634,1,0,0,0,0,4.268157803514369,0.5021139481836077,0.49999999999999994,-0.8660254037844387,18.221215366402255
TXN578331086,1242.02,P2M,HDFC,SBI,Hyderabad,2024-04-27T16:58:18,16,5,0,13.765569987545916,1,0,0,0,0,7.125299181485852,0.3422112003385005,-0.8660254037844384,-0.5000000000000004,8.006227995018367
TXN659754220,15000.0,P2P,PNB,Kotak,Mumbai,2024-05-10T06:21:50,6,4,0,78.58212143465744,11,1,1,1,1,9.61587214452889,1.5354624737719493,1.0,6.123233995736766e-17,88.93284857386297
TXN896911453,50.0,P2P,ICICI,SBI,Lucknow,2024-03-30T11:43:51,11,5,0,44.83849257651835,2,1,0,0,0,3.9318256327243257,0.5048967525062706,0.258819045102521,-0.9659258262890682,42.93539703060734
TXN406687603,5414.14,QR,SBI,ICICI,Ahmedabad,2024-01-02T09:29:37,9,1,0,19.068780235735545,2,0,0,0,0,8.596954013209835,0.22719505619259567,0.7071067811865476,-0.7071067811865475,12.627512094294218
TXN908075283,6259.87,P2M,Axis,ICICI,Delhi,2024-07-09T14:21:58,14,1,0,31.13809705453777,2,0,0,0,0,8.74207443207343,0.34261933769361763,-0.4999999999999997,-0.8660254037844388,17.455238821815108
TXN157263017,648.65,Auto-Pay,ICICI,BOB,Hyderabad,2024-07-09T16:43:45,16,1,0,31.639746039888895,3,0,0,0,0,6.4764337563287455,0.4231936721844341,-0.8660254037844384,-0.5000000000000004,20.15589841595556
TXN378541440,520.47,P2P,SBI,ICICI,Lucknow,2024-02-27T19:47:58,19,1,0,18.571098531694304,1,0,0,0,0,6.256651746419871,0.4406875347680022,-0.9659258262890684,0.2588190451025203,9.928439412677722
TXN833363507,589.37,P2P,HDFC,BOB,Pune,2024-04-08T14:06:41,14,0,0,39.67154043457717,2,0,0,1,0,6.380749458987108,0.4312841400729808,-0.4999999999999997,-0.8660254037844388,30.868616173830866
TXN488966511,8025.51,Collect,Axis,Kotak,Chennai,2024-07-25T13:52:07,13,3,0,33.89110664255118,3,0,0,0,0,8.99050509229174,0.583591903866586,-0.2588190451025208,-0.9659258262890683,21.056442657020472
TXN356711919,2017.48,QR,BOB,Axis,Jaipur,2024-03-29T08:05:25,8,4,0,17.859581424411374,3,0,0,0,0,7.610100031896125,0.2363772895953762,0.8660254037844387,-0.4999999999999998,14.64383256976455
TXN123429562,582.82,P2M,Kotak,Axis,Lucknow,2024-07-22T13:00:30,13,0,0,11.364860440121905,2,0,0,0,0,6.369592716140851,0.43217807672395886,-0.2588190451025208,-0.9659258262890683,9.545944176048764
TXN838026328,952.97,P2M,ICICI,Axis,Mumbai,2024-06-08T08:10:35,8,5,0,39.13778975099861,2,0,0,0,0,6.860632224412953,0.38166042002784634,0.8660254037844387,-0.4999999999999998,20.655115900399444
TXN289268015,2263.62,P2M,Axis,BOB,Kolkata,2024-02-10T11:38:22,11,5,0,37.8064726357602,2,0,0,0,0,7.725162253422678,0.20278437856152198,0.258819045102521,-0.9659258262890682,20.12258905430408
TXN849755900,25000.0,P2P,PNB,SBI,Jaipur,2024-04-10T03:18:22,3,2,1,65.76420667150889,15,0,1,1,1,10.12667110305036,2.90025125389116,0.7071067811865476,0.7071067811865476,88.80568266860355
TXN973652200,398.07,P2P,PNB,PNB,Pune,2024-09-09T12:00:58,12,0,0,33.8321024416038,3,0,0,1,0,5.989136840098804,0.4573925494366613,1.2246467991473532e-16,-1.0,31.032840976641523
TXN956468139,565.0,P2M,BOB,Axis,Delhi,2024-05-12T19:41:57,19,6,0,29.185422548816256,3,0,0,0,0,6.338594078203183,0.43461013033013135,-0.9659258262890684,0.2588190451025203,19.174169019526502
TXN391689532,50.0,P2M,SBI,SBI,Kolkata,2024-06-27T11:52:25,11,3,0,11.737432256571156,1,0,0,1,0,3.9318256327243257,0.5048967525062706,0.258819045102521,-0.9659258262890682,17.194972902628464
TXN593192956,3551.23,P2M,SBI,Axis,Hyderabad,2024-02-14T17:25:03,17,2,0,40.09417182961843,2,0,0,0,0,8.175330854267976,0.027052810444592266,-0.9659258262890683,-0.25881904510252063,21.037668731847372
TXN929850352,1257.44,QR,HDFC,BOB,Mumbai,2024-05-22T13:32:53,13,2,0,27.763493420433644,1,0,0,0,0,7.137628137634314,0.3401066960395567,-0.2588190451025208,-0.9659258262890683,13.605397368173458
TXN397210390,631.49,P2P,Kotak,HDFC,Hyderabad,2024-01-11T10:03:21,10,3,0,20.397597804784116,1,0,0,0,0,6.449664410200012,0.4255356497311187,0.49999999999999994,-0.8660254037844387,10.659039121913647
TXN277161288,857.56,P2P,SBI,BOB,Jaipur,2024-04-11T09:00:53,9,3,0,33.65171964267479,2,0,0,0,0,6.755256567237259,0.3946818697789637,0.7071067811865476,-0.7071067811865475,18.460687857069917
TXN131732877,309.49,P2M,BOB,SBI,Hyderabad,2024-01-20T17:06:30,17,5,0,20.358255952194693,2,0,0,0,0,5.738151694735743,0.46948184845095725,-0.9659258262890683,-0.25881904510252063,13.143302380877877
TXN178128163,9116.93,P2M,PNB,BOB,Lucknow,2024-12-09T19:22:35,19,0,0,12.815773934870789,3,0,0,0,0,9.117998083621742,0.7325476809063569,-0.9659258262890684,0.2588190451025203,12.626309573948316
TXN431640493,2064.15,Auto-Pay,BOB,HDFC,Delhi,2024-12-19T17:00:38,17,3,0,21.863067137195706,3,0,0,0,0,7.632958141982214,0.23000782035855985,-0.9659258262890683,-0.25881904510252063,16.245226854878283
TXN699379106,3256.59,P2M,BOB,Axis,Hyderabad,2024-02-21T13:13:34,13,2,0,28.394238455258034,1,0,0,0,0,8.08874293716684,0.06726494706202467,-0.2588190451025208,-0.9659258262890683,13.857695382103214
TXN957795133,530.14,P2M,BOB,SBI,Ahmedabad,2024-10-09T19:22:44,19,2,0,43.15523536665433,2,0,0,0,0,6.27502563997546,0.4393677840176269,-0.9659258262890684,0.2588190451025203,22.262094146661735
TXN948496137,336.46,QR,Axis,Kotak,Lucknow,2024-11-02T18:56:11,18,5,0,25.268610922500507,2,0,0,0,0,5.8214469847701915,0.46580101311097577,-1.0,-1.8369701987210297e-16,15.107444369000204
TXN159059566,50.0,Auto-Pay,SBI,BOB,Lucknow,2024-02-05T14:15:00,14,0,0,21.530503760435334,2,0,0,0,0,3.9318256327243257,0.5048967525062706,-0.4999999999999997,-0.8660254037844388,13.612201504174134
TXN830694526,2989.24,P2P,Kotak,HDFC,Hyderabad,2024-09-27T08:47:32,8,4,0,29.711252691569456,3,0,0,0,0,8.003108930721993,0.10375257509851182,0.8660254037844387,-0.4999999999999998,19.384501076627785
TXN277252194,4296.73,QR,HDFC,BOB,Delhi,2024-08-26T17:29:03,17,0,0,38.256000526916836,1,0,0,0,0,8.365842255312963,0.07469219311329484,-0.9659258262890683,-0.25881904510252063,17.802400210766734
TXN848789112,5079.63,P2M,Kotak,Kotak,Chennai,2024-11-04T17:50:13,17,0,0,25.705858634359256,1,0,0,0,0,8.533190548631241,0.1815415067088279,-0.9659258262890683,-0.25881904510252063,12.782343453743703
TXN227177284,4396.0,P2P,Axis,Axis,Lucknow,2024-03-31T12:44:54,12,6,0,12.235085382354745,2,0,0,0,0,8.388677769180811,0.08824045133353829,1.2246467991473532e-16,-1.0,9.894034152941899
TXN254995822,1048.43,P2M,Kotak,SBI,Bangalore,2024-06-22T18:37:32,18,5,0,29.79201991669595,3,0,0,0,0,6.956002438608426,0.36863214633282837,-1.0,-1.8369701987210297e-16,19.41680796667838
TXN366378959,561.74,P2P,PNB,Axis,Pune,2024-07-12T10:39:13,10,4,0,16.50747811869687,3,0,0,0,0,6.332817709748902,0.43505505147245016,0.49999999999999994,-0.8660254037844387,14.102991247478748
TXN496186081,448.89,P2P,SBI,PNB,Delhi,2024-02-20T12:47:20,12,1,0,18.38495485590023,1,0,0,0,0,6.109003108438508,0.4504566928560955,1.2246467991473532e-16,-1.0,9.853981942360093
TXN366123900,109.28,QR,SBI,Axis,Lucknow,2024-02-29T20:49:51,20,3,0,11.058327380685569,2,0,0,0,0,4.703022586155596,0.49680628461772397,-0.8660254037844386,0.5000000000000001,9.423330952274227
TXN933800214,6411.79,P2M,SBI,SBI,Bangalore,2024-03-24T10:07:06,10,6,0,16.621361112551398,2,0,0,0,0,8.766049712627982,0.36335320884118866,0.49999999999999994,-0.8660254037844387,11.648544445020558
TXN623284686,274.79,P2M,HDFC,SBI,Jaipur,2024-08-19T08:26:16,8,0,0,26.279257140457943,1,0,0,0,0,5.619639706543773,0.47421766551797095,0.8660254037844387,-0.4999999999999998,13.011702856183177
TXN545529842,30000.0,P2P,ICICI,ICICI,Lucknow,2024-03-27T02:04:24,2,2,1,70.28233995290971,10,1,1,0,1,10.308985993422082,3.5826456439507655,0.49999999999999994,0.8660254037844387,88.11293598116389
TXN578780681,266.95,P2P,SBI,ICICI,Hyderabad,2024-10-19T20:50:35,20,5,0,41.09272889804424,3,0,0,0,0,5.590800395940859,0.47528765992158445,-0.8660254037844386,0.5000000000000001,23.9370915592177
TXN720566696,409.46,Collect,Kotak,PNB,Bangalore,2024-05-16T11:56:40,11,3,0,28.999125706470302,2,0,0,0,0,6.017278482000962,0.4558380550161055,0.258819045102521,-0.9659258262890682,16.599650282588122
TXN415882059,741.96,P2P,Kotak,ICICI,Mumbai,2024-01-02T08:51:33,8,1,0,19.2404118781442,1,0,0,0,0,6.610642207467753,0.4104588280771418,0.8660254037844387,-0.4999999999999998,10.19616475125768
TXN644995592,92.34,QR,HDFC,Axis,Delhi,2024-07-19T19:36:29,19,4,0,10.522513853260618,1,0,0,0,0,4.536248740521669,0.4991182368112459,-0.9659258262890684,0.2588190451025203,6.709005541304247
TXN174584735,787.34,P2M,Kotak,Axis,Jaipur,2024-04-02T16:22:22,16,1,0,21.014320215616944,2,1,0,0,0,6.669929468881786,0.4042654165929608,-0.8660254037844384,-0.5000000000000004,33.40572808624678
TXN681751543,63.19,P2M,Kotak,PNB,Jaipur,2024-11-09T11:58:33,11,5,0,40.04445459525347,3,0,0,1,0,4.161847435323687,0.5030965961052934,0.258819045102521,-0.9659258262890682,33.517781838101385
TXN150692096,5008.63,P2P,HDFC,Axis,Mumbai,2024-05-22T09:51:50,9,2,0,35.62381487668022,3,0,0,0,0,8.519117339056287,0.1718515063699815,0.7071067811865476,-0.7071067811865475,21.749525950672087
TXN183941780,58.34,P2M,BOB,ICICI,Delhi,2024-06-11T19:47:02,19,1,0,14.73582909406732,2,0,0,0,0,4.083283614862676,0.5037585186636513,-0.9659258262890684,0.2588190451025203,10.894331637626928
TXN610547501,63.78,QR,BOB,SBI,Delhi,2024-05-07T08:33:16,8,1,0,43.55641156752163,1,0,0,0,0,4.170996913743183,0.5030160735672664,0.8660254037844387,-0.4999999999999998,19.92256462700865
TXN417470479,3862.54,QR,Axis,Kotak,Jaipur,2024-10-31T16:35:06,16,3,0,39.442209942536195,3,0,0,0,0,8.259339140626631,0.015434429069298875,-0.8660254037844384,-0.5000000000000004,23.276883977014478
TXN508339639,153.68,Auto-Pay,Kotak,Kotak,Mumbai,2024-03-21T11:41:48,11,3,0,22.35241082080305,2,0,0,0,0,5.041358466739096,0.4907466224339947,0.258819045102521,-0.9659258262890682,13.94096432832122
TXN916584543,614.74,P2P,PNB,SBI,Ahmedabad,2024-03-14T13:03:03,13,3,0,31.07729624868712,1,0,0,0,0,6.422824796511484,0.4278216709378183,-0.2588190451025208,-0.9659258262890683,14.93091849947485
TXN946673373,530.61,P2P,HDFC,SBI,Delhi,2024-04-28T08:31:59,8,6,0,40.940452609483366,3,0,0,0,0,6.2759101377983555,0.43930363894496127,0.8660254037844387,-0.4999999999999998,23.87618104379335
TXN143447817,7820.72,P2P,ICICI,Axis,Kolkata,2024-10-06T18:06:08,18,6,0,39.09634249498374,3,0,0,0,0,8.96465975820326,0.5556423944385247,-1.0,-1.8369701987210297e-16,23.138536997993498
TXN252243613,540.1,QR,Kotak,SBI,Pune,2024-11-15T18:05:01,18,4,0,36.870915620202254,3,0,0,0,0,6.29360410464869,0.43800845439262814,-1.0,-1.8369701987210297e-16,22.248366248080902
TXN875598492,385.55,P2M,Kotak,ICICI,Hyderabad,2024-08-22T15:37:10,15,3,0,13.78271227832359,3,0,0,0,0,5.957261225766484,0.45910126498937054,-0.7071067811865471,-0.7071067811865479,13.013084911329436
TXN567693224,2647.3,P2P,ICICI,Axis,Ahmedabad,2024-04-17T08:16:47,8,2,0,34.9102982011117,2,0,0,0,0,7.8816732036910855,0.15042016264590805,0.8660254037844387,-0.4999999999999998,18.96411928044468
TXN908044717,1128.46,P2P,Kotak,ICICI,Mumbai,2024-03-25T16:12:09,16,0,0,21.656344818953563,1,0,0,0,0,7.029494921381016,0.35770974172553427,-0.8660254037844384,-0.5000000000000004,11.162537927581425
TXN777765651,50.0,P2M,HDFC,Axis,Mumbai,2024-04-02T08:21:01,8,1,0,14.746272395946834,3,0,0,0,0,3.9318256327243257,0.5048967525062706,0.8660254037844387,-0.4999999999999998,13.398508958378734
TXN788960382,1443.2,Collect,ICICI,Axis,Jaipur,2024-05-26T19:23:04,19,6,0,24.80045405055482,1,0,0,0,0,7.2753108140170815,0.3147543796600622,-0.9659258262890684,0.2588190451025203,12.420181620221928
TXN284002298,4626.01,Auto-Pay,SBI,SBI,Delhi,2024-11-20T10:18:27,10,2,0,28.21821867745301,3,1,0,0,0,8.439666150132242,0.11963195806506029,0.49999999999999994,-0.8660254037844387,38.787287470981205
TXN870117091,1256.36,P2P,ICICI,Kotak,Delhi,2024-08-15T09:24:44,9,3,0,10.689492976830405,1,0,0,0,0,7.136769563768074,0.34025409322780953,0.7071067811865476,-0.7071067811865475,6.775797190732162
TXN190614884,397.31,QR,BOB,HDFC,Mumbai,2024-11-21T10:15:30,10,3,0,38.150246059415664,2,0,0,0,0,5.9872305965759205,0.4574962733839504,0.49999999999999994,-0.8660254037844387,20.260098423766266
TXN274798652,8854.78,P2P,SBI,PNB,Jaipur,2024-09-07T19:54:56,19,5,0,10.434141269706018,1,0,0,0,0,9.088825632164822,0.6967697430355319,-0.9659258262890684,0.2588190451025203,6.6736565078824075
TXN967807797,869.1,P2P,HDFC,HDFC,Lucknow,2024-10-05T14:32:28,14,5,0,15.784093512386956,2,0,0,0,0,6.768608147571979,0.39310690352670613,-0.4999999999999997,-0.8660254037844388,11.313637404954783
TXN457824408,3498.73,QR,PNB,Axis,Hyderabad,2024-08-14T10:12:16,10,2,0,41.11961743226956,3,0,0,0,0,8.160441101644698,0.034217951540218124,0.49999999999999994,-0.8660254037844387,23.947846972907822
TXN928801170,358.72,P2P,PNB,Kotak,Jaipur,2024-08-31T12:01:46,12,5,0,35.10644595951457,2,0,0,0,0,5.8853259510463145,0.46276299328643045,1.2246467991473532e-16,-1.0,19.042578383805832
TXN457912108,9611.52,QR,PNB,BOB,Hyderabad,2024-12-23T15:58:28,15,0,0,39.77724716164312,1,0,0,0,0,9.170821694435922,0.800048769182273,-0.7071067811865471,-0.7071067811865479,18.41089886465725
TXN755409388,51.76,P2M,PNB,Axis,Lucknow,2024-01-09T19:33:18,19,1,0,17.61056454219622,1,0,0,0,0,3.965753327849114,0.5046565496809696,-0.9659258262890684,0.2588190451025203,9.544225816878487
TXN330957775,163.95,Auto-Pay,SBI,HDFC,Delhi,2024-08-11T11:34:31,11,6,0,21.01743355344837,1,0,0,0,0,5.105642397674591,0.4893449843568123,0.258819045102521,-0.9659258262890682,10.906973421379348
TXN747801108,207.5,QR,BOB,Kotak,Lucknow,2024-09-26T09:26:32,9,3,0,25.30018367657621,3,0,0,0,0,5.339939041238856,0.4834013292193931,0.7071067811865476,-0.7071067811865475,17.620073470630487
TXN205103276,470.87,P2P,Axis,BOB,Ahmedabad,2024-02-14T13:14:27,13,2,0,36.34922794499722,3,0,0,0,0,6.156703523920661,0.44745688711739345,-0.2588190451025208,-0.9659258262890683,22.03969117799889
TXN374610699,458.77,P2P,Kotak,Axis,Jaipur,2024-09-25T09:21:44,9,2,0,44.62213775478908,2,0,0,0,0,6.1307263644414585,0.4491082815413377,0.7071067811865476,-0.7071067811865475,22.848855101915632
TXN317039467,106.36,P2M,ICICI,SBI,Bangalore,2024-01-26T14:46:44,14,4,0,34.50755377909209,2,0,0,0,0,4.676187673223372,0.4972048029415188,-0.4999999999999997,-0.8660254037844388,18.803021511636835
TXN277935282,5010.86,QR,PNB,BOB,Hyderabad,2024-03-15T10:27:05,10,4,0,12.604072020497176,3,1,0,0,0,8.519562382664933,0.17215585426794805,0.49999999999999994,-0.8660254037844387,32.54162880819887
TXN557722013,125.1,P2P,BOB,PNB,Hyderabad,2024-02-28T09:23:09,9,2,0,29.683637958691335,3,0,0,0,0,4.837075242970874,0.4946471887675754,0.7071067811865476,-0.7071067811865475,19.373455183476537
TXN780902141,656.52,P2M,Axis,Axis,Hyderabad,2024-11-24T09:01:05,9,6,0,44.23401609959619,2,0,0,0,0,6.488475181840244,0.4221195834144803,0.7071067811865476,-0.7071067811865475,22.693606439838476
TXN390909534,78.9,P2P,Axis,Kotak,Kolkata,2024-04-27T20:03:25,20,5,0,38.022756904112825,3,0,0,0,0,4.380775852772229,0.5009525129317262,-0.8660254037844386,0.5000000000000001,22.70910276164513
TXN863943837,239.09,QR,BOB,ICICI,Chennai,2024-07-17T10:10:48,10,2,0,33.32675418825825,3,0,0,0,0,5.481013853047065,0.4790899614629965,0.49999999999999994,-0.8660254037844387,20.830701675303303
TXN697513065,819.87,QR,BOB,SBI,Chennai,2024-08-09T18:39:36,18,4,0,41.523312943802,1,0,0,0,0,6.710364753431219,0.399825758691233,-1.0,-1.8369701987210297e-16,19.109325177520798
TXN947806554,225.62,P2M,Kotak,PNB,Mumbai,2024-10-08T13:09:16,13,1,0,24.480655746994465,3,0,0,0,0,5.423274605952421,0.4809283319498171,-0.2588190451025208,-0.9659258262890683,17.292262298797787
TXN424284367,73.05,P2M,ICICI,Axis,Delhi,2024-02-15T10:27:25,10,3,0,28.680389478500555,1,0,0,0,0,4.304740540713808,0.5017509143680958,0.49999999999999994,-0.8660254037844387,13.972155791400223
TXN731064618,3168.92,P2P,ICICI,BOB,Delhi,2024-12-15T12:36:56,12,6,0,22.45253182640944,2,0,0,0,0,8.061461629959819,0.0792300502973298,1.2246467991473532e-16,-1.0,13.981012730563776
TXN310664461,212.49,P2M,ICICI,Kotak,Delhi,2024-03-23T09:42:22,9,5,0,11.844980435322242,1,0,0,0,0,5.363589993164233,0.4827202996181136,0.7071067811865476,-0.7071067811865475,7.237992174128897
TXN233442649,50.0,QR,BOB,BOB,Ahmedabad,2024-04-24T09:16:47,9,2,0,30.50178353482288,3,0,0,0,0,3.9318256327243257,0.5048967525062706,0.7071067811865476,-0.7071067811865475,19.70071341392915
TXN970585173,60.16,Auto-Pay,HDFC,PNB,Bangalore,2024-07-18T19:31:24,19,3,0,37.92437321725476,3,0,0,0,0,4.113493381060861,0.5035101271056696,-0.9659258262890684,0.2588190451025203,22.669749286901904
TXN717353900,3686.51,P2M,BOB,Axis,Mumbai,2024-03-31T17:36:02,17,6,0,12.411814748055628,2,0,0,0,0,8.212706712508805,0.008589947827139555,-0.9659258262890683,-0.25881904510252063,9.964725899222252
TXN919705150,143.65,P2P,Axis,Axis,Kolkata,2024-11-15T10:22:50,10,4,0,26.250815588279796,2,0,0,0,0,4.974317031422144,0.49211550558045425,0.49999999999999994,-0.8660254037844387,15.500326235311919
TXN467757389,4636.97,P2M,ICICI,HDFC,Mumbai,2024-10-10T20:33:31,20,3,0,30.86768305994345,3,0,0,1,0,8.442032049489253,0.12112776656807095,-0.8660254037844386,0.5000000000000001,29.847073223977382
TXN295803315,4264.14,QR,SBI,ICICI,Bangalore,2024-07-03T17:51:19,17,2,0,29.996022775994696,3,0,0,0,0,8.358230284709432,0.07024434647888643,-0.9659258262890683,-0.25881904510252063,19.49840911039788
TXN728040442,501.61,P2M,BOB,Kotak,Mumbai,2024-12-01T09:20:54,9,6,0,38.99748992504942,3,1,0,0,0,6.21981452144956,0.443261526407307,0.7071067811865476,-0.7071067811865475,43.09899597001977
TXN187858242,4884.94,P2P,Kotak,SBI,Delhi,2024-01-23T09:00:34,9,1,0,11.23111210360588,1,0,0,0,0,8.49411697175866,0.15497043394868693,0.7071067811865476,-0.7071067811865475,6.992444841442352
TXN343637932,3231.31,P2P,PNB,HDFC,Bangalore,2024-12-22T18:02:55,18,6,0,12.313943051811531,2,0,0,0,0,8.08095233088294,0.07071513309816606,-1.0,-1.8369701987210297e-16,9.925577220724612
TXN365039155,151.82,P2M,PNB,BOB,Jaipur,2024-12-11T14:00:34,14,2,0,38.22033066676221,2,0,0,0,0,5.02926075821942,0.4910004731470968,-0.4999999999999997,-0.8660254037844388,20.288132266704885
TXN804442894,6666.39,P2P,PNB,ICICI,Pune,2024-06-04T20:35:10,20,1,0,24.752590586667143,3,0,0,0,0,8.804983757982319,0.3981007311830238,-0.8660254037844386,0.5000000000000001,17.401036234666858
TXN214621615,2947.33,QR,PNB,HDFC,Kolkata,2024-03-02T18:47:46,18,5,0,11.036450174969355,1,0,0,0,0,7.988994187342887,0.10947240487599141,-1.0,-1.8369701987210297e-16,6.914580069987742
TXN253292403,95.24,QR,Kotak,HDFC,Pune,2024-02-09T17:12:21,17,4,0,27.051712135095514,3,0,0,0,0,4.566845071666424,0.49872244806501137,-0.9659258262890683,-0.25881904510252063,18.320684854038205
TXN288022101,6448.6,Auto-Pay,HDFC,Kotak,Mumbai,2024-09-29T14:24:53,14,6,0,40.40061995463506,3,0,0,0,0,8.7717733923629,0.3683769963408075,-0.4999999999999997,-0.8660254037844388,23.660247981854024
TXN287482270,8325.84,P2P,ICICI,BOB,Kolkata,2024-01-27T14:42:05,14,5,0,43.09826672004522,1,0,0,0,0,9.027239311448119,0.6245806052999062,-0.4999999999999997,-0.8660254037844388,19.739306688018086
TXN846218705,30000.0,P2M,PNB,SBI,Hyderabad,2024-12-09T04:51:24,4,0,1,94.50093188574235,9,1,1,0,1,10.308985993422082,3.5826456439507655,0.8660254037844386,0.5000000000000001,95.30037275429694
TXN168982221,160.13,P2P,Axis,HDFC,Jaipur,2024-06-22T17:47:32,17,5,0,42.31230424490329,2,0,0,0,0,5.082211492585477,0.4898663336708178,-0.9659258262890683,-0.25881904510252063,21.924921697961317
TXN663863970,226.26,P2P,BOB,ICICI,Hyderabad,2024-04-03T20:13:01,20,2,0,15.36850830383801,1,0,0,0,0,5.426094736489863,0.4808409854678895,-0.8660254037844386,0.5000000000000001,8.647403321535204
TXN264379971,5068.45,P2M,PNB,Kotak,Pune,2024-08-08T19:26:37,19,3,0,38.3869527294818,3,0,0,0,0,8.530987609438384,0.1800156728526546,-0.9659258262890684,0.2588190451025203,22.85478109179272
TXN632915276,50.0,P2P,Axis,ICICI,Ahmedabad,2024-10-26T17:10:20,17,5,0,34.25689952113802,1,0,0,0,0,3.9318256327243257,0.5048967525062706,-0.9659258262890683,-0.25881904510252063,16.202759808455205
TXN746964083,30000.0,Collect,Axis,SBI,Kolkata,2024-05-19T00:29:11,0,6,1,76.69619271295372,13,0,1,1,1,10.308985993422082,3.5826456439507655,0.0,1.0,88.17847708518148
TXN527285620,16295.08,P2P,HDFC,PNB,Lucknow,2024-05-11T18:21:02,18,5,0,37.93774135558047,2,0,0,0,0,9.698679867074759,1.712213539107628,-1.0,-1.8369701987210297e-16,20.17509654223219
TXN979239696,126.68,Auto-Pay,HDFC,Axis,Lucknow,2024-07-01T16:42:18,16,0,0,10.690401126211142,2,0,0,0,0,4.849527133701499,0.4944315521403166,-0.8660254037844384,-0.5000000000000004,9.276160450484458
TXN270739001,346.93,P2M,Kotak,BOB,Kolkata,2024-08-19T08:42:10,8,0,0,28.055874141538485,1,0,0,0,0,5.852001310115928,0.46437207925819096,0.8660254037844387,-0.4999999999999998,13.722349656615394
TXN491939117,582.15,P2P,Axis,HDFC,Hyderabad,2024-06-13T12:36:39,12,3,0,36.123387714725325,3,0,0,0,0,6.368444443137059,0.43226951757222687,1.2246467991473532e-16,-1.0,21.949355085890133
TXN424022705,675.67,P2M,BOB,SBI,Bangalore,2024-12-11T08:14:36,8,2,0,25.38492063197382,3,0,0,0,0,6.517183709463964,0.419506012900552,0.8660254037844387,-0.4999999999999998,17.65396825278953
TXN170106383,389.36,P2P,Axis,ICICI,Bangalore,2024-02-24T14:50:54,14,5,0,44.196478278188835,1,0,0,0,0,5.96706939027326,0.45858128046414515,-0.4999999999999997,-0.8660254037844388,20.178591311275536
TXN943193052,50.0,P2M,ICICI,PNB,Jaipur,2024-12-05T11:36:38,11,3,0,31.261863610715388,3,0,0,0,0,3.9318256327243257,0.5048967525062706,0.258819045102521,-0.9659258262890682,20.004745444286158
TXN239739335,9689.13,QR,HDFC,Kotak,Pune,2024-06-16T19:45:20,19,6,0,23.10698434216672,3,0,0,0,0,9.178863120687492,0.810640894904778,-0.9659258262890684,0.2588190451025203,16.742793736866687
TXN358531434,134.56,P2P,HDFC,BOB,Hyderabad,2024-05-29T18:47:15,18,2,0,27.71305174724856,2,0,0,0,0,4.909414346738851,0.49335609858158264,-1.0,-1.8369701987210297e-16,16.085220698899427
TXN823564895,6359.14,P2P,Kotak,SBI,Mumbai,2024-10-06T12:27:57,12,6,0,27.811574962669713,3,0,0,0,0,8.75780566867051,0.35616759591386105,1.2246467991473532e-16,-1.0,18.624629985067884
TXN751614935,422.84,P2P,Kotak,HDFC,Lucknow,2024-04-18T16:11:09,16,3,0,38.9684897449218,2,0,0,0,0,6.0493560255237595,0.454011967628306,-0.8660254037844384,-0.5000000000000004,20.58739589796872
TXN723363098,754.4,P2P,Axis,ICICI,Delhi,2024-01-10T16:36:04,16,2,0,35.399359526306746,1,0,0,0,0,6.627247410278357,0.40876103083467347,-0.8660254037844384,-0.5000000000000004,16.6597438105227
TXN263502850,30000.0,QR,BOB,Kotak,Jaipur,2024-12-18T00:51:57,0,2,1,83.71228637365739,16,1,1,0,1,10.308985993422082,3.5826456439507655,0.0,1.0,108.48491454946296
TXN607195375,50.0,P2P,Axis,ICICI,Ahmedabad,2024-12-06T16:31:52,16,4,0,23.217448404170895,1,1,0,0,0,3.9318256327243257,0.5048967525062706,-0.8660254037844384,-0.5000000000000004,31.786979361668358
TXN628546002,294.96,Auto-Pay,SBI,HDFC,Lucknow,2024-08-13T13:41:52,13,1,0,30.43636716822114,1,0,0,0,0,5.69022431005735,0.47146488654847046,-0.2588190451025208,-0.9659258262890683,14.674546867288456
TXN880969041,10000.0,P2P,HDFC,ICICI,Hyderabad,2024-09-25T03:20:41,3,2,1,84.48374818687903,12,0,1,0,1,9.210440366976517,0.853068083712344,0.7071067811865476,0.7071067811865476,78.79349927475161
TXN477343489,1692.41,P2P,SBI,HDFC,Pune,2024-05-07T08:30:18,8,1,0,20.473284412045608,1,0,0,0,0,7.43449952647006,0.2807424784707113,0.8660254037844387,-0.4999999999999998,10.689313764818243
TXN106719969,172.67,P2P,ICICI,Kotak,Pune,2024-04-06T16:08:14,16,5,0,16.16463053191929,3,0,0,0,0,5.157156946759023,0.4881548885405483,-0.8660254037844384,-0.5000000000000004,13.965852212767716
TXN309376004,182.5,P2P,ICICI,Axis,Kolkata,2024-10-01T18:04:28,18,1,0,29.921117691874233,1,0,0,0,0,5.212214667494625,0.4868133011696911,-1.0,-1.8369701987210297e-16,14.468447076749694
TXN321784058,50.64,QR,BOB,HDFC,Chennai,2024-02-25T12:29:44,12,6,0,24.544480942576236,1,0,0,1,0,3.944296565978442,0.5048094060243431,1.2246467991473532e-16,-1.0,22.317792377030493
TXN812966905,24348.81,QR,PNB,Axis,Hyderabad,2024-08-08T17:23:00,17,3,0,11.076352917840072,2,0,0,0,0,10.10027932560555,2.8113775733185773,-0.9659258262890683,-0.25881904510252063,9.43054116713603
TXN644914644,1292.86,QR,ICICI,HDFC,Chennai,2024-11-21T18:40:46,18,3,0,31.79013892414736,3,0,0,0,0,7.16538527755392,0.33527261418037446,-1.0,-1.8369701987210297e-16,20.216055569658945
TXN854348454,210.24,P2P,SBI,SBI,Jaipur,2024-12-17T16:13:50,16,1,0,20.81835611269642,3,0,0,0,0,5.352994927838733,0.4830273770936404,-0.8660254037844384,-0.5000000000000004,15.82734244507857
TXN851842261,7420.31,QR,Kotak,PNB,Mumbai,2024-08-13T18:56:25,18,1,0,34.45022750538078,3,0,0,0,0,8.912110870443563,0.5009948868937714,-1.0,-1.8369701987210297e-16,21.28009100215231
TXN107719631,889.53,P2P,PNB,PNB,Bangalore,2024-03-07T14:22:31,14,3,0,14.015805544146316,1,0,0,0,0,6.791816791101056,0.3903186400489225,-0.4999999999999997,-0.8660254037844388,8.106322217658526
TXN899902303,10541.94,P2P,ICICI,PNB,Mumbai,2024-10-20T15:21:22,15,6,0,41.00101874338394,1,0,0,0,0,9.263211720580959,0.9270314468621246,-0.7071067811865471,-0.7071067811865479,18.900407497353577
TXN783137645,7489.41,Auto-Pay,PNB,ICICI,Pune,2024-01-20T09:52:18,9,5,0,19.252404789847425,3,0,0,0,0,8.921378814665976,0.510425577364395,0.7071067811865476,-0.7071067811865475,15.20096191593897
TXN236361691,713.06,Auto-Pay,BOB,Axis,Pune,2024-09-18T16:52:11,16,2,0,24.973393207224156,2,0,0,0,0,6.570966992422403,0.4144030676516863,-0.8660254037844384,-0.5000000000000004,14.989357282889664
TXN533463450,402.51,Collect,PNB,BOB,Hyderabad,2024-11-13T10:29:54,10,2,0,14.740616845013989,3,0,0,0,0,6.000201270550366,0.4567865832182884,0.49999999999999994,-0.8660254037844387,13.396246738005596
TXN571430464,253.6,P2M,PNB,PNB,Chennai,2024-08-24T13:45:06,13,5,0,28.751592983147614,3,0,0,0,0,5.539693686123306,0.4771096529430436,-0.2588190451025208,-0.9659258262890683,19.000637193259045
TXN970980826,384.93,P2P,Kotak,PNB,Hyderabad,2024-11-05T09:18:16,9,1,0,36.32542122901831,2,0,0,0,0,5.955656005869189,0.459185881893738,0.7071067811865476,-0.7071067811865475,19.530168491607327
TXN813469911,19850.92,P2P,PNB,Kotak,Ahmedabad,2024-06-20T08:16:44,8,3,0,19.80867705640423,3,0,0,0,0,9.896056006878538,2.197510592697537,0.8660254037844387,-0.4999999999999998,15.423470822561692
TXN152523933,50.0,P2M,Kotak,Kotak,Lucknow,2024-02-14T14:41:17,14,2,0,10.555388657803604,2,1,0,0,0,3.9318256327243257,0.5048967525062706,-0.4999999999999997,-0.8660254037844388,29.222155463121442
TXN843184712,658.57,QR,SBI,Axis,Bangalore,2024-04-17T16:36:23,16,2,0,16.401282031521973,3,0,0,0,0,6.491588107540731,0.4218398017145559,-0.8660254037844384,-0.5000000000000004,14.060512812608788
TXN734415335,50.0,QR,SBI,BOB,Jaipur,2024-11-14T08:46:56,8,3,0,40.34610595718394,1,0,0,0,0,3.9318256327243257,0.5048967525062706,0.8660254037844387,-0.4999999999999998,18.638442382873574
TXN972972947,259.31,Auto-Pay,Axis,HDFC,Bangalore,2024-12-07T12:25:43,12,5,0,31.429283005545667,3,0,0,0,0,5.561873228473508,0.4763303585495955,1.2246467991473532e-16,-1.0,20.07171320221827
TXN833098347,6045.79,Collect,HDFC,Axis,Hyderabad,2024-07-04T08:32:46,8,3,0,26.071052958495518,2,0,0,1,0,8.707282831705903,0.31340193948882555,0.8660254037844387,-0.4999999999999998,25.428421183398207
TXN933534330,83.71,QR,Axis,ICICI,Lucknow,2024-11-17T08:39:37,8,6,0,20.441821025562454,1,0,0,0,0,4.4392336584434595,0.5002960495284888,0.8660254037844387,-0.4999999999999998,10.676728410224982
TXN625745541,50.0,QR,Kotak,BOB,Bangalore,2024-06-15T20:43:35,20,5,0,38.40455417551708,2,0,0,0,0,3.9318256327243257,0.5048967525062706,-0.8660254037844386,0.5000000000000001,20.36182167020683
TXN252434536,402.59,P2M,PNB,ICICI,Pune,2024-06-05T12:39:09,12,2,0,14.091609979801694,2,0,0,0,0,6.000399511165561,0.4567756649080474,1.2246467991473532e-16,-1.0,10.636643991920678
TXN403580388,6048.29,QR,Kotak,PNB,Hyderabad,2024-01-29T18:47:44,18,0,0,13.66900363424209,2,0,0,0,0,8.707696188766306,0.31374313668385534,-1.0,-1.8369701987210297e-16,10.467601453696837
TXN242970052,1237.89,P2P,Axis,HDFC,Lucknow,2024-12-28T13:26:23,13,5,0,10.20439705068993,1,0,0,0,0,7.12197109641263,0.3427748581046898,-0.2588190451025208,-0.9659258262890683,6.581758820275972
TXN352483222,111.35,P2P,Kotak,Kotak,Jaipur,2024-06-15T20:03:09,20,5,0,12.086778301307742,1,0,0,0,0,4.721618998631338,0.49652377334023934,-0.8660254037844386,0.5000000000000001,7.334711320523097
TXN564118920,15000.0,P2P,PNB,ICICI,Pune,2024-11-12T08:58:14,8,1,0,65.40914012522458,7,0,1,0,1,9.61587214452889,1.5354624737719493,0.8660254037844387,-0.4999999999999998,43.663656050089834
TXN739961748,1268.15,P2P,Kotak,SBI,Lucknow,2024-04-19T11:53:22,11,4,0,38.099870700930396,1,0,0,0,0,7.14610266403862,0.338645007256049,0.258819045102521,-0.9659258262890682,17.73994828037216
TXN742893343,71.6,Auto-Pay,HDFC,Axis,Delhi,2024-05-10T20:05:20,20,4,0,30.462647069041342,2,0,0,0,0,4.28496492183075,0.5019488087412132,-0.8660254037844386,0.5000000000000001,17.185058827616537
TXN433632082,50.0,QR,ICICI,Kotak,Bangalore,2024-02-12T16:57:58,16,0,0,25.025113260533317,2,0,0,0,0,3.9318256327243257,0.5048967525062706,-0.8660254037844384,-0.5000000000000004,15.010045304213328
TXN487180898,909.14,P2M,ICICI,ICICI,Bangalore,2024-06-12T13:47:37,13,2,0,25.154997427548043,1,0,0,0,0,6.813598433831636,0.38764228925110883,-0.2588190451025208,-0.9659258262890683,12.561998971019218
TXN205024091,35000.0,QR,PNB,HDFC,Lucknow,2024-03-20T13:16:00,13,2,0,69.56341158304855,6,1,1,0,1,10.463131911491967,4.2650400340103705,-0.2588190451025208,-0.9659258262890683,62.82536463321942
TXN954888769,2823.57,P2M,Axis,Axis,Hyderabad,2024-04-28T13:41:09,13,6,0,31.9291212611694,3,0,0,1,0,7.946111419605679,0.12636303081874672,-0.2588190451025208,-0.9659258262890683,30.271648504467763
TXN928153278,8545.01,P2M,SBI,BOB,Jaipur,2024-06-23T10:29:55,10,6,0,13.876399987461502,1,1,0,0,0,9.053219786341362,0.654492680993779,0.49999999999999994,-0.8660254037844387,28.050559994984603
TXN568601872,253.14,P2M,ICICI,ICICI,Pune,2024-05-25T15:48:04,15,5,0,36.7286998369367,2,0,0,0,0,5.5378852962763885,0.47717243322692904,-0.7071067811865471,-0.7071067811865479,19.69147993477468
TXN634119041,2639.38,QR,PNB,PNB,Hyderabad,2024-07-21T16:29:56,16,6,0,24.824710503734163,3,0,0,0,0,7.8786781251760205,0.15150107535976248,-0.8660254037844384,-0.5000000000000004,17.429884201493664
TXN178680980,78.37,P2M,BOB,SBI,Bangalore,2024-06-06T14:54:20,14,3,0,34.32637817740914,3,0,0,0,0,4.374120463102784,0.5010248467370725,-0.4999999999999997,-0.8660254037844388,21.23055127096366
TXN671088966,535.73,P2P,PNB,HDFC,Lucknow,2024-06-27T10:06:11,10,3,0,30.45229959437395,1,0,0,0,0,6.285495174769841,0.4386048670895403,0.49999999999999994,-0.8660254037844387,14.680919837749581
TXN430120103,50.0,P2P,HDFC,HDFC,Kolkata,2024-07-06T20:44:31,20,5,0,11.757910401239082,2,0,0,0,0,3.9318256327243257,0.5048967525062706,-0.8660254037844386,0.5000000000000001,9.703164160495632
TXN363178572,4588.33,QR,BOB,SBI,Jaipur,2024-04-28T13:44:37,13,6,0,36.10708081643936,1,0,0,0,0,8.431489322901095,0.11448943394157106,-0.2588190451025208,-0.9659258262890683,16.942832326575743
TXN923994386,113.79,P2M,HDFC,BOB,Pune,2024-05-06T11:55:19,11,0,0,31.071105864945796,2,0,0,1,0,4.743104372077405,0.4961907648778902,0.258819045102521,-0.9659258262890682,27.42844234597832
TXN917746445,50.0,P2M,SBI,BOB,Pune,2024-11-15T14:56:16,14,4,0,41.248582351318106,1,0,0,0,0,3.9318256327243257,0.5048967525062706,-0.4999999999999997,-0.8660254037844388,18.999432940527242
TXN146936962,25000.0,QR,HDFC,SBI,Delhi,2024-11-14T06:37:32,6,3,0,71.51025409881255,13,0,1,1,1,10.12667110305036,2.90025125389116,1.0,6.123233995736766e-17,71.10410163952503
TXN694399517,1121.25,P2P,Kotak,SBI,Ahmedabad,2024-11-16T08:59:47,8,5,0,43.38914999281899,2,0,0,0,0,7.0230908776620415,0.3586937544360002,0.8660254037844387,-0.4999999999999998,22.3556599971276
TXN959946239,86.28,Auto-Pay,Axis,SBI,Mumbai,2024-10-09T10:49:57,10,2,0,43.19263494599716,2,0,0,0,0,4.469121341524815,0.4999452988119982,0.49999999999999994,-0.8660254037844387,22.277053978398865
TXN812233751,193.86,P2P,ICICI,ICICI,Mumbai,2024-10-06T10:08:41,10,6,0,35.00285834609522,2,0,0,0,0,5.272281351997195,0.4852629011154757,0.49999999999999994,-0.8660254037844387,19.00114333843809
TXN606611784,232.43,P2M,ICICI,SBI,Pune,2024-02-23T09:03:54,9,4,0,40.77434217219884,1,0,0,0,0,5.452882246296949,0.47999891079055595,0.7071067811865476,-0.7071067811865475,18.809736868879536
TXN911994034,62.25,Auto-Pay,ICICI,PNB,Hyderabad,2024-09-14T20:03:00,20,5,0,34.53988580461158,1,0,0,0,0,4.1470951276076295,0.5032248862506247,-0.8660254037844386,0.5000000000000001,16.315954321844632
TXN980988304,50000.0,QR,HDFC,ICICI,Bangalore,2024-02-19T06:36:25,6,0,0,84.70085279162721,17,1,1,1,1,10.819798284210286,6.312223204189186,1.0,6.123233995736766e-17,106.3803411166509
TXN706936103,1332.75,P2M,ICICI,Kotak,Mumbai,2024-02-12T09:12:45,9,0,0,23.185008033583344,3,0,0,0,0,7.195749802615963,0.32982847173647895,0.7071067811865476,-0.7071067811865475,16.77400321343334
TXN952383674,53.68,P2M,Axis,Kotak,Kolkata,2024-02-16T20:14:38,20,4,0,18.16427114064657,1,0,0,0,0,4.001498011855749,0.5043945102351868,-0.8660254037844386,0.5000000000000001,9.76570845625863
TXN716073193,8603.38,QR,BOB,SBI,Jaipur,2024-12-27T09:59:21,9,4,0,12.714621349761398,1,0,0,0,0,9.06002665491677,0.6624589531033347,0.7071067811865476,-0.7071067811865475,7.58584853990456
TXN293953591,190.92,QR,ICICI,PNB,Mumbai,2024-03-31T10:30:01,10,6,0,33.74014120020138,2,0,0,0,0,5.257078618531439,0.48566414901683075,0.49999999999999994,-0.8660254037844387,18.496056480080554
TXN621425335,242.02,P2P,Kotak,SBI,Pune,2024-02-06T20:51:47,20,1,0,31.453163492407093,3,0,0,0,0,5.493143744480466,0.4786900783504216,-0.8660254037844386,0.5000000000000001,20.081265396962838
TXN731661562,347.93,P2M,SBI,BOB,Kolkata,2024-01-16T12:39:35,12,1,0,24.96921258117114,3,0,0,0,0,5.8548713290190575,0.4642356003801791,1.2246467991473532e-16,-1.0,17.487685032468455
TXN456472597,1106.73,P2P,SBI,ICICI,Lucknow,2024-02-15T20:00:20,20,3,0,21.40424581957496,1,0,0,0,0,7.0100681553014015,0.3606754277447333,-0.8660254037844386,0.5000000000000001,11.061698327829985
TXN662666921,441.17,Collect,HDFC,ICICI,Lucknow,2024-12-18T10:37:10,10,2,0,32.96157744199112,1,0,0,0,0,6.091694423516777,0.4515103097943475,0.49999999999999994,-0.8660254037844387,15.684630976796448
TXN905490672,482.53,P2P,SBI,PNB,Pune,2024-07-27T16:25:12,16,5,0,18.858756842879433,1,0,0,0,0,6.181113360538282,0.4458655433997744,-0.8660254037844384,-0.5000000000000004,10.043502737151773
TXN292651855,472.56,QR,Axis,SBI,Lucknow,2024-04-01T15:03:42,15,0,0,35.37701250953029,2,0,0,0,0,6.160278620543435,0.4472262378135533,-0.7071067811865471,-0.7071067811865479,19.150805003812117
TXN507677227,626.19,P2P,PNB,Axis,Chennai,2024-12-02T19:56:25,19,0,0,32.051697042180734,2,0,0,0,0,6.441249525031542,0.4262589877845819,-0.9659258262890684,0.2588190451025203,17.820678816872295
TXN902770339,849.09,P2P,PNB,SBI,Kolkata,2024-09-17T09:02:09,9,1,0,21.321356715567383,2,0,0,0,0,6.745342226232163,0.3958378458757246,0.7071067811865476,-0.7071067811865475,13.528542686226954
TXN193656015,175.18,P2M,Kotak,BOB,Pune,2024-10-16T12:35:39,12,2,0,32.72434182980992,1,0,0,0,0,5.17150619968165,0.4878123265567384,1.2246467991473532e-16,-1.0,15.58973673192397
TXN353475909,2646.37,P2M,HDFC,BOB,Lucknow,2024-06-04T16:43:50,16,1,0,37.47322266079502,3,0,0,0,0,7.881321973342684,0.1505470880024592,-0.8660254037844384,-0.5000000000000004,22.489289064318008
TXN978603985,50.0,P2P,HDFC,HDFC,Jaipur,2024-03-04T13:51:57,13,0,0,31.063235688090653,1,0,0,0,0,3.9318256327243257,0.5048967525062706,-0.2588190451025208,-0.9659258262890683,14.925294275236261
TXN293129684,4935.97,P2M,PNB,Kotak,Bangalore,2024-02-26T15:18:41,15,0,0,12.199865278904372,3,0,0,0,0,8.504507061675685,0.16193495109363534,-0.7071067811865471,-0.7071067811865479,12.37994611156175
TXN666762467,293.13,Collect,BOB,SBI,Ahmedabad,2024-12-01T15:05:36,15,6,0,34.963856093794476,1,0,0,0,0,5.684021846478046,0.4717146428952323,-0.7071067811865471,-0.7071067811865479,16.485542437517793
TXN911175360,1735.3,P2M,HDFC,PNB,Mumbai,2024-03-28T08:49:38,8,3,0,20.164382274978628,2,0,0,0,0,7.459511691350092,0.2748888993927801,0.8660254037844387,-0.4999999999999998,13.065752909991451
TXN443806376,582.96,P2P,Kotak,HDFC,Kolkata,2024-05-05T18:09:09,18,6,0,28.070066279963026,3,0,0,0,0,6.369832487331779,0.43215896968103723,-1.0,-1.8369701987210297e-16,18.728026511985213
TXN363682538,4699.23,P2P,PNB,ICICI,Hyderabad,2024-09-12T20:03:41,20,3,0,16.520331882533632,3,0,0,0,0,8.455366722671027,0.12962494151309306,-0.8660254037844386,0.5000000000000001,14.108132753013454
TXN611426748,482.6,P2P,Kotak,BOB,Chennai,2024-01-23T14:41:57,14,1,0,21.979864506119803,1,0,0,0,0,6.1812581187406375,0.44585598987831365,-0.4999999999999997,-0.8660254037844388,11.291945802447922
TXN838504422,752.05,P2M,Kotak,HDFC,Bangalore,2024-01-01T13:53:30,13,0,0,10.985404901688396,1,0,0,1,0,6.624131626657857,0.4090817561980015,-0.2588190451025208,-0.9659258262890683,16.89416196067536
TXN528001313,548.21,P2P,SBI,SBI,Chennai,2024-05-29T19:48:12,19,2,0,39.71255799671965,3,0,0,0,0,6.308480882031033,0.4369016106919515,-0.9659258262890684,0.2588190451025203,23.38502319868786
TXN748298076,244.78,P2P,Axis,Axis,Hyderabad,2024-09-22T12:20:20,12,6,0,15.96814342786755,2,0,0,0,0,5.504436826856451,0.47831339664710865,1.2246467991473532e-16,-1.0,11.38725737114702
TXN444002121,439.03,Auto-Pay,PNB,PNB,Delhi,2024-09-30T16:02:47,16,0,0,13.620088645101081,3,1,0,0,0,6.086842906406214,0.451802374593293,-0.8660254037844384,-0.5000000000000004,32.94803545804044
TXN965712639,669.15,Auto-Pay,ICICI,PNB,Kolkata,2024-07-21T08:10:11,8,6,0,26.4098238356685,1,0,0,0,0,6.507501567924506,0.42039585518518974,0.8660254037844387,-0.4999999999999998,13.063929534267402
TXN572828104,2526.03,P2P,Axis,Axis,Jaipur,2024-11-02T11:30:50,11,5,0,17.74656587347919,2,1,0,0,0,7.83479997910245,0.16697095618241373,0.258819045102521,-0.9659258262890682,32.09862634939168
TXN486800518,473.26,QR,ICICI,BOB,Ahmedabad,2024-11-11T16:50:42,16,0,0,41.94161943713523,2,0,0,0,0,6.1617556945179635,0.447130702598945,-0.8660254037844384,-0.5000000000000004,21.776647774854094
TXN351714867,947.5,P2M,Kotak,BOB,Bangalore,2024-06-02T15:38:55,15,6,0,42.03862954676582,1,0,0,0,0,6.854881789375069,0.3824069594905715,-0.7071067811865471,-0.7071067811865479,19.31545181870633
TXN974338530,50.0,Collect,Axis,PNB,Lucknow,2024-12-12T16:58:31,16,3,0,28.48238283262276,2,0,0,1,0,3.9318256327243257,0.5048967525062706,-0.8660254037844384,-0.5000000000000004,26.392953133049105
TXN949214388,88.13,QR,BOB,PNB,Pune,2024-01-04T16:37:48,16,3,0,37.147666909057655,3,0,0,0,0,4.490095978142626,0.4996928128876761,-0.8660254037844384,-0.5000000000000004,22.359066763623062
TXN726636909,10968.56,P2M,SBI,BOB,Kolkata,2024-01-14T19:35:02,19,6,0,23.49573738719002,1,0,0,0,0,9.30287944307563,0.9852560657995703,-0.9659258262890684,0.2588190451025203,11.898294954876008
TXN944821415,25000.0,QR,Axis,Kotak,Ahmedabad,2024-12-14T00:24:50,0,5,1,78.06020391706325,10,1,1,1,1,10.12667110305036,2.90025125389116,0.0,1.0,101.2240815668253
TXN626005135,3111.55,QR,PNB,BOB,Pune,2024-08-18T13:27:29,13,6,0,28.90450807227191,3,0,0,0,0,8.043197604900962,0.08705984352887369,-0.2588190451025208,-0.9659258262890683,19.061803228908765
TXN495706521,128.72,P2P,SBI,HDFC,Chennai,2024-03-19T18:14:27,18,1,0,16.661794128326665,1,0,0,0,0,4.865378281439117,0.49415313522917226,-1.0,-1.8369701987210297e-16,9.164717651330665
TXN430308325,65.88,P2M,Kotak,PNB,Jaipur,2024-10-07T16:26:23,16,0,0,35.1590250370152,3,0,0,0,0,4.202899968776446,0.5027294679234413,-0.8660254037844384,-0.5000000000000004,21.56361001480608
TXN611743883,783.09,P2M,Axis,Axis,Ahmedabad,2024-02-11T09:47:17,9,6,0,33.23986061108627,2,0,0,0,0,6.664523809680228,0.4048454518245114,0.7071067811865476,-0.7071067811865475,18.29594424443451
TXN686569130,7832.1,P2M,PNB,SBI,Mumbai,2024-11-24T19:15:12,19,6,0,25.141871789595086,2,0,0,0,0,8.96611362378645,0.5571955240703004,-0.9659258262890684,0.2588190451025203,15.056748715838035
TXN560914779,158.75,P2P,Axis,Kotak,Jaipur,2024-11-21T13:31:00,13,3,0,20.13519486221928,3,0,0,0,0,5.073610093257644,0.49005467452247425,-0.2588190451025208,-0.9659258262890683,15.554077944887712
TXN338230911,234.04,P2M,Axis,HDFC,Lucknow,2024-03-27T12:59:25,12,2,0,40.263582250466385,2,1,0,0,0,5.459755712425567,0.4797791797969567,1.2246467991473532e-16,-1.0,41.10543290018656
TXN622207223,436.58,P2P,BOB,BOB,Lucknow,2024-04-25T12:33:28,12,3,0,14.832927981070316,1,0,0,0,0,6.081259546224197,0.45213674784442226,1.2246467991473532e-16,-1.0,8.433171192428127
TXN469281814,10380.26,P2M,Axis,Kotak,Delhi,2024-05-26T08:55:18,8,6,0,16.065301202479603,1,0,0,0,0,9.247757536636277,0.9049655418651572,0.8660254037844387,-0.4999999999999998,8.926120480991841
TXN133949700,2435.84,P2M,ICICI,Kotak,Lucknow,2024-04-04T14:57:58,14,3,0,20.393374883607542,2,1,0,0,0,7.798457396976627,0.17927998619030888,-0.4999999999999997,-0.8660254037844388,33.15734995344302
TXN253881495,900.73,P2P,Axis,ICICI,Pune,2024-08-05T17:57:16,17,0,0,25.975869111850493,1,0,0,0,0,6.804315140441487,0.38879007661518905,-0.9659258262890683,-0.25881904510252063,12.890347644740197
TXN632796914,1582.46,P2M,Kotak,HDFC,Pune,2024-01-30T19:54:16,19,1,0,18.094870857660283,2,0,0,0,0,7.367367605160748,0.2957483311081221,-0.9659258262890684,0.2588190451025203,12.237948343064113
TXN462199457,2064.71,P2P,BOB,Axis,Lucknow,2024-01-30T08:44:48,8,1,0,11.351276275892948,3,0,0,0,0,7.633229271966494,0.22993139218687317,0.8660254037844387,-0.4999999999999998,12.04051051035718
TXN112140010,75.82,P2P,PNB,ICICI,Mumbai,2024-04-02T13:19:11,13,1,0,40.824648811132974,1,0,0,0,0,4.341465022917759,0.5013728678760029,-0.2588190451025208,-0.9659258262890683,18.82985952445319
TXN565257012,364.98,QR,PNB,SBI,Chennai,2024-06-21T13:01:07,13,4,0,39.44140002948658,3,0,0,0,0,5.902578687099541,0.46190863551007577,-0.2588190451025208,-0.9659258262890683,23.276560011794633
TXN545426180,318.24,Auto-Pay,BOB,HDFC,Ahmedabad,2024-01-05T08:08:07,8,4,0,42.17465152129205,1,0,0,0,0,5.765943171007808,0.46828765826835295,0.8660254037844387,-0.4999999999999998,19.36986060851682
TXN502354798,446.86,QR,BOB,Kotak,Bangalore,2024-09-14T20:32:09,20,5,0,27.8109839310986,1,0,0,0,0,6.104480683576686,0.45073374497845964,-0.8660254037844386,0.5000000000000001,13.624393572439441
TXN761241674,50.0,P2M,Kotak,Axis,Chennai,2024-06-25T18:37:40,18,1,0,37.49693815007993,1,0,0,0,0,3.9318256327243257,0.5048967525062706,-1.0,-1.8369701987210297e-16,17.49877526003197
TXN856138670,1521.28,Collect,Axis,ICICI,Bangalore,2024-01-12T13:16:09,13,4,0,30.803855072999085,3,0,0,0,0,7.327964489964058,0.3040981088648914,-0.2588190451025208,-0.9659258262890683,19.821542029199634
TXN288676036,1697.57,P2P,HDFC,BOB,Delhi,2024-06-21T16:36:22,16,4,0,20.23415727461797,3,0,0,0,0,7.4375419995862675,0.28003824746016986,-0.8660254037844384,-0.5000000000000004,15.593662909847188
TXN939872192,1923.88,P2M,Axis,SBI,Lucknow,2024-03-21T16:22:35,16,3,0,18.5252809004088,2,0,0,0,0,7.562618907116474,0.24915171257729202,-0.8660254037844384,-0.5000000000000004,12.41011236016352
TXN393992460,9740.36,P2P,Axis,BOB,Bangalore,2024-01-20T13:05:58,13,5,0,37.07502356057521,3,0,0,0,0,9.18413601727931,0.8176327078253289,-0.2588190451025208,-0.9659258262890683,22.330009424230084
TXN929475637,292.29,P2M,Axis,HDFC,Delhi,2024-10-28T13:10:47,13,0,0,41.102473984278106,2,0,0,0,0,5.681161880618667,0.47182928515276235,-0.2588190451025208,-0.9659258262890683,21.440989593711244
TXN421211395,50.0,P2P,SBI,SBI,Pune,2024-07-13T15:26:39,15,5,0,11.58911485140424,3,0,0,0,0,3.9318256327243257,0.5048967525062706,-0.7071067811865471,-0.7071067811865479,12.135645940561696
TXN301265428,369.16,P2P,PNB,Kotak,Lucknow,2024-09-22T10:12:38,10,6,0,13.242414803394682,1,0,0,0,0,5.913935344598745,0.46133815379998594,0.49999999999999994,-0.8660254037844387,7.796965921357874
TXN588884509,1603.89,QR,BOB,ICICI,Jaipur,2024-12-15T18:06:56,18,6,0,21.316203631202427,2,0,0,0,0,7.380810497389884,0.29282358875232667,-1.0,-1.8369701987210297e-16,13.52648145248097
TXN256155268,8453.05,P2P,HDFC,SBI,Lucknow,2024-10-03T20:57:51,20,3,0,19.502456396365375,1,0,0,0,0,9.042400895469312,0.6419420833718026,-0.8660254037844386,0.5000000000000001,10.30098255854615
TXN608079689,241.56,P2P,SBI,PNB,Hyderabad,2024-05-15T18:22:47,18,2,0,38.298885752437386,2,0,0,0,0,5.491249102454007,0.4787528586343071,-1.0,-1.8369701987210297e-16,20.319554300974957
TXN630882244,19128.57,QR,PNB,Kotak,Hyderabad,2024-05-02T17:56:35,17,3,0,31.550411870581044,1,0,0,0,0,9.858990584398084,2.098925075165626,-0.9659258262890683,-0.25881904510252063,15.120164748232419
TXN354135125,50.0,QR,Axis,HDFC,Jaipur,2024-05-25T17:46:04,17,5,0,36.37390456703904,1,0,0,0,0,3.9318256327243257,0.5048967525062706,-0.9659258262890683,-0.25881904510252063,17.04956182681562
TXN590930588,3391.58,P2M,ICICI,BOB,Lucknow,2024-05-03T17:11:36,17,4,0,25.10365960665699,3,0,0,1,0,8.12934597286061,0.048841663319195476,-0.9659258262890683,-0.25881904510252063,27.541463842662797
TXN438658731,316.93,P2P,ICICI,PNB,Bangalore,2024-11-13T15:13:01,15,2,0,41.936678284479804,3,0,0,0,0,5.761831232762776,0.4684664455985486,-0.7071067811865471,-0.7071067811865479,24.274671313791924
TXN329883642,694.13,P2M,BOB,Kotak,Jaipur,2024-09-05T17:06:58,17,3,0,43.10192534875439,1,0,0,0,0,6.544098878432767,0.4169866128124519,-0.9659258262890683,-0.25881904510252063,19.74077013950176
TXN292404882,479.62,Auto-Pay,BOB,Axis,Hyderabad,2024-09-25T18:05:58,18,2,0,13.544281334559338,3,0,0,0,0,6.175076937084859,0.44626269693478915,-1.0,-1.8369701987210297e-16,12.917712533823735
TXN147434338,50000.0,QR,Axis,BOB,Mumbai,2024-12-23T20:04:00,20,0,0,89.39323766901835,5,1,1,0,1,10.819798284210286,6.312223204189186,-0.8660254037844386,0.5000000000000001,68.25729506760734
TXN279230843,86.5,P2M,PNB,ICICI,Delhi,2024-06-24T15:34:43,15,0,0,42.06293949534813,2,0,0,0,0,4.471638793363569,0.4999152734588356,-0.7071067811865471,-0.7071067811865479,21.825175798139252
TXN347418851,435.21,Auto-Pay,SBI,Axis,Lucknow,2024-08-23T08:56:53,8,4,0,29.76595145790322,2,0,0,0,0,6.078123778768389,0.4523237239072986,0.8660254037844387,-0.4999999999999998,16.906380583161287
TXN371782007,8622.07,P2P,HDFC,Kotak,Pune,2024-05-28T20:42:52,20,1,0,30.80197577907372,1,0,0,0,0,9.062196448743798,0.6650097433333776,-0.8660254037844386,0.5000000000000001,14.820790311629489
TXN638502906,2640.05,QR,ICICI,HDFC,Chennai,2024-07-13T19:23:42,19,5,0,19.91029095267112,1,0,0,0,0,7.878931844340563,0.15140963451149447,-0.9659258262890684,0.2588190451025203,10.464116381068447
TXN696779098,7246.66,P2M,HDFC,BOB,Delhi,2024-03-11T18:12:28,18,0,0,14.267078565797402,1,0,0,0,0,8.888433937130257,0.47729532972700117,-1.0,-1.8369701987210297e-16,8.20683142631896
TXN570593267,146.53,QR,HDFC,Axis,Ahmedabad,2024-06-27T12:34:57,12,3,0,16.77951024749957,2,0,0,0,0,4.994031544929475,0.4917224464117799,1.2246467991473532e-16,-1.0,11.711804098999828
TXN933380303,1335.89,QR,BOB,PNB,Lucknow,2024-01-21T10:15:32,10,6,0,26.960041785374816,1,0,0,0,0,7.1981012999700775,0.3293999280595215,0.49999999999999994,-0.8660254037844387,13.284016714149928
TXN771998563,655.05,P2P,HDFC,SBI,Kolkata,2024-03-12T12:33:46,12,1,0,12.56347979187498,3,0,0,1,0,6.486237005551724,0.42232020736515785,1.2246467991473532e-16,-1.0,22.525391916749992
TXN806388696,589.18,P2P,PNB,BOB,Kolkata,2024-04-05T19:43:08,19,4,0,25.773731664796912,2,0,0,0,0,6.38042757511664,0.43131007105980307,-0.9659258262890684,0.2588190451025203,15.309492665918766
TXN514977464,50.0,P2P,ICICI,HDFC,Mumbai,2024-12-06T19:54:50,19,4,0,23.194586275518624,1,0,0,0,0,3.9318256327243257,0.5048967525062706,-0.9659258262890684,0.2588190451025203,11.77783451020745
TXN189958253,30000.0,P2P,Axis,HDFC,Jaipur,2024-02-24T10:29:24,10,5,0,87.8647053815037,8,1,1,1,1,10.308985993422082,3.5826456439507655,0.49999999999999994,-0.8660254037844387,85.14588215260147
TXN487540037,630.23,P2P,PNB,ICICI,Hyderabad,2024-07-25T08:42:26,8,3,0,34.28582410479128,3,0,0,0,0,6.4476702969193305,0.42570761311741373,0.8660254037844387,-0.4999999999999998,21.214329641916514
TXN667365839,50.0,P2P,Kotak,ICICI,Hyderabad,2024-04-22T15:06:21,15,0,0,14.999355091208766,3,0,0,0,0,3.9318256327243257,0.5048967525062706,-0.7071067811865471,-0.7071067811865479,13.499742036483507
TXN204069779,153.84,P2M,SBI,Axis,Kolkata,2024-06-07T15:41:58,15,4,0,30.023768028527567,3,0,0,0,0,5.042392325709447,0.49072478581351275,-0.7071067811865471,-0.7071067811865479,19.509507211411027
TXN842268962,238.24,P2P,SBI,PNB,Hyderabad,2024-05-30T12:27:22,12,3,0,33.858010852416,3,0,0,0,0,5.477467232176356,0.47920596850930663,1.2246467991473532e-16,-1.0,21.0432043409664
TXN555280144,956.11,P2P,SBI,Kotak,Ahmedabad,2024-10-29T18:28:04,18,1,0,26.338824054256182,3,0,0,1,0,6.863918327376304,0.38123187635088884,-1.0,-1.8369701987210297e-16,28.035529621702473
TXN952231755,50.0,P2P,BOB,HDFC,Jaipur,2024-01-22T12:56:29,12,0,0,42.495386537451914,3,0,0,0,0,3.9318256327243257,0.5048967525062706,1.2246467991473532e-16,-1.0,24.498154614980766
TXN204034175,128.9,P2P,SBI,ICICI,Lucknow,2024-05-02T16:31:32,16,3,0,37.90994256341139,1,0,0,0,0,4.866764923676554,0.4941285690311301,-0.8660254037844384,-0.5000000000000004,17.66397702536456
TXN477951895,74.48,P2M,BOB,BOB,Jaipur,2024-02-08T14:10:35,14,3,0,24.24768727826431,2,0,0,0,0,4.32386772050035,0.5015557495725389,-0.4999999999999997,-0.8660254037844388,14.699074911305724
TXN216224947,1275.72,P2P,PNB,Kotak,Lucknow,2024-07-27T20:56:33,20,5,0,36.44497460848335,1,0,0,0,0,7.152049568090931,0.3376118621494988,-0.8660254037844386,0.5000000000000001,17.07798984339334
TXN769038123,1381.09,P2M,HDFC,HDFC,Ahmedabad,2024-06-30T11:32:37,11,6,0,15.458740672640346,1,0,0,0,0,7.2313521252173345,0.3232310827733827,0.258819045102521,-0.9659258262890682,8.683496269056139
TXN825445754,475.51,P2P,PNB,PNB,Bangalore,2024-03-22T18:16:09,18,4,0,20.116205088209135,1,0,0,0,0,6.166488709232913,0.44682362512341817,-1.0,-1.8369701987210297e-16,10.546482035283654
TXN509911516,999.77,P2M,Axis,HDFC,Jaipur,2024-08-31T15:22:10,15,5,0,31.41383828848583,2,1,0,1,0,6.908524982684227,0.3752732085368884,-0.7071067811865471,-0.7071067811865479,47.565535315394335
TXN166761774,4995.5,P2P,HDFC,Kotak,Delhi,2024-04-10T12:01:51,12,2,0,26.63192018099323,2,0,0,0,0,8.516492946301844,0.17005953870168497,1.2246467991473532e-16,-1.0,15.652768072397294
TXN762412718,3786.41,P2P,SBI,PNB,Ahmedabad,2024-05-07T19:00:16,19,1,0,21.2539641339255,2,0,0,0,0,8.239437687159057,0.00504429208625131,-0.9659258262890684,0.2588190451025203,13.501585653570201
TXN822778742,8933.37,P2P,ICICI,BOB,Chennai,2024-10-02T14:57:40,14,2,0,28.09912757999218,3,0,0,0,0,9.097660915874284,0.7074956180584888,-0.4999999999999997,-0.8660254037844388,18.73965103199687
TXN854489454,50.0,P2P,BOB,ICICI,Mumbai,2024-06-24T20:41:23,20,0,0,13.798284124603395,1,0,0,0,0,3.9318256327243257,0.5048967525062706,-0.8660254037844386,0.5000000000000001,8.019313649841358
TXN387712562,12151.28,Auto-Pay,ICICI,BOB,Jaipur,2024-10-16T13:42:11,13,2,0,44.11951461674447,2,0,0,0,0,9.405272085484812,1.1466723644018297,-0.2588190451025208,-0.9659258262890683,22.64780584669779
TXN984062210,71.12,P2P,ICICI,Axis,Ahmedabad,2024-01-03T13:30:42,13,2,0,21.53960629388483,1,0,0,0,0,4.2783313983351166,0.5020143186026589,-0.2588190451025208,-0.9659258262890683,11.115842517553933
TXN464357676,459.28,QR,ICICI,BOB,Hyderabad,2024-07-29T20:26:37,20,0,0,20.612051498449897,3,0,0,0,0,6.131834999955258,0.44903867731355157,-0.8660254037844386,0.5000000000000001,15.74482059937996
TXN876356307,479.39,Auto-Pay,HDFC,PNB,Lucknow,2024-08-02T20:35:10,20,4,0,44.64768179376696,2,0,0,0,0,6.174598274002495,0.4462940870767319,-0.8660254037844386,0.5000000000000001,22.859072717506784
TXN902269161,1005.03,P2M,BOB,Kotak,Delhi,2024-04-06T12:16:03,12,5,0,10.242350397259335,1,0,0,0,0,6.913767171288604,0.37455532963854565,1.2246467991473532e-16,-1.0,6.596940158903734
TXN972384443,179.26,P2P,PNB,ICICI,Chennai,2024-10-09T20:47:22,20,2,0,26.163648598860735,2,0,0,0,0,5.194400253128264,0.4872554927344498,-0.8660254037844386,0.5000000000000001,15.465459439544295
TXN400886764,1528.35,P2M,PNB,HDFC,Chennai,2024-10-04T12:18:08,12,4,0,18.58201910748579,2,0,0,0,0,7.332598087516538,0.30313320319734716,1.2246467991473532e-16,-1.0,12.432807642994316
TXN311478872,677.54,P2P,Kotak,BOB,Jaipur,2024-06-21T08:10:36,8,4,0,27.31936737369562,2,0,0,0,0,6.51994343111129,0.4192507973986697,0.8660254037844387,-0.4999999999999998,15.927746949478248
TXN752512715,5979.79,P2P,BOB,Axis,Chennai,2024-12-29T09:28:35,9,6,0,21.53417598333636,2,0,0,0,0,8.696307945242724,0.30439433354003875,0.7071067811865476,-0.7071067811865475,13.613670393334544
TXN455121748,8055.28,P2M,ICICI,Axis,Pune,2024-04-03T14:58:57,14,2,0,32.308737427729724,3,0,0,0,0,8.994207190497477,0.5876548800650008,-0.4999999999999997,-0.8660254037844388,20.42349497109189
TXN843610210,25000.0,QR,PNB,BOB,Hyderabad,2024-08-10T03:17:50,3,5,1,81.34350586843446,16,0,1,1,1,10.12667110305036,2.90025125389116,0.7071067811865476,0.7071067811865476,97.53740234737379
TXN555225378,242.1,P2P,HDFC,HDFC,Pune,2024-06-27T11:33:36,11,3,0,35.330810572499246,1,0,0,0,0,5.493472881322077,0.47867916004018063,0.258819045102521,-0.9659258262890682,16.6323242289997
TXN737181048,2571.31,Collect,Kotak,ICICI,Mumbai,2024-08-10T10:00:11,10,5,0,14.249521692674024,2,0,0,0,0,7.852559606865885,0.16079119258603397,0.49999999999999994,-0.8660254037844387,10.69980867706961
TXN950322749,35000.0,P2P,BOB,HDFC,Kolkata,2024-10-28T02:12:50,2,0,1,85.35266521425899,10,1,1,0,1,10.463131911491967,4.2650400340103705,0.49999999999999994,0.8660254037844387,94.1410660857036
TXN458928499,237.79,P2P,Axis,HDFC,Hyderabad,2024-12-07T13:01:22,13,5,0,43.65830075841846,1,0,0,0,0,5.475584504594719,0.47926738400441204,-0.2588190451025208,-0.9659258262890683,19.963320303367386
TXN169597222,917.59,QR,PNB,Axis,Chennai,2024-11-15T17:16:43,17,4,0,25.243637306885752,1,0,0,0,0,6.82283988570137,0.38648904273190804,-0.9659258262890683,-0.25881904510252063,12.597454922754302
TXN609263877,980.04,QR,Kotak,BOB,Hyderabad,2024-01-09T20:34:35,20,1,0,11.265734973072343,1,0,0,0,0,6.88861323345377,0.37796593680006363,-0.8660254037844386,0.5000000000000001,7.006293989228937
TXN968211301,6362.15,P2P,Kotak,Kotak,Jaipur,2024-08-09T15:47:47,15,4,0,41.12347887543309,3,0,0,0,0,8.758278816740885,0.35657839733667684,-0.7071067811865471,-0.7071067811865479,23.94939155017324
TXN769153133,50.0,P2P,ICICI,HDFC,Delhi,2024-06-22T20:38:08,20,5,0,19.465292416308415,3,0,0,0,0,3.9318256327243257,0.5048967525062706,-0.8660254037844386,0.5000000000000001,15.286116966523366
TXN484761574,1527.61,P2M,SBI,ICICI,Chennai,2024-11-13T16:52:10,16,2,0,42.22148642826219,1,0,0,0,0,7.332114104721181,0.303234197567076,-0.8660254037844384,-0.5000000000000004,19.388594571304875
TXN583238173,515.49,P2P,BOB,HDFC,Ahmedabad,2024-08-21T15:34:18,15,2,0,40.66745879217581,2,0,0,0,0,6.247055927288044,0.4413671995805015,-0.7071067811865471,-0.7071067811865479,21.266983516870322
TXN669722109,914.33,QR,Kotak,ICICI,Bangalore,2024-02-03T09:41:02,9,5,0,13.465679801330541,2,0,0,0,0,6.819284655992579,0.38693396387422696,0.7071067811865476,-0.7071067811865475,10.386271920532216
TXN314833468,115.34,QR,HDFC,Axis,Ahmedabad,2024-07-02T19:07:34,19,1,0,28.44457663308204,1,0,0,0,0,4.756516938482616,0.49597922261697175,-0.9659258262890684,0.2588190451025203,13.877830653232817
TXN141669351,353.38,P2P,PNB,Axis,Kolkata,2024-07-24T18:59:30,18,2,0,22.11997287328223,3,0,0,1,0,5.870369783729923,0.46349179049501404,-1.0,-1.8369701987210297e-16,26.347989149312895
TXN568809390,131.96,P2P,HDFC,HDFC,Hyderabad,2024-04-06T18:16:04,18,5,0,43.03969100010412,1,0,0,0,0,4.890048331107138,0.4937109436644136,-1.0,-1.8369701987210297e-16,19.715876400041648
TXN489040949,535.99,P2M,BOB,Kotak,Hyderabad,2024-07-09T09:33:16,9,1,0,20.041523359242348,2,0,0,0,0,6.285979472361545,0.4385693825812571,0.7071067811865476,-0.7071067811865475,13.01660934369694
TXN321489051,15151.6,P2P,ICICI,PNB,Lucknow,2024-10-03T11:18:32,11,3,0,31.412290977678442,1,0,0,0,0,9.625927413374692,1.5561526716785568,0.258819045102521,-0.9659258262890682,15.064916391071378
TXN522679158,351.54,Auto-Pay,BOB,BOB,Jaipur,2024-11-19T17:16:55,17,1,0,33.4665654931116,1,0,0,0,0,5.865164090991807,0.463742911630556,-0.9659258262890683,-0.25881904510252063,15.886626197244642
TXN382302156,9751.21,Auto-Pay,ICICI,BOB,Bangalore,2024-09-22T18:52:55,18,6,0,27.692237619277474,2,0,0,1,0,9.185249204973552,0.8191135036517581,-1.0,-1.8369701987210297e-16,26.07689504771099
TXN188102163,1387.87,P2P,SBI,PNB,Hyderabad,2024-09-03T14:32:01,14,1,0,43.616139238121384,2,0,0,0,0,7.236245745861692,0.32230575598046185,-0.4999999999999997,-0.8660254037844388,22.446455695248556
TXN995561904,3463.98,P2M,SBI,SBI,Kolkata,2024-04-03T10:14:46,10,2,0,12.620521311408819,2,0,0,0,0,8.150462139601574,0.03896059255113238,0.49999999999999994,-0.8660254037844387,10.048208524563528
TXN953709740,3829.63,P2P,ICICI,PNB,Lucknow,2024-11-03T12:41:06,12,6,0,30.142113132687136,1,0,0,0,0,8.250784559509173,0.010942909193926573,1.2246467991473532e-16,-1.0,14.556845253074854
TXN479663283,357.36,Auto-Pay,Axis,HDFC,Bangalore,2024-08-17T14:21:13,14,5,0,16.67030065554188,3,0,0,0,0,5.881538067729378,0.4629486045605266,-0.4999999999999997,-0.8660254037844388,14.168120262216753
TXN369475355,2224.86,Auto-Pay,BOB,SBI,Kolkata,2024-09-07T08:36:58,8,5,0,33.855039403113466,2,1,0,0,0,7.707898636775877,0.208074299873264,0.8660254037844387,-0.4999999999999998,38.54201576124539
TXN971870184,671.86,Auto-Pay,Kotak,BOB,Ahmedabad,2024-04-22T11:50:53,11,0,0,18.86032439213661,1,0,0,0,0,6.511537284230636,0.4200259974257774,0.258819045102521,-0.9659258262890682,10.044129756854645
TXN969726811,187.4,P2P,Kotak,PNB,Hyderabad,2024-05-22T13:55:09,13,2,0,21.633262895716726,2,0,0,0,0,5.238567362142263,0.4861445546674327,-0.2588190451025208,-0.9659258262890683,13.65330515828669
TXN720958301,4242.09,QR,BOB,PNB,Lucknow,2024-10-09T13:50:47,13,2,0,20.605333175421592,1,0,0,0,0,8.353047056384389,0.06723498721872355,-0.2588190451025208,-0.9659258262890683,10.742133270168637
TXN546781418,979.93,P2P,SBI,HDFC,Bangalore,2024-07-27T05:15:34,5,5,1,80.58718822807515,13,1,0,1,1,6.88850110125999,0.37798094947664496,0.9659258262890683,0.25881904510252074,109.73487529123005
TXN701587515,197.53,P2M,PNB,HDFC,Jaipur,2024-08-23T19:52:52,19,4,0,20.917860875489318,1,0,0,0,0,5.290940222208987,0.48476202363317195,-0.9659258262890684,0.2588190451025203,10.867144350195728
TXN585793416,345.02,P2M,SBI,Axis,Hyderabad,2024-01-23T08:06:25,8,1,0,11.490683388960958,1,0,0,0,0,5.846496576855376,0.4646327539151937,0.8660254037844387,-0.4999999999999998,7.096273355584383
TXN609715858,11440.55,P2M,PNB,Axis,Ahmedabad,2024-04-21T13:02:35,13,6,0,18.135052594522556,1,0,0,0,0,9.345006745266403,1.0496727314324168,-0.2588190451025208,-0.9659258262890683,9.754021037809022
TXN278498190,2759.94,P2M,HDFC,SBI,Lucknow,2024-01-24T10:21:35,10,2,0,13.627285426827846,3,0,0,1,0,7.923326480437236,0.1350471818266453,0.49999999999999994,-0.8660254037844387,22.95091417073114
TXN217432083,484.85,QR,SBI,Axis,Jaipur,2024-03-11T15:02:48,15,0,0,42.01414374005671,1,0,0,0,0,6.185899934285448,0.4455489124027868,-0.7071067811865471,-0.7071067811865479,19.305657496022686
TXN757750611,138.77,Auto-Pay,PNB,ICICI,Pune,2024-03-06T17:08:22,17,2,0,35.59377062715813,2,0,0,0,0,4.939998214496815,0.49278152250515245,-0.9659258262890683,-0.25881904510252063,19.23750825086325
TXN234668935,414.06,Collect,Axis,Kotak,Chennai,2024-02-25T19:28:42,19,6,0,21.090214619846872,2,0,0,0,0,6.028423088093514,0.4552102521772507,-0.9659258262890684,0.2588190451025203,13.436085847938749
TXN692509050,549.0,QR,HDFC,Axis,Mumbai,2024-10-10T08:53:36,8,3,0,32.72628136019085,1,0,0,0,0,6.309918278226516,0.43679379237832205,0.8660254037844387,-0.4999999999999998,15.590512544076342
TXN461100518,394.65,P2P,SBI,HDFC,Pune,2024-04-30T09:31:29,9,1,0,32.89844366486904,3,0,0,0,0,5.980529982055202,0.45785930719946205,0.7071067811865476,-0.7071067811865475,20.659377465947617
TXN821466587,594.02,Auto-Pay,SBI,PNB,Bangalore,2024-04-13T11:14:13,11,5,0,10.415262300021356,3,0,0,0,0,6.388595018426089,0.4306495132902254,0.258819045102521,-0.9659258262890682,11.666104920008543
TXN848481534,778.43,P2P,HDFC,Kotak,Hyderabad,2024-09-09T13:03:33,13,0,0,19.247178658230574,3,0,0,0,0,6.658562883310879,0.405481443396047,-0.2588190451025208,-0.9659258262890683,15.19887146329223
TXN697463676,619.54,P2P,BOB,Axis,Bangalore,2024-08-13T12:14:31,12,1,0,37.61836390770648,1,0,0,1,0,6.43059006670876,0.42716657232336114,1.2246467991473532e-16,-1.0,27.547345563082594
TXN407160246,340.23,P2P,Kotak,Axis,Ahmedabad,2024-11-19T15:22:20,15,1,0,27.111102976456245,1,0,0,0,0,5.832556736723042,0.46528648774087084,-0.7071067811865471,-0.7071067811865479,13.344441190582499
TXN147364509,502.57,P2P,SBI,HDFC,Chennai,2024-01-17T15:30:33,15,2,0,13.587840479673774,2,0,0,0,0,6.221722729307599,0.44313050668441556,-0.7071067811865471,-0.7071067811865479,10.43513619186951
TXN971730892,50.0,P2P,Kotak,SBI,Pune,2024-03-20T13:47:10,13,2,0,37.42446058248491,1,0,0,0,0,3.9318256327243257,0.5048967525062706,-0.2588190451025208,-0.9659258262890683,17.469784232993966
TXN825822338,535.59,P2M,ICICI,HDFC,Lucknow,2024-06-14T19:25:41,19,4,0,21.234044247142524,1,0,0,0,0,6.285234301962489,0.4386239741324619,-0.9659258262890684,0.2588190451025203,10.99361769885701
TXN987146108,102.53,P2P,HDFC,SBI,Jaipur,2024-05-24T13:04:32,13,4,0,27.452528848061586,1,0,0,0,0,4.6398614257780215,0.49772751704430446,-0.2588190451025208,-0.9659258262890683,13.481011539224635
TXN106126393,11766.65,Auto-Pay,ICICI,BOB,Delhi,2024-02-02T12:34:49,12,4,0,39.77907282418579,1,0,0,0,0,9.373109520166649,1.0941784935521044,1.2246467991473532e-16,-1.0,18.411629129674317
TXN203582035,5070.73,P2P,BOB,PNB,Kolkata,2024-05-19T14:28:57,14,6,0,12.878601489601742,1,0,0,0,0,8.531437261261626,0.18032684469452173,-0.4999999999999997,-0.8660254037844388,7.651440595840697
TXN798847361,318.02,P2M,HDFC,HDFC,Hyderabad,2024-12-20T10:24:31,10,4,0,40.6025149800662,2,0,0,0,0,5.765253796744302,0.4683176836215156,0.49999999999999994,-0.8660254037844387,21.241005992026484
TXN157574498,265.3,P2P,HDFC,PNB,Ahmedabad,2024-11-20T13:52:15,13,2,0,13.302374155213085,3,0,0,0,0,5.584623492819887,0.475512850070304,-0.2588190451025208,-0.9659258262890683,12.820949662085233
TXN823138959,50.0,P2M,HDFC,BOB,Ahmedabad,2024-05-31T17:38:45,17,4,0,40.963883209759075,1,1,0,0,0,3.9318256327243257,0.5048967525062706,-0.9659258262890683,-0.25881904510252063,38.88555328390363
TXN298891843,136.41,QR,Kotak,SBI,Delhi,2024-12-24T11:04:00,11,1,0,41.861868572013705,3,0,0,0,0,4.922969157343683,0.4931036126572606,0.258819045102521,-0.9659258262890682,24.244747428805482
TXN932191813,1653.12,P2P,ICICI,BOB,Mumbai,2024-07-13T09:13:57,9,5,0,11.25417907187119,1,0,0,0,0,7.41102442434248,0.2861047335877998,0.7071067811865476,-0.7071067811865475,7.001671628748476
TXN564555853,76.23,P2M,Kotak,Axis,Pune,2024-02-11T14:56:35,14,6,0,20.654193011271843,1,1,0,0,0,4.346787982581173,0.501316911536018,-0.4999999999999997,-0.8660254037844388,30.761677204508736
TXN934888292,50.0,P2P,HDFC,SBI,Mumbai,2024-01-21T12:16:26,12,6,0,40.1233695129724,2,0,0,1,0,3.9318256327243257,0.5048967525062706,1.2246467991473532e-16,-1.0,31.04934780518896
TXN938070287,429.41,P2M,HDFC,ICICI,Pune,2024-02-15T08:47:14,8,3,0,43.48393025759038,3,0,0,1,0,6.064738242778408,0.45311530139976774,0.8660254037844387,-0.4999999999999998,34.89357210303615
TXN877525698,2341.63,P2M,ICICI,Kotak,Ahmedabad,2024-07-04T08:50:23,8,3,0,44.91255436681561,1,0,0,1,0,7.759029508837391,0.19213766128781198,0.8660254037844387,-0.4999999999999998,30.465021746726247
TXN794721067,559.11,QR,PNB,PNB,Bangalore,2024-01-09T08:04:06,8,1,0,36.363441899939225,2,0,0,1,0,6.328133193011058,0.43541399092162153,0.8660254037844387,-0.4999999999999998,29.54537675997569
TXN909032949,745.78,P2M,PNB,ICICI,Chennai,2024-04-29T19:16:22,19,0,0,10.355700519642621,1,0,0,1,0,6.615770630376976,0.4099374787631362,-0.9659258262890684,0.2588190451025203,16.64228020785705
TXN413734659,83.69,P2M,PNB,SBI,Ahmedabad,2024-01-30T10:43:57,10,1,0,35.59795039342367,3,0,0,0,0,4.4389975309335075,0.500298779106049,0.49999999999999994,-0.8660254037844387,21.739180157369468
TXN792029463,109.63,P2P,PNB,Axis,Chennai,2024-07-31T15:16:10,15,2,0,15.817275832178444,3,0,0,1,0,4.70619130004682,0.4967585170104198,-0.7071067811865471,-0.7071067811865479,23.82691033287138
TXN259507948,2612.26,P2M,SBI,Kotak,Kolkata,2024-11-05T15:32:45,15,1,0,42.13407599931294,3,0,0,0,0,7.86835376305813,0.15520238253144578,-0.7071067811865471,-0.7071067811865479,24.353630399725176
TXN424293957,4294.57,Collect,BOB,HDFC,Kolkata,2024-10-09T20:17:36,20,2,0,31.433971501548033,2,0,0,1,0,8.36533953806918,0.0743973987367891,-0.8660254037844386,0.5000000000000001,27.573588600619214
TXN185990497,266.97,QR,PNB,Kotak,Jaipur,2024-11-08T13:12:03,13,4,0,12.16168352015699,1,0,0,0,0,5.590875033946567,0.4752849303440242,-0.2588190451025208,-0.9659258262890683,7.364673408062796
TXN603272913,5807.26,P2P,ICICI,BOB,Delhi,2024-11-10T11:08:16,11,6,0,40.891541013103605,1,0,0,0,0,8.667036321342891,0.28084763271664204,0.258819045102521,-0.9659258262890682,18.856616405241443
TXN235338436,9624.96,P2P,Kotak,Axis,Hyderabad,2024-08-18T17:25:29,17,6,0,37.66840069784517,1,0,0,0,0,9.172218894441997,0.801883045302753,-0.9659258262890683,-0.25881904510252063,17.56736027913807
TXN266450346,174.71,QR,HDFC,PNB,Delhi,2024-12-07T09:14:32,9,5,0,25.23384706422544,1,0,0,0,0,5.1688349087698,0.487876471629404,0.7071067811865476,-0.7071067811865475,12.593538825690176
TXN697515569,10074.1,Collect,BOB,BOB,Ahmedabad,2024-06-27T19:41:19,19,3,0,28.04586100027376,2,0,0,0,0,9.21782231232394,0.8631811685730274,-0.9659258262890684,0.2588190451025203,16.218344400109505
TXN975157051,290.76,Auto-Pay,PNB,Axis,Delhi,2024-06-18T18:23:18,18,1,0,18.28192020063664,1,0,0,1,0,5.675931546500425,0.4720380978361206,-1.0,-1.8369701987210297e-16,19.812768080254656
TXN858790201,3144.25,QR,BOB,PNB,Bangalore,2024-03-25T09:25:09,9,0,0,40.94030851247348,2,0,0,0,0,8.053648657231241,0.0825969842178839,0.7071067811865476,-0.7071067811865475,21.376123404989393
TXN217323792,518.72,P2P,PNB,ICICI,Kolkata,2024-03-28T14:58:41,14,3,0,10.960006906825612,2,0,0,0,0,6.253290205014536,0.44092637280452307,-0.4999999999999997,-0.8660254037844388,9.384002762730244
TXN165469570,5440.98,P2P,BOB,SBI,Kolkata,2024-05-22T15:01:35,15,2,0,31.133026880426613,3,0,0,0,0,8.601898244216997,0.2308581492784355,-0.7071067811865471,-0.7071067811865479,19.953210752170648
TXN208291284,50.0,P2P,PNB,SBI,Lucknow,2024-04-09T14:33:38,14,1,0,21.25015986491333,1,0,0,0,0,3.9318256327243257,0.5048967525062706,-0.4999999999999997,-0.8660254037844388,11.000063945965332
TXN290034941,78.87,P2M,PNB,ICICI,Bangalore,2024-08-16T16:43:42,16,4,0,16.50646591825505,1,0,0,0,0,4.380400312929297,0.5009566072980666,-0.8660254037844384,-0.5000000000000004,9.10258636730202
TXN631525059,620.83,P2P,PNB,SBI,Bangalore,2024-08-01T15:55:31,15,3,0,13.475883484371199,2,0,0,0,0,6.43266674348557,0.4269905145707258,-0.7071067811865471,-0.7071067811865479,10.39035339374848
TXN535071312,40000.0,QR,Axis,Kotak,Bangalore,2024-12-01T04:00:04,4,6,1,74.85331081275899,10,0,1,1,1,10.596659732783579,4.947434424069976,0.8660254037844386,0.5000000000000001,79.9413243251036
TXN798180313,103.81,QR,ICICI,Kotak,Kolkata,2024-06-28T19:04:32,19,4,0,30.437143248981023,3,0,0,0,0,4.652149187182086,0.4975528240804492,-0.9659258262890684,0.2588190451025203,19.67485729959241
TXN925024719,54.88,QR,SBI,ICICI,Bangalore,2024-11-04T19:11:41,19,0,0,31.627445124793468,1,0,0,0,0,4.023206534388761,0.5042307355815725,-0.9659258262890684,0.2588190451025203,15.150978049917388
TXN972453241,18612.35,QR,ICICI,ICICI,Mumbai,2024-08-02T13:34:58,13,4,0,18.881691432074817,2,0,0,0,0,9.831634344183216,2.028471948758312,-0.2588190451025208,-0.9659258262890683,12.552676572829927
TXN317875890,20000.0,P2M,SBI,ICICI,Kolkata,2024-02-21T02:31:28,2,2,1,99.12355440768138,16,1,1,1,1,9.90353755128617,2.2178568638315546,0.49999999999999994,0.8660254037844387,124.64942176307255
TXN556002833,11611.71,P2M,Axis,SBI,Delhi,2024-11-16T17:09:25,17,5,0,10.40144880818387,1,0,0,0,0,9.35985546691983,1.0730324561929372,-0.9659258262890683,-0.25881904510252063,6.660579523273548
TXN258813588,657.47,Auto-Pay,Axis,SBI,Lucknow,2024-05-01T18:53:11,18,2,0,14.013793883470305,2,0,0,0,0,6.489918962058974,0.42198992848036904,-1.0,-1.8369701987210297e-16,10.605517553388122
TXN983153577,624.8,Auto-Pay,PNB,PNB,Bangalore,2024-03-13T18:40:26,18,2,0,10.199087823528195,1,0,0,0,0,6.439030831234781,0.42644869342501845,-1.0,-1.8369701987210297e-16,6.579635129411279
TXN543219006,929.22,P2P,Kotak,BOB,Ahmedabad,2024-01-08T18:42:49,18,0,0,27.642759341809313,2,0,0,0,0,6.835421117311385,0.38490179338062946,-1.0,-1.8369701987210297e-16,16.057103736723725
TXN191750443,650.36,P2P,Kotak,PNB,Mumbai,2024-11-08T20:26:25,20,4,0,23.88598954508784,3,0,0,0,0,6.479062484754668,0.42296029330303375,-0.8660254037844386,0.5000000000000001,17.054395818035136
TXN246147988,441.94,QR,ICICI,Axis,Lucknow,2024-04-03T17:04:49,17,2,0,31.729142147096752,2,0,0,0,0,6.093434320691699,0.45140522105827835,-0.9659258262890683,-0.25881904510252063,17.6916568588387
TXN999439900,427.52,P2M,Axis,HDFC,Delhi,2024-11-16T11:35:49,11,5,0,15.841927449322958,1,0,0,0,0,6.060337411394357,0.45337324647921023,0.258819045102521,-0.9659258262890682,8.836770979729184
TXN501458362,6394.62,QR,HDFC,ICICI,Kolkata,2024-12-27T13:36:53,13,4,0,33.318365252931656,3,0,0,1,0,8.763368660056292,0.361009866505724,-0.2588190451025208,-0.9659258262890683,30.827346101172665
TXN862605445,442.58,P2M,BOB,SBI,Delhi,2024-04-14T17:21:40,17,6,0,30.936562497848502,2,0,0,0,0,6.094878168797064,0.4513178745763507,-0.9659258262890683,-0.25881904510252063,17.3746249991394
TXN174125475,1025.87,P2M,HDFC,PNB,Pune,2024-08-20T10:10:11,10,1,0,14.399706727924048,1,0,0,0,0,6.934270619637864,0.37171110982077726,0.49999999999999994,-0.8660254037844387,8.259882691169619
TXN276916693,54.89,P2M,Axis,Kotak,Hyderabad,2024-08-01T14:52:22,14,3,0,24.631081891328616,1,0,0,0,0,4.023385473281607,0.5042293707927924,-0.4999999999999997,-0.8660254037844388,12.352432756531448
TXN276408806,1554.27,Auto-Pay,Axis,HDFC,Ahmedabad,2024-07-07T13:06:10,13,6,0,32.62271706752642,2,0,0,0,0,7.3494044429813075,0.29959567067927817,-0.2588190451025208,-0.9659258262890683,18.04908682701057
TXN385374117,7515.76,QR,PNB,HDFC,Delhi,2024-04-27T16:56:38,16,5,0,34.32088307865857,3,0,0,0,0,8.924890473037067,0.5140217958000092,-0.8660254037844384,-0.5000000000000004,21.22835323146343
TXN324036069,35000.0,QR,PNB,HDFC,Bangalore,2024-11-18T22:53:26,22,0,1,68.4631751347968,16,1,1,1,1,10.463131911491967,4.2650400340103705,-0.5000000000000004,0.8660254037844384,112.38527005391872
TXN898638722,40000.0,P2P,BOB,BOB,Lucknow,2024-07-11T04:55:51,4,3,1,88.49411567827255,17,1,1,1,1,10.596659732783579,4.947434424069976,0.8660254037844386,0.5000000000000001,122.89764627130901
TXN249687040,216.51,QR,ICICI,ICICI,Mumbai,2024-10-29T12:07:49,12,1,0,23.399656726319648,2,0,0,0,0,5.382244826483323,0.48217165452850574,1.2246467991473532e-16,-1.0,14.35986269052786
TXN933227938,1912.59,P2P,BOB,HDFC,Lucknow,2024-03-19T17:38:08,17,1,0,24.06467781387491,2,0,0,0,0,7.5567363379901495,0.2506925591100466,-0.9659258262890683,-0.25881904510252063,14.625871125549963
TXN566816310,154.71,P2P,SBI,HDFC,Pune,2024-02-11T09:32:39,9,6,0,30.32406970239095,3,0,0,0,0,5.047995302853334,0.4906060491896424,0.7071067811865476,-0.7071067811865475,19.62962788095638
TXN298758254,127.05,P2P,BOB,ICICI,Bangalore,2024-10-02T13:46:01,13,2,0,20.757620345356493,1,0,0,0,0,4.852420812645534,0.49438105495545215,-0.2588190451025208,-0.9659258262890683,10.803048138142598
TXN896212495,19151.27,P2P,Axis,Kotak,Delhi,2024-08-07T16:35:33,16,2,0,36.91970090003464,3,0,0,0,0,9.860176525442743,2.102023145696497,-0.8660254037844384,-0.5000000000000004,22.267880360013855
TXN227080380,50.0,P2P,Axis,HDFC,Pune,2024-04-24T11:52:53,11,2,0,11.854051711613529,2,0,0,0,0,3.9318256327243257,0.5048967525062706,0.258819045102521,-0.9659258262890682,9.741620684645412
TXN342022741,540.51,P2P,Axis,PNB,Chennai,2024-09-05T19:26:44,19,3,0,23.74062903180308,1,0,0,0,0,6.2943615334912115,0.4379524980526433,-0.9659258262890684,0.2588190451025203,11.996251612721233
TXN773619889,214.94,QR,ICICI,HDFC,Lucknow,2024-08-23T10:40:34,10,4,0,19.688117058714255,3,0,0,0,0,5.375000591318995,0.4823859263669844,0.49999999999999994,-0.8660254037844387,15.375246823485703
TXN368385318,629.7,P2P,Axis,Axis,Jaipur,2024-04-04T13:13:05,13,3,0,44.25024382007809,1,0,0,0,0,6.446830313669605,0.42577994692276,-0.2588190451025208,-0.9659258262890683,20.200097528031236
TXN738006216,8299.13,P2M,HDFC,PNB,Kolkata,2024-08-10T15:42:03,15,5,0,44.16543515438485,3,0,0,0,0,9.024026456312633,0.6209352544682077,-0.7071067811865471,-0.7071067811865479,25.166174061753942
TXN665682377,1361.48,P2M,PNB,BOB,Mumbai,2024-05-29T17:12:02,17,2,0,19.653543362224767,3,0,0,0,0,7.21706184753058,0.32590743357119645,-0.9659258262890683,-0.25881904510252063,15.361417344889908
TXN643247509,7108.46,P2P,HDFC,Kotak,Ahmedabad,2024-10-24T13:23:20,13,3,0,26.563121208429994,3,0,0,0,0,8.8691815705459,0.4584339487857537,-0.2588190451025208,-0.9659258262890683,18.125248483371998
TXN430752521,3529.24,P2M,Axis,Axis,Kolkata,2024-02-26T13:55:08,13,0,0,34.64607560020828,1,1,0,0,0,8.169121136284772,0.030053980972074443,-0.2588190451025208,-0.9659258262890683,36.35843024008331
TXN326111591,243.82,Auto-Pay,BOB,ICICI,Ahmedabad,2024-09-12T11:54:57,11,3,0,22.75995550284882,2,0,0,0,0,5.500523246647367,0.4784444163700001,0.258819045102521,-0.9659258262890682,14.103982201139528
TXN388875961,278.53,P2M,HDFC,HDFC,Kolkata,2024-04-11T17:12:38,17,3,0,20.69769738926642,1,0,0,0,0,5.633109621361155,0.4737072345142063,-0.9659258262890683,-0.25881904510252063,10.779078955706568
TXN476724289,182.24,P2M,PNB,Axis,Delhi,2024-08-21T12:36:42,12,2,0,19.524496487595904,1,0,0,0,0,5.2107967690185415,0.4868487856779742,1.2246467991473532e-16,-1.0,10.309798595038362
TXN269314210,1793.79,Collect,HDFC,BOB,Pune,2024-05-07T16:29:48,16,1,0,17.781434192154496,3,0,0,0,0,7.492643302434869,0.2669062498178628,-0.8660254037844384,-0.5000000000000004,14.6125736768618
TXN555970380,9743.11,P2M,ICICI,HDFC,Hyderabad,2024-08-08T20:01:05,20,3,0,31.012444277410818,2,0,0,0,0,9.184418278884316,0.8180080247398617,-0.8660254037844386,0.5000000000000001,17.404977710964328
TXN712607411,88.27,P2P,BOB,SBI,Hyderabad,2024-04-16T19:59:40,19,1,0,15.272907103122183,3,0,0,0,0,4.4916654851912705,0.49967370584475446,-0.9659258262890684,0.2588190451025203,13.609162841248875
TXN649200896,143.39,P2M,Kotak,BOB,Chennai,2024-08-26T09:10:21,9,0,0,35.94933607656103,2,0,0,0,0,4.972517971983128,0.49215099008873736,0.7071067811865476,-0.7071067811865475,19.379734430624413
TXN245249609,246.7,P2P,PNB,PNB,Lucknow,2024-09-09T15:29:21,15,0,0,28.365890418406376,2,0,0,0,0,5.512218336495314,0.4780513572013258,-0.7071067811865471,-0.7071067811865479,16.34635616736255
TXN941979137,318.41,P2P,Axis,SBI,Hyderabad,2024-05-30T10:28:21,10,3,0,18.436670374293147,2,0,0,0,0,5.766475543994624,0.46826445685909096,0.49999999999999994,-0.8660254037844387,12.374668149717259
TXN417961978,18214.52,P2P,HDFC,PNB,Lucknow,2024-12-16T09:02:55,9,0,0,28.316177197567683,3,0,0,0,0,9.810029256935263,1.9741765567188299,0.7071067811865476,-0.7071067811865475,18.826470879027074
TXN184450196,188.85,P2P,BOB,Kotak,Ahmedabad,2024-01-11T10:15:31,10,3,0,40.17865792286939,1,0,0,0,0,5.2462342866778116,0.48594666029431544,0.49999999999999994,-0.8660254037844387,18.57146316914776
TXN412458940,661.12,QR,PNB,ICICI,Kolkata,2024-06-05T09:21:13,9,2,0,44.049981164862,2,0,0,0,0,6.495446808391964,0.4214917805756255,0.7071067811865476,-0.7071067811865475,22.6199924659448
TXN776629256,20000.0,QR,BOB,Kotak,Bangalore,2024-09-03T01:24:15,1,1,1,97.70240553933435,14,0,1,0,1,9.90353755128617,2.2178568638315546,0.25881904510252074,0.9659258262890683,89.08096221573373
TXN721020467,195.26,Collect,PNB,PNB,Ahmedabad,2024-10-10T11:52:35,11,3,0,38.6770181978241,2,0,0,0,0,5.279440310778347,0.48507183068625903,0.258819045102521,-0.9659258262890682,20.470807279129637
TXN231852498,128.27,Auto-Pay,HDFC,Axis,Pune,2024-06-24T18:32:34,18,0,0,17.621204669190767,3,0,0,0,0,4.861903240295856,0.4942145507242776,-1.0,-1.8369701987210297e-16,14.548481867676308
TXN697850944,2192.72,P2M,PNB,PNB,Hyderabad,2024-07-24T11:17:09,11,2,0,27.589812676220486,1,0,0,0,0,7.693354011906994,0.21246073101256718,0.258819045102521,-0.9659258262890682,13.535925070488195
TXN350119960,642.68,QR,ICICI,PNB,Lucknow,2024-01-03T17:26:14,17,2,0,23.109887693532983,1,0,0,0,0,6.467201708201478,0.4240084510861653,-0.9659258262890683,-0.25881904510252063,11.743955077413194
TXN656138957,2127.87,Collect,Kotak,Kotak,Kolkata,2024-02-25T14:50:30,14,6,0,44.61171116198579,1,0,0,0,0,7.663346601497913,0.22131138625164026,-0.4999999999999997,-0.8660254037844388,20.344684464794316
TXN668336574,7681.78,P2P,HDFC,HDFC,Lucknow,2024-07-04T13:00:21,13,3,0,34.08610528527922,2,0,0,0,0,8.946736739809731,0.5366800191275483,-0.2588190451025208,-0.9659258262890683,18.634442114111685
TXN547237665,454.49,P2M,PNB,Axis,Pune,2024-10-02T09:53:11,9,2,0,31.86799727254619,3,0,0,0,0,6.1213737625622064,0.4496924111392287,0.7071067811865476,-0.7071067811865475,20.24719890901848
TXN850066115,76.01,QR,Kotak,PNB,Jaipur,2024-12-14T19:08:25,19,5,0,22.973207376962744,1,0,0,0,0,4.343935283551159,0.5013469368891805,-0.9659258262890684,0.2588190451025203,11.689282950785097
TXN911472402,217.15,P2M,Kotak,HDFC,Chennai,2024-01-03T15:24:08,15,2,0,25.139610518177015,2,0,0,0,0,5.385182899569618,0.48208430804657804,-0.7071067811865471,-0.7071067811865479,15.055844207270807
TXN526970452,344.2,P2P,Axis,Axis,Mumbai,2024-11-12T14:04:01,14,1,0,22.060432813087132,1,0,0,0,0,5.844123959209273,0.4647446665951635,-0.4999999999999997,-0.8660254037844388,11.324173125234854
TXN124217706,717.47,P2P,HDFC,Kotak,Kolkata,2024-03-20T08:46:52,8,2,0,32.836035197078374,3,0,0,0,0,6.5771239509939265,0.41380119579965374,0.8660254037844387,-0.4999999999999998,20.634414078831348
TXN885438932,148.98,P2P,HDFC,PNB,Lucknow,2024-08-15T08:42:15,8,3,0,15.14800972946354,2,1,0,0,0,5.010501951873243,0.49138807316065075,0.8660254037844387,-0.4999999999999998,31.059203891785415
TXN664029392,40000.0,P2P,SBI,ICICI,Delhi,2024-09-19T06:28:50,6,3,0,98.59092514781918,12,1,1,1,1,10.596659732783579,4.947434424069976,1.0,6.123233995736766e-17,99.43637005912768
TXN117114380,63.36,P2M,Axis,HDFC,Pune,2024-01-03T13:21:09,13,2,0,35.03774403301114,2,0,0,0,0,4.1644923221241825,0.5030733946960314,-0.2588190451025208,-0.9659258262890683,19.015097613204453
TXN119268048,4544.8,P2P,Kotak,BOB,Mumbai,2024-10-04T15:02:00,15,4,0,13.025971028332833,2,0,0,0,0,8.421959008724059,0.10854850838171218,-0.7071067811865471,-0.7071067811865479,10.210388411333135
TXN992076001,1306.86,P2P,BOB,PNB,Ahmedabad,2024-09-15T12:08:06,12,6,0,44.521762175533034,2,0,0,0,0,7.176147492649491,0.3333619098882075,1.2246467991473532e-16,-1.0,22.808704870213216
TXN776039771,15000.0,QR,SBI,SBI,Delhi,2024-11-27T04:37:59,4,2,1,83.81394925500867,15,0,1,1,1,9.61587214452889,1.5354624737719493,0.8660254037844386,0.5000000000000001,96.02557970200347
TXN303001293,50.0,P2P,Axis,BOB,Jaipur,2024-01-09T20:06:15,20,1,0,19.9740287429442,3,0,0,0,0,3.9318256327243257,0.5048967525062706,-0.8660254037844386,0.5000000000000001,15.48961149717768
TXN317520019,423.67,P2M,Kotak,ICICI,Hyderabad,2024-12-19T15:05:27,15,3,0,12.88286065035415,3,0,0,0,0,6.0513123967267575,0.45389869015955614,-0.7071067811865471,-0.7071067811865479,12.65314426014166
TXN862639469,193.28,Auto-Pay,Axis,SBI,Mumbai,2024-10-08T19:23:51,19,1,0,29.512052963421276,3,0,0,0,0,5.269300417477544,0.4853420588647226,-0.9659258262890684,0.2588190451025203,19.30482118536851
TXN802381025,884.38,P2M,Axis,PNB,Mumbai,2024-03-18T09:03:07,9,0,0,37.48847403848383,3,0,0,0,0,6.786016931382421,0.39102150627068394,0.7071067811865476,-0.7071067811865475,22.495389615393535
TXN733405102,409.38,P2P,HDFC,Kotak,Ahmedabad,2024-07-29T16:47:06,16,0,0,19.16693673834242,2,0,0,0,0,6.017083559725601,0.45584897332634644,-0.8660254037844384,-0.5000000000000004,12.666774695336969
TXN664535140,2972.51,P2M,HDFC,HDFC,Hyderabad,2024-09-27T16:19:04,16,4,0,21.139679114181817,1,0,0,0,0,7.997498352181181,0.1060358667276512,-0.8660254037844384,-0.5000000000000004,10.955871645672728
TXN601316797,82.09,P2P,BOB,PNB,Chennai,2024-11-23T14:46:25,14,5,0,14.24801735920169,2,0,0,0,0,4.41992435767689,0.5005171453108681,-0.4999999999999997,-0.8660254037844388,10.699206943680675
TXN733878715,251.5,P2P,SBI,PNB,Kolkata,2024-06-27T19:10:28,19,3,0,27.84317694992397,3,0,0,0,0,5.531411248715415,0.47739625858686857,-0.9659258262890684,0.2588190451025203,18.63727077996959
TXN346744138,62.12,P2P,PNB,PNB,Pune,2024-11-09T09:51:35,9,5,0,20.70503377981948,2,0,0,0,0,4.145037676537619,0.5032426285047662,0.7071067811865476,-0.7071067811865475,13.282013511927792
TXN863439748,1216.36,P2M,Kotak,Kotak,Ahmedabad,2024-06-05T09:17:53,9,2,0,14.65843940902938,3,1,0,0,0,7.104439858611859,0.3457132483482864,0.7071067811865476,-0.7071067811865475,33.36337576361176
TXN779057493,110.02,P2M,BOB,ICICI,Lucknow,2024-07-02T11:26:14,11,1,0,43.62660903829381,2,0,0,0,0,4.709710365262016,0.4967052902479952,0.258819045102521,-0.9659258262890682,22.450643615317524
TXN311071942,1046.15,P2P,PNB,Kotak,Pune,2024-11-16T14:25:06,14,5,0,13.29841226670366,2,0,0,0,0,6.95382746708452,0.3689433181746955,-0.4999999999999997,-0.8660254037844388,10.319364906681464
TXN979806771,1523.68,P2P,Kotak,Axis,Hyderabad,2024-10-19T14:03:44,14,5,0,26.904670083329833,2,0,0,0,0,7.329539830957271,0.30377055955766286,-0.4999999999999997,-0.8660254037844388,15.761868033331934
TXN775679225,892.46,P2P,Kotak,ICICI,Ahmedabad,2024-12-29T08:29:11,8,6,0,38.2240986736301,1,0,0,0,0,6.795101565830168,0.38991875693634764,0.8660254037844387,-0.4999999999999998,17.78963946945204
TXN147710377,4509.35,QR,PNB,HDFC,Hyderabad,2024-03-24T13:58:42,13,6,0,11.583975119546349,1,0,0,0,0,8.414130034807094,0.10371033215618959,-0.2588190451025208,-0.9659258262890683,7.133590047818539
TXN298826877,3425.56,P2M,HDFC,PNB,Hyderabad,2024-06-29T09:57:59,9,5,0,41.54963827327711,2,0,0,0,0,8.139312121451878,0.044204111044350396,0.7071067811865476,-0.7071067811865475,21.619855309310847
TXN368397359,433.27,Auto-Pay,SBI,BOB,Kolkata,2024-12-08T08:15:18,8,6,0,22.82131167401495,1,0,0,0,0,6.073666460479763,0.4525884929306417,0.8660254037844387,-0.4999999999999998,11.62852466960598
TXN723279609,5203.89,P2P,Kotak,Kotak,Delhi,2024-09-11T09:56:15,9,2,0,37.00924833726582,2,0,0,0,0,8.557353847300297,0.19850037209058927,0.7071067811865476,-0.7071067811865475,19.803699334906327
TXN462286671,118.67,QR,BOB,ICICI,Jaipur,2024-12-20T20:27:17,20,4,0,36.23006747464024,3,0,0,0,0,4.784737954585425,0.49552474795319207,-0.8660254037844386,0.5000000000000001,21.992026989856093
TXN386470289,482.91,P2P,ICICI,Kotak,Bangalore,2024-07-02T12:55:56,12,1,0,42.44589224646808,1,0,0,0,0,6.181898939012487,0.4458136814261299,1.2246467991473532e-16,-1.0,19.478356898587233
TXN395473630,25000.0,P2P,BOB,Axis,Jaipur,2024-10-10T04:18:55,4,3,1,81.80703128973755,10,1,1,1,1,10.12667110305036,2.90025125389116,0.8660254037844386,0.5000000000000001,102.72281251589501
TXN541648242,864.75,P2M,SBI,Kotak,Mumbai,2024-08-21T12:07:30,12,2,0,37.47004958055905,2,0,0,0,0,6.763596183282531,0.393700586646058,1.2246467991473532e-16,-1.0,19.98801983222362
TXN681898857,1777.16,Collect,PNB,Axis,Ahmedabad,2024-03-16T09:02:41,9,5,0,21.32663848940085,1,0,0,0,0,7.483334400776511,0.2691758935592011,0.7071067811865476,-0.7071067811865475,11.03065539576034
TXN468578489,4502.88,P2M,Axis,BOB,Ahmedabad,2024-08-08T18:48:35,18,3,0,42.58495168994044,2,0,0,0,0,8.412694526480582,0.10282731381545243,-1.0,-1.8369701987210297e-16,22.033980675976178
TXN449934890,7258.29,P2M,HDFC,Axis,Ahmedabad,2024-08-09T10:05:01,10,4,0,33.72079138684094,3,0,0,0,0,8.890037306893236,0.47888257907827986,0.49999999999999994,-0.8660254037844387,20.98831655473638
TXN134436702,4371.97,QR,PNB,Axis,Chennai,2024-03-28T11:46:04,11,3,0,37.55041285856315,1,0,0,1,0,8.383197691110404,0.08496086389491186,0.258819045102521,-0.9659258262890682,27.52016514342526
TXN859276625,87.41,Auto-Pay,PNB,Axis,Hyderabad,2024-12-02T08:11:19,8,0,0,20.441288412183752,1,0,0,0,0,4.481985085417713,0.4997910776798447,0.8660254037844387,-0.4999999999999998,10.6765153648735
TXN147719596,90.48,Auto-Pay,HDFC,Kotak,Pune,2024-08-07T12:10:55,12,2,0,43.88553581796307,1,0,0,0,0,4.516120369154581,0.4993720875243481,1.2246467991473532e-16,-1.0,20.05421432718523
TXN442594305,5516.56,QR,ICICI,BOB,Delhi,2024-05-20T10:06:08,10,0,0,41.320422024693194,3,0,0,0,0,8.615691012562023,0.24117322287857662,0.49999999999999994,-0.8660254037844387,24.02816880987728
TXN603834829,1268.19,P2M,PNB,Axis,Hyderabad,2024-12-14T19:52:23,19,5,0,25.060706321481195,2,0,0,0,0,7.146134180699117,0.33863954810092856,-0.9659258262890684,0.2588190451025203,15.02428252859248
TXN192437650,168.19,P2P,PNB,Axis,Ahmedabad,2024-12-28T20:37:16,20,5,0,28.87454749672703,2,1,0,0,0,5.131022343770705,0.48876631391404174,-0.8660254037844386,0.5000000000000001,36.54981899869081
TXN383025298,153.78,QR,Kotak,SBI,Bangalore,2024-08-22T18:08:38,18,3,0,16.124268105225887,1,0,0,0,0,5.042004753842313,0.49073297454619347,-1.0,-1.8369701987210297e-16,8.949707242090355
TXN233433396,50.0,P2M,PNB,HDFC,Hyderabad,2024-06-13T10:24:55,10,3,0,10.371673136693598,1,0,0,0,0,3.9318256327243257,0.5048967525062706,0.49999999999999994,-0.8660254037844387,6.648669254677439
TXN669858041,5082.44,P2M,HDFC,Axis,Chennai,2024-03-06T13:15:36,13,2,0,21.353070986398855,2,0,0,1,0,8.533743476753852,0.18192501235604133,-0.2588190451025208,-0.9659258262890683,23.541228394559543
TXN900092040,239.93,P2P,SBI,BOB,Kolkata,2024-02-25T17:19:10,17,6,0,10.136466508991042,3,0,0,0,0,5.48450643486848,0.47897531920546654,-0.9659258262890683,-0.25881904510252063,11.554586603596416
TXN153133824,127.53,P2P,SBI,PNB,Delhi,2024-09-20T16:32:34,16,4,0,33.420711653909905,1,0,0,0,0,4.85616234012204,0.4943155450940064,-0.8660254037844384,-0.5000000000000004,15.868284661563962
TXN395964888,1420.27,QR,PNB,BOB,Kolkata,2024-11-07T16:24:32,16,3,0,38.826113162538746,3,1,0,0,0,7.259306117085347,0.3178838403328756,-0.8660254037844384,-0.5000000000000004,43.0304452650155
TXN577863399,803.71,QR,ICICI,HDFC,Hyderabad,2024-08-30T15:11:51,15,4,0,35.158499334298355,3,0,0,0,0,6.690481964066298,0.40203125735990564,-0.7071067811865471,-0.7071067811865479,21.563399733719343
TXN662426688,7121.98,QR,BOB,HDFC,Lucknow,2024-09-27T14:12:41,14,4,0,19.804206881048586,2,0,0,0,0,8.871081456168712,0.46027914321647484,-0.4999999999999997,-0.8660254037844388,12.921682752419436
TXN644290083,945.24,QR,Kotak,BOB,Chennai,2024-03-21T20:12:41,20,3,0,25.94658207947557,3,0,0,0,0,6.852496236664113,0.38271540175487845,-0.8660254037844386,0.5000000000000001,17.878632831790227
TXN794522838,223.8,Auto-Pay,BOB,Axis,Hyderabad,2024-03-27T18:33:33,18,2,0,28.42811815706924,2,0,0,0,0,5.415211118019536,0.4811767235077988,-1.0,-1.8369701987210297e-16,16.371247262827694
TXN816963494,436.31,P2P,PNB,BOB,Bangalore,2024-05-01T17:46:59,17,2,0,21.748584156367087,2,0,0,0,0,6.080642325754031,0.4521735971414855,-0.9659258262890683,-0.25881904510252063,13.699433662546836
TXN366667399,227.14,P2P,SBI,HDFC,Delhi,2024-03-10T13:01:30,13,6,0,22.939688212209667,3,0,0,0,0,5.429959475599752,0.480720884055239,-0.2588190451025208,-0.9659258262890683,16.675875284883865
TXN915122305,1346.64,P2P,PNB,BOB,Ahmedabad,2024-11-07T12:33:45,12,3,0,29.581479416045838,3,0,0,0,0,7.206110193490222,0.32793278012089333,1.2246467991473532e-16,-1.0,19.332591766418336
TXN633347974,661.91,P2M,Kotak,BOB,Ahmedabad,2024-09-03T19:32:57,19,1,0,13.620614084252722,3,0,0,0,0,6.496639234365123,0.4213839622619961,-0.9659258262890684,0.2588190451025203,12.948245633701088
TXN669785492,513.55,P2P,HDFC,ICICI,Lucknow,2024-01-19T11:53:17,11,4,0,22.820749159544008,3,0,0,0,0,6.243292732282101,0.4416319686038447,0.258819045102521,-0.9659258262890682,16.628299663817604
TXN802799840,845.02,P2M,Axis,Kotak,Jaipur,2024-02-23T15:12:23,15,4,0,44.89170358028142,2,0,0,0,0,6.740542999988726,0.3963933149092332,-0.7071067811865471,-0.7071067811865479,22.95668143211257
TXN711184552,1165.98,Collect,BOB,BOB,Delhi,2024-11-29T16:03:58,16,4,0,19.985161842506074,3,0,0,0,0,7.062174494179117,0.352589054222527,-0.8660254037844384,-0.5000000000000004,15.494064737002429
TXN936074439,119.88,P2P,HDFC,Axis,Kolkata,2024-07-18T08:14:19,8,3,0,24.756702136223367,3,0,0,0,0,4.794798317964484,0.49535960851079763,0.8660254037844387,-0.4999999999999998,17.402680854489347
TXN823212731,1636.81,P2M,SBI,Kotak,Jaipur,2024-05-04T08:10:36,8,5,0,14.067849335796618,3,1,0,0,0,7.401115262569066,0.2883307040881742,0.8660254037844387,-0.4999999999999998,33.127139734318646
TXN698504284,227.91,P2P,Kotak,Axis,Jaipur,2024-01-11T14:01:14,14,3,0,21.38300403311125,1,1,0,0,0,5.433328913203914,0.4806157953191698,-0.4999999999999997,-0.8660254037844388,31.0532016132445
TXN929734166,398.75,QR,Axis,Kotak,Mumbai,2024-09-15T10:25:05,10,6,0,21.565981900042125,2,0,0,0,0,5.9908393517140635,0.4572997437996132,0.49999999999999994,-0.8660254037844387,13.62639276001685
TXN837534058,965.22,P2P,BOB,PNB,Chennai,2024-04-26T09:34:42,9,4,0,18.677310760464742,2,0,0,0,0,6.873391551554177,0.3799885537722003,0.7071067811865476,-0.7071067811865475,12.470924304185896
TXN990655275,3686.89,P2P,PNB,Kotak,Delhi,2024-01-10T09:51:10,9,2,0,28.633363912954174,2,0,0,0,0,8.212809757767458,0.008538085853495072,0.7071067811865476,-0.7071067811865475,16.45334556518167
TXN658230074,522.29,P2P,Kotak,PNB,Pune,2024-04-07T17:13:59,17,6,0,21.261192556793077,3,0,0,0,0,6.260135803698153,0.4404391432100205,-0.9659258262890683,-0.25881904510252063,16.004477022717232
TXN685944589,5706.18,Auto-Pay,SBI,Kotak,Chennai,2024-09-21T15:10:06,15,5,0,27.50025757605588,2,0,0,0,0,8.649480310253098,0.2670523477271971,-0.7071067811865471,-0.7071067811865479,16.000103030422352
TXN499245512,198.12,P2M,Kotak,BOB,Jaipur,2024-11-05T19:05:42,19,1,0,16.01032717643734,2,0,0,0,0,5.293907658059337,0.48468150109514496,-0.9659258262890684,0.2588190451025203,11.404130870574935
TXN704050259,7209.11,P2M,HDFC,BOB,Delhi,2024-12-24T12:44:37,12,1,0,14.857889686814872,3,0,0,0,0,8.883239486750686,0.47217054785765356,1.2246467991473532e-16,-1.0,13.44315587472595
TXN876280887,435.07,P2P,Axis,ICICI,Mumbai,2024-09-09T14:15:59,14,0,0,23.44052604045145,3,0,0,1,0,6.077802780920904,0.4523428309502202,-0.4999999999999997,-0.8660254037844388,26.87621041618058
TXN275462036,586.46,QR,Kotak,SBI,Ahmedabad,2024-01-28T16:20:23,16,6,0,25.980488542245993,2,0,0,0,0,6.375808158594035,0.4316812936079955,-0.8660254037844384,-0.5000000000000004,15.392195416898398
TXN890374413,358.88,P2P,Axis,Kotak,Hyderabad,2024-08-21T14:50:21,14,2,0,38.791707741797694,1,0,0,0,0,5.885770642548918,0.4627411566659485,-0.4999999999999997,-0.8660254037844388,18.016683096719078
TXN453694125,114.38,QR,Kotak,SBI,Pune,2024-12-01T14:57:22,14,6,0,40.96123385167995,1,0,0,0,0,4.7482310288287435,0.49611024233986317,-0.4999999999999997,-0.8660254037844388,18.88449354067198
TXN175647887,5203.07,P2P,BOB,ICICI,Mumbai,2024-10-25T20:24:54,20,4,0,16.901694360671225,3,0,0,0,0,8.557196290733321,0.1983884594106194,-0.8660254037844386,0.5000000000000001,14.260677744268492
TXN366513101,50.0,P2P,HDFC,PNB,Bangalore,2024-08-21T13:05:06,13,2,0,43.63081572935398,3,0,0,0,0,3.9318256327243257,0.5048967525062706,-0.2588190451025208,-0.9659258262890683,24.952326291741592
TXN622930791,6149.97,P2P,SBI,ICICI,Bangalore,2024-09-09T10:42:33,10,0,0,14.116336417191679,1,0,0,0,0,8.724365071940744,0.3276203090001075,0.49999999999999994,-0.8660254037844387,8.14653456687667
TXN208855310,196.24,P2P,ICICI,SBI,Kolkata,2024-08-02T17:46:10,17,4,0,30.245671454844373,1,0,0,0,0,5.284421261355925,0.4849380813858073,-0.9659258262890683,-0.25881904510252063,14.59826858193775
TXN965189560,7573.75,P2P,SBI,Axis,Jaipur,2024-11-14T14:40:21,14,3,0,35.85804841438664,1,0,0,0,0,8.93257562653262,0.5219362059359205,-0.4999999999999997,-0.8660254037844388,16.843219365754656
TXN624358390,214.05,P2M,SBI,Kotak,Hyderabad,2024-10-12T18:50:33,18,5,0,26.077138278116035,1,0,0,0,0,5.370870559229745,0.482507392568415,-1.0,-1.8369701987210297e-16,12.930855311246415
TXN770487249,213.31,Auto-Pay,BOB,ICICI,Hyderabad,2024-09-24T16:02:34,16,1,0,11.433303625231792,2,0,0,0,0,5.367423564946584,0.48260838693814384,-0.8660254037844384,-0.5000000000000004,9.573321450092717
TXN498277230,609.96,Auto-Pay,Kotak,ICICI,Ahmedabad,2024-06-16T20:49:12,20,6,0,13.03515703902503,1,0,0,0,0,6.4150314905801284,0.42847403997471534,-0.8660254037844386,0.5000000000000001,7.714062815610013
TXN963223218,9641.67,Auto-Pay,Kotak,Kotak,Mumbai,2024-12-20T12:44:30,12,4,0,36.31908921961459,1,0,0,0,0,9.173953320209574,0.8041636073543323,1.2246467991473532e-16,-1.0,17.027635687845837
TXN135921754,7504.64,P2P,HDFC,PNB,Delhi,2024-02-09T18:54:03,18,4,0,23.063440473273182,3,0,0,0,0,8.923410016914074,0.5125041506765167,-1.0,-1.8369701987210297e-16,16.725376189309273
TXN743671572,78.73,P2P,ICICI,Kotak,Mumbai,2024-11-22T19:20:37,19,4,0,22.755268566975897,1,0,0,0,0,4.378645926514404,0.5009757143409882,-0.9659258262890684,0.2588190451025203,11.60210742679036
TXN158106788,762.53,QR,Axis,Axis,Jaipur,2024-05-30T14:46:01,14,3,0,29.251731516937834,2,0,0,0,0,6.637952416617593,0.4076514575564365,-0.4999999999999997,-0.8660254037844388,16.700692606775135
TXN509875300,50.0,QR,PNB,ICICI,Mumbai,2024-08-22T16:48:35,16,3,0,35.685517234869224,1,0,0,0,0,3.9318256327243257,0.5048967525062706,-0.8660254037844384,-0.5000000000000004,16.774206893947692
TXN381833929,17785.95,QR,ICICI,Axis,Hyderabad,2024-11-10T20:51:25,20,6,0,34.011631850870025,1,0,0,0,0,9.786220321329754,1.915685803969261,-0.8660254037844386,0.5000000000000001,16.10465274034801
TXN913808658,140.05,P2M,ICICI,Axis,Mumbai,2024-02-02T18:55:55,18,4,0,38.24038151979946,2,0,0,0,0,4.949114437448006,0.49260682954129714,-1.0,-1.8369701987210297e-16,20.296152607919787
TXN588808673,2074.97,P2M,Kotak,SBI,Mumbai,2024-12-08T08:00:54,8,6,0,33.352431801796335,1,0,0,0,0,7.638183793314313,0.2285311188984709,0.8660254037844387,-0.4999999999999998,15.840972720718534
TXN364352094,1227.33,QR,Kotak,Axis,Chennai,2024-07-13T08:39:40,8,5,0,17.933685033376737,2,0,0,0,0,7.113410802247439,0.34421607505649565,0.8660254037844387,-0.4999999999999998,12.173474013350695
TXN869328769,1851.89,QR,ICICI,Kotak,Jaipur,2024-04-27T19:45:34,19,5,0,28.433093913899558,1,0,0,0,0,7.524501861328477,0.2589768270053702,-0.9659258262890684,0.2588190451025203,13.873237565559824
TXN625891888,623.03,P2M,Axis,Kotak,Hyderabad,2024-09-17T11:59:14,11,1,0,23.778458014151308,1,0,0,0,0,6.4361984441368465,0.4266902610390995,0.258819045102521,-0.9659258262890682,12.011383205660524
TXN301157194,25000.0,P2P,BOB,HDFC,Ahmedabad,2024-10-16T03:47:07,3,2,1,80.76491014830503,11,1,1,1,1,10.12667110305036,2.90025125389116,0.7071067811865476,0.7071067811865476,104.80596405932201
TXN816721935,2418.5,P2P,Axis,PNB,Hyderabad,2024-12-18T08:27:49,8,2,0,27.272104980842208,3,0,0,0,0,7.791316186233373,0.18164652993503563,0.8660254037844387,-0.4999999999999998,18.408841992336882
TXN543073810,50.0,P2M,SBI,SBI,Hyderabad,2024-08-07T18:28:06,18,2,0,42.467320131861534,1,0,0,0,0,3.9318256327243257,0.5048967525062706,-1.0,-1.8369701987210297e-16,19.486928052744613
TXN159007249,661.86,QR,PNB,Kotak,Kolkata,2024-01-10T13:24:28,13,2,0,22.55171461658836,1,0,0,0,0,6.496563806500526,0.42139078620589665,-0.2588190451025208,-0.9659258262890683,11.520685846635343
TXN902163136,3750.53,P2P,BOB,HDFC,Bangalore,2024-05-13T16:51:47,16,0,0,19.80770537637463,3,0,0,0,0,8.229919035755088,0.00014742994318362913,-0.8660254037844384,-0.5000000000000004,15.423082150549853
TXN665590920,9511.75,Collect,Kotak,BOB,Ahmedabad,2024-07-02T14:29:58,14,1,0,33.72031344204622,3,0,0,0,0,9.160388283033532,0.7864322715230235,-0.4999999999999997,-0.8660254037844388,20.988125376818488
TXN385596583,235.97,Collect,SBI,HDFC,Pune,2024-01-31T17:05:26,17,2,0,22.011792361355177,1,0,0,0,0,5.467933550844437,0.4795157755623937,-0.9659258262890683,-0.25881904510252063,11.30471694454207
TXN508063895,50.0,P2M,Axis,HDFC,Jaipur,2024-05-27T14:26:41,14,0,0,33.14587975172878,1,0,0,0,0,3.9318256327243257,0.5048967525062706,-0.4999999999999997,-0.8660254037844388,15.758351900691512
TXN999373427,370.74,P2M,PNB,Kotak,Bangalore,2024-02-11T12:02:49,12,6,0,25.10275702811141,2,0,0,0,0,5.9181946851802065,0.46112251717272706,1.2246467991473532e-16,-1.0,15.041102811244563
TXN506982384,1378.52,QR,BOB,ICICI,Ahmedabad,2024-05-18T17:12:16,17,5,0,35.08402182688614,1,0,0,0,0,7.22949089155877,0.3235818334898733,-0.9659258262890683,-0.25881904510252063,16.53360873075446
TXN469865880,817.29,QR,SBI,ICICI,Kolkata,2024-10-01T11:57:05,11,1,0,15.055276945427716,3,0,0,0,0,6.70721679700162,0.40017787419650375,0.258819045102521,-0.9659258262890682,13.522110778171086
TXN483136076,6438.06,QR,HDFC,PNB,Bangalore,2024-09-22T10:47:30,10,6,0,25.94862944727113,2,0,0,1,0,8.770137845711885,0.3669385089665619,0.49999999999999994,-0.8660254037844387,25.379451778908454
TXN456024236,2072.01,QR,ICICI,SBI,Delhi,2024-06-26T17:22:32,17,2,0,28.921393737201324,1,0,0,0,0,7.636756936350821,0.22893509637738613,-0.9659258262890683,-0.25881904510252063,14.06855749488053
TXN744608484,974.19,P2M,BOB,SBI,Ahmedabad,2024-03-23T12:36:09,12,5,0,10.118663257919204,3,0,0,0,0,6.882632323807678,0.37876433823643335,1.2246467991473532e-16,-1.0,11.547465303167682
TXN116349139,3231.59,P2P,BOB,HDFC,Pune,2024-08-16T19:01:38,19,4,0,13.24137648135137,2,0,0,0,0,8.081038952485804,0.0706769190123227,-0.9659258262890684,0.2588190451025203,10.296550592540548
TXN551223931,6512.4,P2M,HDFC,HDFC,Bangalore,2024-06-16T20:15:52,20,6,0,34.57851597919945,1,0,0,0,0,8.781616872290817,0.377084348757968,-0.8660254037844386,0.5000000000000001,16.33140639167978
TXN321709527,7914.86,P2M,Axis,Axis,Pune,2024-02-16T19:36:45,19,4,0,35.64987302124121,2,0,0,0,0,8.976623620866214,0.5684905160145668,-0.9659258262890684,0.2588190451025203,19.259949208496487
TXN462206245,976.07,P2P,BOB,ICICI,Lucknow,2024-09-18T16:25:01,16,2,0,44.99377578765099,2,0,0,0,0,6.884558297377935,0.3785077579457709,-0.8660254037844384,-0.5000000000000004,22.997510315060396
TXN483471893,8225.46,P2M,PNB,Axis,Mumbai,2024-10-24T14:55:46,14,3,0,16.844038490894,1,0,0,0,0,9.015111067479747,0.6108808555250695,-0.4999999999999997,-0.8660254037844388,9.2376153963576
TXN772544949,199.56,P2P,ICICI,SBI,Lucknow,2024-11-16T08:41:58,8,5,0,31.339628966656893,2,0,0,0,0,5.301113453850038,0.48448497151080777,0.8660254037844387,-0.4999999999999998,17.53585158666276
TXN683572150,1055.9,Auto-Pay,Kotak,SBI,Delhi,2024-12-21T14:18:28,14,5,0,33.72819592993781,3,0,0,0,0,6.963095374015301,0.36761264911407926,-0.4999999999999997,-0.8660254037844388,20.991278371975127
TXN128516716,1538.63,QR,SBI,BOB,Jaipur,2024-10-30T09:46:19,9,2,0,18.274747197183004,2,0,0,1,0,7.33929740680042,0.3017302003313846,0.7071067811865476,-0.7071067811865475,22.309898878873202
TXN714541529,861.93,QR,Kotak,PNB,Hyderabad,2024-07-23T11:42:54,11,1,0,15.563504155391033,1,0,0,0,0,6.7603335753950295,0.3940854570820516,0.258819045102521,-0.9659258262890682,8.725401662156415
TXN105436178,637.41,P2P,PNB,ICICI,Hyderabad,2024-01-10T08:18:09,8,2,0,22.47133250197115,1,0,0,0,0,6.458980710173318,0.42472769477328814,0.8660254037844387,-0.4999999999999998,11.488533000788461
TXN579776643,487.02,Auto-Pay,Axis,PNB,Ahmedabad,2024-06-09T14:13:24,14,6,0,16.841296372126504,1,0,0,0,0,6.190356388619899,0.4452527532375009,-0.4999999999999997,-0.8660254037844388,9.2365185488506
TXN380337193,111.6,P2M,Kotak,SBI,Mumbai,2024-11-01T09:17:15,9,4,0,26.7012163188921,3,0,0,0,0,4.72384171570559,0.4964896536207363,0.7071067811865476,-0.7071067811865475,18.18048652755684
TXN295243604,6280.78,P2P,Axis,PNB,Lucknow,2024-07-06T18:14:35,18,5,0,21.88141577768966,1,0,0,0,0,8.745408658791307,0.34547311103284684,-1.0,-1.8369701987210297e-16,11.252566311075865
TXN242367109,50.0,P2M,BOB,HDFC,Hyderabad,2024-02-05T18:10:59,18,0,0,21.66605359673599,2,0,0,0,0,3.9318256327243257,0.5048967525062706,-1.0,-1.8369701987210297e-16,13.666421438694396
TXN511520530,3813.4,P2M,HDFC,ICICI,Pune,2024-02-04T09:15:11,9,6,0,40.457356533057684,2,0,0,0,0,8.246538657430976,0.008727857003793091,0.7071067811865476,-0.7071067811865475,21.182942613223073
TXN497230536,8505.64,Auto-Pay,BOB,SBI,Chennai,2024-05-11T19:02:51,19,5,0,24.24242191513241,1,0,0,0,0,9.048602313989464,0.6491195075664495,-0.9659258262890684,0.2588190451025203,12.196968766052965
TXN413548058,131.88,P2P,SBI,Axis,Lucknow,2024-04-06T09:06:00,9,5,0,13.87112596056063,2,0,0,0,0,4.889446465305039,0.49372186197465456,0.7071067811865476,-0.7071067811865475,10.548450384224253
TXN941936423,897.23,QR,SBI,SBI,Chennai,2024-04-12T10:50:56,10,4,0,37.39072266405282,1,0,0,0,0,6.800426160229466,0.3892677526882308,0.49999999999999994,-0.8660254037844387,17.456289065621128
TXN762463446,1812.2,P2P,Axis,Kotak,Jaipur,2024-08-04T12:04:31,12,6,0,42.976029709157395,2,0,0,0,0,7.502848519066694,0.26439367367366334,1.2246467991473532e-16,-1.0,22.190411883662957
TXN265272818,1031.09,P2M,SBI,PNB,Chennai,2024-11-23T08:43:49,8,5,0,24.952298451328,1,0,0,0,0,6.939341151541323,0.3709986900775551,0.8660254037844387,-0.4999999999999998,12.480919380531201
TXN490768192,9282.25,QR,HDFC,PNB,Chennai,2024-03-30T14:29:10,14,5,0,34.34832209481242,3,0,0,0,0,9.135966979986348,0.7551103690192876,-0.4999999999999997,-0.8660254037844388,21.239328837924965
TXN448056932,311.76,QR,Kotak,PNB,Ahmedabad,2024-03-07T19:58:35,19,3,0,29.650623429160227,3,0,0,0,0,5.745436123256313,0.4691720413978702,-0.9659258262890684,0.2588190451025203,19.36024937166409
TXN716551677,129.01,QR,Kotak,SBI,Mumbai,2024-11-11T18:11:12,18,0,0,36.45269350098558,1,0,0,0,0,4.867611370574077,0.49411355635454884,-1.0,-1.8369701987210297e-16,17.081077400394236
TXN758768410,5276.17,P2M,PNB,SBI,Chennai,2024-11-14T14:44:40,14,3,0,34.56712627128434,1,0,0,0,0,8.571145248160597,0.20836506539329086,-0.4999999999999997,-0.8660254037844388,16.326850508513736
TXN702373112,1057.63,P2P,SBI,BOB,Pune,2024-10-08T14:29:09,14,1,0,41.8855494992727,1,0,0,0,0,6.964730898338415,0.36737654065511866,-0.4999999999999997,-0.8660254037844388,19.25421979970908
TXN964441960,1380.12,P2M,ICICI,SBI,Kolkata,2024-08-02T11:41:28,11,4,0,27.103959067604183,1,0,0,0,0,7.2306500431896605,0.3233634672850542,0.258819045102521,-0.9659258262890682,13.341583627041674
TXN141803770,137.55,P2M,SBI,HDFC,Pune,2024-12-29T16:20:21,16,6,0,18.714562530292667,3,0,0,0,0,4.931231271308987,0.492948026736327,-0.8660254037844384,-0.5000000000000004,14.985825012117068
TXN575860229,50.0,P2M,BOB,SBI,Hyderabad,2024-11-18T20:18:09,20,0,0,41.4897782163221,2,0,0,0,0,3.9318256327243257,0.5048967525062706,-0.8660254037844386,0.5000000000000001,21.595911286528843
TXN801253039,662.42,P2P,BOB,HDFC,Pune,2024-08-27T10:05:27,10,1,0,27.907049995964726,1,0,0,0,0,6.497408273782366,0.42131435803420997,0.49999999999999994,-0.8660254037844387,13.662819998385892
TXN473173362,2014.93,P2P,BOB,Axis,Mumbai,2024-03-19T11:00:27,11,1,0,12.797221178116551,2,0,0,0,0,7.608835906366207,0.2367253107343066,0.258819045102521,-0.9659258262890682,10.11888847124662
TXN448114882,1267.51,P2P,Kotak,SBI,Mumbai,2024-08-05T16:33:19,16,0,0,18.88166483640231,1,0,0,0,0,7.145598262335027,0.33873235373797667,-0.8660254037844384,-0.5000000000000004,10.052665934560924
TXN780352998,431.0,P2M,Kotak,Axis,Jaipur,2024-01-02T10:45:29,10,1,0,13.740403091426465,2,0,0,0,0,6.068425588244111,0.45289829998372877,0.49999999999999994,-0.8660254037844387,10.496161236570586
TXN454783621,1926.5,P2P,SBI,ICICI,Pune,2024-11-05T08:52:30,8,1,0,37.343437174339115,1,0,0,0,0,7.563979105437484,0.24879413791690078,0.8660254037844387,-0.4999999999999998,17.43737486973565
TXN529039144,17565.86,P2P,Axis,HDFC,Lucknow,2024-01-09T12:36:15,12,1,0,41.732018439539004,3,0,0,0,0,9.773769451493381,1.8856481677076173,1.2246467991473532e-16,-1.0,24.1928073758156
TXN284000789,2114.06,Auto-Pay,Kotak,HDFC,Bangalore,2024-05-19T16:44:55,16,6,0,29.32684779791282,3,0,0,0,0,7.656838459872318,0.22319615955698488,-0.8660254037844384,-0.5000000000000004,19.23073911916513
TXN350229612,7572.86,P2P,ICICI,BOB,Chennai,2024-12-07T14:38:33,14,5,0,43.52196483621298,2,0,0,0,0,8.93245812400255,0.5218147397344898,-0.4999999999999997,-0.8660254037844388,22.40878593448519
TXN505772796,467.09,P2P,SBI,HDFC,Bangalore,2024-05-29T12:14:34,12,2,0,30.896642091349207,2,0,0,0,0,6.148660585121201,0.4479727772762785,1.2246467991473532e-16,-1.0,17.358656836539684
TXN829468028,23346.03,P2M,ICICI,HDFC,Lucknow,2024-02-11T19:29:04,19,6,0,42.711729412386774,2,0,0,0,0,10.058225060146277,2.674519284025783,-0.9659258262890684,0.2588190451025203,22.08469176495471
TXN526814992,50.0,P2M,PNB,HDFC,Jaipur,2024-12-10T08:45:17,8,1,0,26.11333063990921,3,0,0,0,0,3.9318256327243257,0.5048967525062706,0.8660254037844387,-0.4999999999999998,17.945332255963685
TXN580356890,805.88,QR,SBI,HDFC,Lucknow,2024-03-15T15:05:27,15,4,0,30.803302952697837,3,0,0,1,0,6.693174958328415,0.4017350981946198,-0.7071067811865471,-0.7071067811865479,29.821321181079135
TXN125199848,83.52,P2M,PNB,PNB,Chennai,2024-02-12T17:22:14,17,0,0,28.492064270279396,3,0,0,0,0,4.436988192747856,0.5003219805153111,-0.9659258262890683,-0.25881904510252063,18.89682570811176
TXN939085822,127.41,Auto-Pay,Kotak,HDFC,Pune,2024-04-09T14:51:07,14,1,0,36.77379921523031,3,0,0,0,0,4.855228269843183,0.49433192255936786,-0.4999999999999997,-0.8660254037844388,22.209519686092126
TXN573798197,1391.85,P2P,BOB,SBI,Jaipur,2024-09-20T17:16:08,17,4,0,16.448224686092914,3,0,0,0,0,7.239107286718302,0.3217625700459744,-0.9659258262890683,-0.25881904510252063,14.079289874437166
TXN476526735,52.52,P2P,Axis,ICICI,Hyderabad,2024-08-09T09:37:55,9,4,0,11.572746637278888,1,0,0,0,0,3.9800554158199732,0.5045528257336807,0.7071067811865476,-0.7071067811865475,7.129098654911555
TXN606403767,7853.03,P2P,ICICI,PNB,Jaipur,2024-03-23T18:30:10,18,5,0,37.45273809044081,2,0,0,0,0,8.968782054840363,0.5600520269870897,-1.0,-1.8369701987210297e-16,19.981095236176323
TXN885511577,1391.91,P2M,ICICI,PNB,Lucknow,2024-04-18T09:43:04,9,3,0,13.13914636567338,2,0,0,0,0,7.2391503629344935,0.32175438131329365,0.7071067811865476,-0.7071067811865475,10.255658546269352
TXN795150809,128.97,P2M,PNB,HDFC,Jaipur,2024-01-11T17:39:37,17,3,0,18.960543614878176,3,0,0,0,0,4.867303654593497,0.4941190155096693,-0.9659258262890683,-0.25881904510252063,15.084217445951271
TXN860354363,51.28,P2P,PNB,HDFC,Chennai,2024-03-03T15:55:18,15,6,0,30.687362940334744,1,0,0,0,0,3.956613888756021,0.5047220595424153,-0.7071067811865471,-0.7071067811865479,14.774945176133897
TXN456557132,977.2,Auto-Pay,BOB,BOB,Jaipur,2024-12-13T09:07:00,9,4,0,32.642559234313865,2,1,0,0,0,6.885714148105257,0.37835353681361744,0.7071067811865476,-0.7071067811865475,38.05702369372555
TXN341681003,45000.0,P2P,Axis,BOB,Ahmedabad,2024-01-18T09:32:17,9,3,0,65.29638912803162,6,1,1,1,1,10.714439990727769,5.629828814129581,0.7071067811865476,-0.7071067811865475,71.11855565121265
TXN863142368,1056.98,QR,Axis,SBI,Mumbai,2024-04-03T08:38:48,8,2,0,32.24212561456444,3,0,0,0,0,6.964116708647887,0.3674652519258264,0.8660254037844387,-0.4999999999999998,20.396850245825778
TXN941643395,617.94,P2P,BOB,PNB,Delhi,2024-08-11T10:17:50,10,6,0,24.029416463729948,2,0,0,0,0,6.42800833745341,0.4273849385281802,0.49999999999999994,-0.8660254037844387,14.61176658549198
TXN455157431,774.24,P2M,Axis,PNB,Pune,2024-02-02T17:35:17,17,4,0,35.79516356277952,2,0,0,0,0,6.653172658832547,0.4060532898949169,-0.9659258262890683,-0.25881904510252063,19.31806542511181
TXN865905103,8293.39,QR,HDFC,HDFC,Jaipur,2024-03-09T15:41:44,15,5,0,32.38476732116358,3,0,0,0,0,9.023334661644403,0.6201518657084193,-0.7071067811865471,-0.7071067811865479,20.453906928465432
TXN120201747,5872.91,P2P,ICICI,ICICI,Hyderabad,2024-11-18T12:15:31,12,0,0,25.173710805905095,1,0,0,0,0,8.67827578988429,0.2898074710581246,1.2246467991473532e-16,-1.0,12.569484322362038
TXN659241802,188.77,P2P,ICICI,HDFC,Ahmedabad,2024-02-04T17:52:38,17,6,0,38.896684119062336,2,0,0,0,0,5.245812812565887,0.4859575786045564,-0.9659258262890683,-0.25881904510252063,20.558673647624936
TXN730699168,6813.27,QR,Axis,Axis,Kolkata,2024-12-19T12:30:57,12,3,0,39.799701303876546,2,0,0,0,0,8.826774221738797,0.4181467487854148,1.2246467991473532e-16,-1.0,20.919880521550617
TXN447943842,1315.14,P2P,Axis,SBI,Chennai,2024-08-06T19:15:47,19,1,0,20.886844184183698,2,0,0,0,0,7.182458489205718,0.3322318647782689,-0.9659258262890684,0.2588190451025203,13.35473767367348
TXN939040100,1028.66,QR,HDFC,ICICI,Pune,2024-06-11T10:13:47,10,1,0,19.64448345424301,1,0,0,1,0,6.936983929642267,0.37133033375112395,0.49999999999999994,-0.8660254037844387,20.357793381697203
TXN581239153,1163.73,P2P,HDFC,Axis,Jaipur,2024-08-13T08:10:22,8,1,0,11.873171141182887,1,0,0,0,0,7.060244579482729,0.35289613169805384,0.8660254037844387,-0.4999999999999998,7.249268456473155
TXN934224071,563.18,P2M,HDFC,SBI,Pune,2024-05-25T10:43:15,10,5,0,37.09754453582256,3,0,0,0,0,6.335373349517041,0.434858521888113,0.49999999999999994,-0.8660254037844387,22.339017814329026
TXN289979926,1848.96,P2P,BOB,PNB,Pune,2024-04-07T22:01:28,22,6,1,89.4081968894256,10,0,0,0,1,7.522919296216998,0.25937671011794516,-0.5000000000000004,0.8660254037844384,75.76327875577024
TXN799382163,1240.93,QR,Axis,Kotak,Jaipur,2024-09-07T13:15:53,13,5,0,41.494680210248546,3,0,0,0,0,7.124421900196565,0.34235996231553356,-0.2588190451025208,-0.9659258262890683,24.097872084099418
TXN795438962,25000.0,P2P,Axis,SBI,Pune,2024-01-06T23:55:33,23,5,1,86.49105015410063,15,1,1,1,1,10.12667110305036,2.90025125389116,-0.25881904510252157,0.9659258262890681,117.09642006164026
TXN110047595,456.01,QR,PNB,PNB,Mumbai,2024-01-17T08:24:42,8,2,0,13.608281110481071,1,0,0,0,0,6.124705272492875,0.44948496324465065,0.8660254037844387,-0.4999999999999998,7.943312444192429
TXN165018961,221.24,P2P,Kotak,BOB,Chennai,2024-04-13T11:34:02,11,5,0,25.27376408004447,1,1,0,0,0,5.403757879006034,0.4815261094355093,0.258819045102521,-0.9659258262890682,32.609505632017786
TXN905957091,21257.87,P2P,HDFC,PNB,Bangalore,2024-05-06T19:06:15,19,0,0,39.435762078786155,3,0,0,0,0,9.964529499025213,2.3895295501164098,-0.9659258262890684,0.2588190451025203,23.274304831514463
TXN483202199,3871.59,P2P,Axis,PNB,Kolkata,2024-05-07T11:33:22,11,1,0,24.693890577089565,2,0,0,0,0,8.261678812821478,0.016669562915306788,0.258819045102521,-0.9659258262890682,14.877556230835827
TXN812654266,3273.12,P2P,Axis,ICICI,Mumbai,2024-05-26T14:14:58,14,6,0,18.72815257985622,3,0,0,1,0,8.093804409672348,0.06500895120848765,-0.4999999999999997,-0.8660254037844388,24.99126103194249
TXN733864930,50.0,P2M,Kotak,ICICI,Jaipur,2024-11-25T18:30:02,18,0,0,37.246624971214615,1,0,0,0,0,3.9318256327243257,0.5048967525062706,-1.0,-1.8369701987210297e-16,17.398649988485847
TXN921281610,233.61,QR,HDFC,ICICI,Pune,2024-06-20T13:45:25,13,3,0,27.929966006757457,1,0,0,0,0,5.457924561056874,0.4798378657145018,-0.2588190451025208,-0.9659258262890683,13.671986402702984
TXN440794390,3841.33,P2P,Kotak,PNB,Hyderabad,2024-07-03T18:28:21,18,2,0,42.46930399131423,1,0,0,0,0,8.253834232404115,0.012539712066666025,-1.0,-1.8369701987210297e-16,19.48772159652569
TXN899034419,1315.64,QR,ICICI,HDFC,Ahmedabad,2024-01-17T16:11:21,16,2,0,23.375046577196095,1,0,0,0,0,7.182838315857403,0.3321636253392629,-0.8660254037844384,-0.5000000000000004,11.850018630878438
TXN591748779,1100.52,P2P,HDFC,HDFC,Mumbai,2024-04-28T16:18:53,16,6,0,18.502918836650707,1,0,0,0,0,7.004446323136117,0.36152296157718733,-0.8660254037844384,-0.5000000000000004,9.901167534660283
TXN130877425,1451.41,QR,Axis,ICICI,Lucknow,2024-08-15T10:53:09,10,3,0,31.27881169892475,3,0,0,0,0,7.280979524672083,0.3136338880715843,0.49999999999999994,-0.8660254037844387,20.011524679569902
TXN426801348,325.84,P2M,HDFC,HDFC,Mumbai,2024-04-20T18:24:15,18,5,0,12.368573783029419,1,0,0,0,0,5.789470754516507,0.46725041879546236,-1.0,-1.8369701987210297e-16,7.447429513211768
TXN244323899,720.24,Collect,PNB,HDFC,Lucknow,2024-02-16T19:38:38,19,4,0,43.94333212117238,2,0,0,0,0,6.580971952908167,0.4134231493075607,-0.9659258262890684,0.2588190451025203,22.577332848468952
TXN555640940,119.66,P2M,BOB,HDFC,Lucknow,2024-01-26T09:41:30,9,4,0,41.0503254721834,2,0,0,0,0,4.792976673012616,0.4953896338639603,0.7071067811865476,-0.7071067811865475,21.42013018887336
TXN258372492,1503.1,P2M,BOB,ICICI,Jaipur,2024-06-21T09:49:58,9,4,0,21.102561597542973,2,0,0,0,0,7.315949991661167,0.3065792948671482,0.7071067811865476,-0.7071067811865475,13.44102463901719
TXN393424528,102.75,P2P,SBI,PNB,Hyderabad,2024-07-08T15:10:20,15,0,0,31.944144572348236,2,0,0,0,0,4.641984159110808,0.49769749169114186,-0.7071067811865471,-0.7071067811865479,17.777657828939297
TXN672204526,328.8,P2M,Axis,HDFC,Mumbai,2024-05-02T19:58:39,19,3,0,22.56271660885669,2,0,0,0,0,5.7984864101254985,0.46684644131654707,-0.9659258262890684,0.2588190451025203,14.025086643542677
TXN894243515,1161.92,QR,HDFC,PNB,Ahmedabad,2024-07-07T08:30:18,8,6,0,24.15589242551672,1,0,0,1,0,7.058689362534459,0.3531431584672554,0.8660254037844387,-0.4999999999999998,22.162356970206687
TXN383815902,63.9,QR,HDFC,PNB,Hyderabad,2024-06-12T14:46:37,14,2,0,39.54113224133778,3,0,0,0,0,4.1728476237100445,0.502999696101905,-0.4999999999999997,-0.8660254037844388,23.31645289653511
TXN411411697,1990.86,Collect,Kotak,SBI,Hyderabad,2024-02-05T17:20:55,17,0,0,24.98359698177137,1,0,0,0,0,7.5968241545502115,0.24001035732805356,-0.9659258262890683,-0.25881904510252063,12.493438792708549
TXN129201288,20000.0,Collect,Kotak,Kotak,Kolkata,2024-11-08T03:16:12,3,4,1,78.03530261092699,18,1,1,1,1,9.90353755128617,2.2178568638315546,0.7071067811865476,0.7071067811865476,121.2141210443708
TXN286090221,50.0,P2P,HDFC,ICICI,Lucknow,2024-12-04T09:01:40,9,2,0,17.612261398704007,3,0,0,0,0,3.9318256327243257,0.5048967525062706,0.7071067811865476,-0.7071067811865475,14.544904559481603
TXN538312589,3637.63,P2M,PNB,Axis,Lucknow,2024-01-04T13:06:11,13,3,0,26.06208879343424,1,0,0,0,0,8.199362516158082,0.015261035384362272,-0.2588190451025208,-0.9659258262890683,12.924835517373696
TXN781474349,50000.0,Collect,Axis,Axis,Pune,2024-02-17T15:32:26,15,5,0,85.83263553954721,7,1,1,0,1,10.819798284210286,6.312223204189186,-0.7071067811865471,-0.7071067811865479,71.83305421581889
TXN862873614,8392.8,QR,ICICI,SBI,Jaipur,2024-11-06T16:15:55,16,2,0,36.770676995691176,2,0,0,0,0,9.03524861706691,0.6337192309715843,-0.8660254037844384,-0.5000000000000004,19.708270798276473
TXN464775393,1754.12,P2M,Kotak,SBI,Kolkata,2024-09-17T20:18:11,20,1,0,38.62377257481667,1,0,0,0,0,7.470292509630806,0.27232036690859573,-0.8660254037844386,0.5000000000000001,17.949509029926666
TXN353620206,30000.0,P2P,ICICI,SBI,Chennai,2024-03-27T22:07:37,22,2,1,89.44025009193035,15,1,1,0,1,10.308985993422082,3.5826456439507655,-0.5000000000000004,0.8660254037844384,108.27610003677214
TXN792875690,242.95,QR,Axis,SBI,Pune,2024-09-27T10:27:39,10,4,0,27.25473501865861,1,0,0,0,0,5.496963286261846,0.47856315299387053,0.49999999999999994,-0.8660254037844387,13.401894007463445
TXN237823135,1001.99,QR,BOB,BOB,Lucknow,2024-03-23T13:19:44,13,5,0,30.48494154140497,2,0,0,0,0,6.910740817822503,0.3749702254277019,-0.2588190451025208,-0.9659258262890683,17.19397661656199
TXN114445343,163.3,P2P,Axis,BOB,Ahmedabad,2024-04-14T16:25:22,16,6,0,12.647700906602907,1,0,0,0,0,5.101694025043223,0.48943369562752,-0.8660254037844384,-0.5000000000000004,7.559080362641163
TXN311134256,5527.61,P2P,Kotak,HDFC,Hyderabad,2024-01-27T13:17:44,13,5,0,18.46747048417328,1,0,0,0,0,8.61769170668241,0.24268131448060826,-0.2588190451025208,-0.9659258262890683,9.886988193669312
TXN151754265,1714.02,P2P,Kotak,Axis,Kolkata,2024-11-15T16:21:51,16,4,0,10.683524810392166,1,0,0,0,0,7.447180021339622,0.2777931699168738,-0.8660254037844384,-0.5000000000000004,6.773409924156867
TXN528113695,1229.4,P2M,PNB,PNB,Delhi,2024-11-25T01:56:58,1,0,1,71.29568353826578,10,1,0,1,1,7.115094598751379,0.34393356377901096,0.25881904510252074,0.9659258262890683,98.51827341530631
TXN393738685,253.75,Auto-Pay,Kotak,BOB,Bangalore,2024-09-29T20:44:43,20,6,0,32.11143294579712,2,0,0,0,0,5.540282672102834,0.47708918111134174,-0.8660254037844386,0.5000000000000001,17.844573178318846
TXN136144501,1807.22,P2P,PNB,HDFC,Delhi,2024-12-06T17:54:13,17,4,0,14.282532135921409,3,0,0,0,0,7.500098214965468,0.2650733384861627,-0.9659258262890683,-0.25881904510252063,13.213012854368564
TXN498394950,50.0,QR,Axis,PNB,Chennai,2024-09-02T09:54:59,9,0,0,26.386372661896768,1,0,0,0,0,3.9318256327243257,0.5048967525062706,0.7071067811865476,-0.7071067811865475,13.054549064758708
TXN179117906,94.87,P2P,Axis,BOB,Delhi,2024-05-28T13:42:52,13,1,0,38.16245940671371,3,0,0,0,0,4.562993107088905,0.4987729452498758,-0.2588190451025208,-0.9659258262890683,22.764983762685482
TXN550756868,2521.94,P2P,Axis,Kotak,Mumbai,2024-08-23T09:41:19,9,4,0,41.814331217020246,2,0,0,0,0,7.833180167145438,0.1675291547934825,0.7071067811865476,-0.7071067811865475,21.7257324868081
TXN239021798,482.72,P2P,Axis,Axis,Ahmedabad,2024-12-23T14:44:33,14,0,0,43.521062159103764,2,0,0,0,0,6.181506226917075,0.4458396124129522,-0.4999999999999997,-0.8660254037844388,22.408424863641507
TXN313737126,6904.01,P2P,PNB,Axis,Delhi,2024-09-16T11:05:51,11,0,0,12.725764618195177,2,0,0,0,0,8.840002514068267,0.4305308421762165,0.258819045102521,-0.9659258262890682,10.09030584727807
TXN895592453,8838.12,P2P,Axis,Axis,Jaipur,2024-04-07T09:39:43,9,6,0,13.431094782973393,2,0,0,0,0,9.086942603165195,0.6944960049278532,0.7071067811865476,-0.7071067811865475,10.372437913189358
TXN114989906,207.16,P2P,ICICI,HDFC,Ahmedabad,2024-06-08T09:31:40,9,5,0,33.18001993052194,1,0,0,0,0,5.338307014764196,0.4834477320379172,0.7071067811865476,-0.7071067811865475,15.772007972208776
TXN882006845,459.56,P2M,Kotak,HDFC,Jaipur,2024-10-25T10:29:46,10,4,0,17.621613752507287,3,0,0,0,0,6.132443140367554,0.4490004632277083,0.49999999999999994,-0.8660254037844387,14.548645501002916
TXN854427877,699.5,Collect,PNB,HDFC,Delhi,2024-01-16T18:35:37,18,1,0,42.51796871777915,1,0,0,0,0,6.551794365777062,0.41625372123752796,-1.0,-1.8369701987210297e-16,19.50718748711166
TXN641634367,354.95,P2P,HDFC,ICICI,Pune,2024-11-15T08:12:01,8,4,0,42.20674099184738,1,0,0,0,0,5.874790271549882,0.4632775186565354,0.8660254037844387,-0.4999999999999998,19.382696396738954
TXN718688857,138.3,P2P,HDFC,ICICI,Kolkata,2024-08-16T17:50:53,17,4,0,30.008613956665133,2,0,0,0,0,4.93662988078576,0.492845667577818,-0.9659258262890683,-0.25881904510252063,17.003445582666053
TXN530002244,818.46,P2P,Axis,BOB,Kolkata,2024-09-10T18:42:09,18,1,0,37.507734831910895,3,0,0,0,0,6.708645586742473,0.4000181939092298,-1.0,-1.8369701987210297e-16,22.503093932764358
TXN474567861,255.52,P2P,Axis,SBI,Pune,2024-08-16T14:05:18,14,4,0,25.87263945795543,1,0,0,0,0,5.547206634280662,0.4768476134972607,-0.4999999999999997,-0.8660254037844388,12.849055783182173
TXN192404786,957.57,QR,SBI,Axis,Kolkata,2024-05-26T09:59:47,9,6,0,20.244885080863277,2,0,0,0,0,6.865442590596338,0.38103261718899145,0.7071067811865476,-0.7071067811865475,13.097954032345312
TXN133942384,1134.62,P2M,PNB,ICICI,Jaipur,2024-08-16T11:23:30,11,4,0,35.14600447927938,3,0,0,0,0,7.034934036278883,0.3568690318369809,0.258819045102521,-0.9659258262890682,21.558401791711752
TXN460297065,297.8,Auto-Pay,Axis,Kotak,Bangalore,2024-07-02T08:28:57,8,1,0,33.48189669959033,2,0,0,0,0,5.699774453258662,0.4710772865349166,0.8660254037844387,-0.4999999999999998,18.392758679836135
TXN195105443,2012.93,P2M,BOB,ICICI,Chennai,2024-02-05T13:29:53,13,0,0,15.87231161089371,2,0,0,0,0,7.607843315971401,0.23699826849033043,-0.2588190451025208,-0.9659258262890683,11.348924644357485
TXN472398000,426.98,Auto-Pay,ICICI,SBI,Jaipur,2024-10-27T19:25:37,19,6,0,41.6921317121964,2,0,0,0,0,6.059076465518002,0.45344694507333666,-0.9659258262890684,0.2588190451025203,21.67685268487856
TXN843281933,511.19,P2P,Kotak,PNB,Mumbai,2024-11-28T13:13:10,13,3,0,39.6675801328215,3,0,0,0,0,6.238695649951252,0.4419540587559528,-0.2588190451025208,-0.9659258262890683,23.3670320531286
TXN414173605,364.28,Auto-Pay,Axis,SBI,Chennai,2024-09-29T16:08:19,16,6,0,24.51575308854978,1,0,0,0,0,5.900664182781485,0.4620041707246841,-0.8660254037844384,-0.5000000000000004,12.306301235419912
TXN885910147,313.51,P2P,Axis,ICICI,Hyderabad,2024-12-20T19:37:09,19,4,0,23.762033034103844,3,0,0,0,0,5.751015872137382,0.46893320336134936,-0.9659258262890684,0.2588190451025203,17.00481321364154
TXN393518216,280.69,QR,PNB,ICICI,Hyderabad,2024-12-22T08:14:48,8,6,0,28.894520259364782,2,0,0,0,0,5.640807175494688,0.4734124401377006,0.8660254037844387,-0.4999999999999998,16.557808103745913
TXN659813992,1001.52,QR,HDFC,Axis,Chennai,2024-11-15T03:58:53,3,4,1,68.63719820699527,10,1,0,0,1,6.910272109106411,0.37503437050036753,0.7071067811865476,0.7071067811865476,87.4548792827981
TXN176328305,50.0,QR,Kotak,ICICI,Delhi,2024-03-17T08:12:24,8,6,0,23.903149390468077,1,0,0,0,0,3.9318256327243257,0.5048967525062706,0.8660254037844387,-0.4999999999999998,12.061259756187232
TXN659368636,348.02,P2M,Axis,PNB,Chennai,2024-08-02T09:07:24,9,4,0,43.139360876130155,2,1,0,0,0,5.855129227150725,0.46422331728115795,0.7071067811865476,-0.7071067811865475,42.25574435045206
TXN939356770,6585.0,QR,PNB,BOB,Kolkata,2024-06-11T13:27:54,13,1,0,17.572473708575792,3,0,0,0,0,8.792701462936309,0.38699271530163354,-0.2588190451025208,-0.9659258262890683,14.528989483430317
TXN922095611,10231.56,P2P,Axis,HDFC,Bangalore,2024-07-08T17:33:28,17,0,0,13.649802900065659,1,0,0,0,0,9.233330072019047,0.8846711327047844,-0.9659258262890683,-0.25881904510252063,7.959921160026264
TXN364196097,2023.74,P2P,ICICI,SBI,Chennai,2024-06-23T15:16:24,15,6,0,18.804409075200375,2,0,0,0,0,7.61319657623556,0.2355229318190216,-0.7071067811865471,-0.7071067811865479,12.521763630080152
TXN253525117,812.59,P2M,Axis,BOB,Mumbai,2024-04-24T01:52:29,1,2,1,74.21815573463577,12,1,0,0,1,6.7014565536067,0.40081932492315975,0.25881904510252074,0.9659258262890683,94.6872622938543
TXN921752474,237.07,QR,BOB,SBI,Hyderabad,2024-06-27T12:55:53,12,3,0,33.66165027074362,1,0,0,0,0,5.472564748074418,0.47936564879658056,1.2246467991473532e-16,-1.0,15.96466010829745
TXN406706513,95.83,QR,SBI,PNB,Chennai,2024-06-20T09:05:30,9,3,0,41.22609456950116,2,0,0,0,0,4.57295686362344,0.49864192552698433,0.7071067811865476,-0.7071067811865475,21.490437827800463
TXN327280625,2055.94,P2P,PNB,HDFC,Kolkata,2024-08-02T20:21:09,20,4,0,29.881697961955812,1,0,0,0,0,7.628974720535273,0.23112831194703773,-0.8660254037844386,0.5000000000000001,14.452679184782326
TXN897746895,15000.0,P2P,Axis,Axis,Mumbai,2024-10-02T06:50:08,6,2,0,79.35541677426585,15,1,1,1,1,9.61587214452889,1.5354624737719493,1.0,6.123233995736766e-17,99.24216670970634
TXN985685887,301.54,P2P,Kotak,Axis,Mumbai,2024-04-20T15:38:36,15,5,0,17.11808955785623,3,0,0,0,0,5.7122135001340535,0.4705668555311521,-0.7071067811865471,-0.7071067811865479,14.347235823142492
TXN971607022,50.0,P2M,PNB,SBI,Kolkata,2024-04-18T13:46:07,13,3,0,27.883782661429223,1,0,0,0,0,3.9318256327243257,0.5048967525062706,-0.2588190451025208,-0.9659258262890683,13.65351306457169
TXN316805671,16051.46,P2P,BOB,Axis,Ahmedabad,2024-08-15T09:06:59,9,3,0,10.817185627412357,3,0,0,0,0,9.683617387841394,1.6789645548463639,0.7071067811865476,-0.7071067811865475,11.826874250964943
TXN981655304,50.0,QR,PNB,Axis,Jaipur,2024-10-23T12:00:42,12,2,0,12.486657532007222,3,0,0,0,0,3.9318256327243257,0.5048967525062706,1.2246467991473532e-16,-1.0,12.494663012802889
TXN931072849,10065.61,Collect,Kotak,Axis,Delhi,2024-06-21T12:13:36,12,4,0,33.57790157737851,1,0,0,0,0,9.216979285539935,0.8620224628987062,1.2246467991473532e-16,-1.0,15.931160630951405
TXN578782033,50.0,P2P,PNB,BOB,Jaipur,2024-01-15T08:50:44,8,0,0,21.36265865013566,3,0,0,0,0,3.9318256327243257,0.5048967525062706,0.8660254037844387,-0.4999999999999998,16.045063460054266
TXN146782086,8128.95,P2M,Kotak,ICICI,Chennai,2024-05-11T11:18:23,11,5,0,28.27851380484094,1,0,0,0,0,9.003310052461444,0.597709279008139,0.258819045102521,-0.9659258262890682,13.811405521936377
TXN522411921,84.22,P2P,Axis,ICICI,Mumbai,2024-03-03T09:23:00,9,6,0,33.03920054658931,2,0,0,0,0,4.445236148071766,0.5002264453007028,0.7071067811865476,-0.7071067811865475,18.215680218635725
TXN579405587,388.87,Auto-Pay,BOB,Kotak,Delhi,2024-07-23T12:31:42,12,1,0,33.81923776295375,2,0,0,0,0,5.965813350222454,0.458648155114371,1.2246467991473532e-16,-1.0,18.5276951051815
TXN430477302,682.76,P2M,HDFC,SBI,Bangalore,2024-02-16T14:03:11,14,4,0,43.15367568471919,1,1,0,0,0,6.527606978857762,0.41853837765544755,-0.4999999999999997,-0.8660254037844388,39.76147027388768
TXN964456799,40000.0,P2M,ICICI,BOB,Kolkata,2024-08-28T13:44:27,13,2,0,81.9146932292245,9,1,1,1,1,10.596659732783579,4.947434424069976,-0.2588190451025208,-0.9659258262890683,85.2658772916898
TXN295190712,174.42,Auto-Pay,HDFC,PNB,Ahmedabad,2024-02-16T16:48:13,16,4,0,31.704640923053784,2,0,0,0,0,5.167183098523235,0.4879160505040274,-0.8660254037844384,-0.5000000000000004,17.681856369221514
TXN528825559,8964.04,Auto-Pay,PNB,HDFC,Kolkata,2024-10-21T20:19:37,20,0,0,11.712160508182704,1,0,0,0,0,9.101087847825152,0.7116814252471144,-0.8660254037844386,0.5000000000000001,7.184864203273082
TXN125516706,524.64,P2P,BOB,ICICI,Hyderabad,2024-02-13T15:03:59,15,1,0,20.20123688992406,3,0,0,0,0,6.2646165677754375,0.4401184178466925,-0.7071067811865471,-0.7071067811865479,15.580494755969625
TXN423234776,8878.01,P2P,PNB,BOB,Kolkata,2024-03-13T15:40:25,15,2,0,23.946507943204594,3,0,0,0,0,9.091445343284649,0.6999401473717487,-0.7071067811865471,-0.7071067811865479,17.07860317728184
TXN384101738,237.61,P2M,ICICI,SBI,Pune,2024-08-17T16:40:37,16,5,0,21.569607365234585,2,0,0,0,0,5.474830419933934,0.47929195020245413,-0.8660254037844384,-0.5000000000000004,13.627842946093834
TXN959268370,677.1,P2P,Kotak,SBI,Pune,2024-11-04T15:55:26,15,0,0,36.17384739147382,3,0,0,0,0,6.519294769689797,0.41931084810499497,-0.7071067811865471,-0.7071067811865479,21.96953895658953
TXN777723954,346.82,P2P,BOB,HDFC,Hyderabad,2024-11-30T13:32:17,13,5,0,32.72695402114714,3,0,0,1,0,5.851685104579697,0.46438709193477223,-0.2588190451025208,-0.9659258262890683,30.590781608458855
TXN528383161,5673.24,Auto-Pay,PNB,SBI,Pune,2024-01-15T13:32:17,13,0,0,30.78566788778274,2,0,0,0,0,8.64369191267658,0.2625567334854843,-0.2588190451025208,-0.9659258262890683,17.314267155113097
TXN686273859,6061.86,Collect,Axis,HDFC,Chennai,2024-07-14T10:06:55,10,6,0,28.713132307643335,1,1,0,0,0,8.709936914926029,0.3155951550584771,0.49999999999999994,-0.8660254037844387,33.98525292305733
TXN987622468,1270.2,P2M,Axis,Axis,Delhi,2024-08-28T13:45:53,13,2,0,16.93115239117799,2,0,0,0,0,7.147716615222507,0.3383652255561245,-0.2588190451025208,-0.9659258262890683,11.772460956471196
TXN823778491,295.0,P2P,BOB,BOB,Ahmedabad,2024-03-05T18:51:40,18,1,0,13.410411543714511,3,0,0,0,0,5.69035945432406,0.47145942739335,-1.0,-1.8369701987210297e-16,12.864164617485805
TXN480278604,956.2,P2M,HDFC,ICICI,Mumbai,2024-03-09T18:22:56,18,5,0,14.206601031341734,2,0,0,0,0,6.864012356034218,0.38121959325186777,-1.0,-1.8369701987210297e-16,10.682640412536694
TXN536443221,306.85,QR,Axis,ICICI,Pune,2024-02-27T19:57:52,19,1,0,15.139228899673597,3,0,0,0,0,5.729612651357219,0.4698421526889088,-0.9659258262890684,0.2588190451025203,13.55569155986944
TXN586486994,575.97,Collect,HDFC,SBI,Delhi,2024-09-25T17:55:58,17,2,0,43.92360769738816,1,0,0,0,0,6.357790272088822,0.4331129570383406,-0.9659258262890683,-0.25881904510252063,20.069443078955263
TXN114461407,35000.0,P2P,Kotak,Axis,Kolkata,2024-10-17T23:47:48,23,3,1,96.30122555667977,17,1,1,1,1,10.463131911491967,4.2650400340103705,-0.25881904510252157,0.9659258262890681,126.02049022267191
TXN987195657,473.83,Auto-Pay,Axis,Kotak,Pune,2024-07-25T10:57:06,10,3,0,37.271335224236466,2,0,0,0,0,6.162956845238193,0.44705290963847816,0.49999999999999994,-0.8660254037844387,19.908534089694587
TXN676882873,6811.74,P2M,SBI,ICICI,Jaipur,2024-08-22T14:06:43,14,3,0,17.584318578850826,3,0,0,0,0,8.826549667708758,0.4179379361020565,-0.4999999999999997,-0.8660254037844388,14.533727431540331
TXN675733407,597.25,P2M,ICICI,Axis,Mumbai,2024-06-15T19:31:38,19,5,0,24.46771885803806,1,0,0,0,0,6.394008726788483,0.4302086865142469,-0.9659258262890684,0.2588190451025203,12.287087543215225
TXN142891981,192.37,P2M,Axis,SBI,Mumbai,2024-03-08T10:57:47,10,4,0,15.798462395515406,3,0,0,0,0,5.264605452062501,0.4854662546437135,0.49999999999999994,-0.8660254037844387,13.819384958206163
TXN183605807,1607.75,P2M,Axis,BOB,Mumbai,2024-04-21T12:23:53,12,6,0,30.456447607561454,3,0,0,0,0,7.383212758910337,0.2922967802832006,1.2246467991473532e-16,-1.0,19.68257904302458
TXN601986611,7531.96,P2P,BOB,Axis,Jaipur,2024-01-21T10:40:59,10,6,0,11.270312994051482,2,0,0,1,0,8.927043337842129,0.5162327536238023,0.49999999999999994,-0.8660254037844387,19.508125197620593
TXN553923806,64.07,P2M,SBI,PNB,Ahmedabad,2024-07-11T18:40:24,18,3,0,11.689609724622647,2,0,0,0,0,4.175463613506893,0.5029764946926429,-1.0,-1.8369701987210297e-16,9.675843889849059
TXN135915640,481.43,P2P,Axis,PNB,Mumbai,2024-05-06T16:55:08,16,0,0,29.29387209983387,1,0,0,0,0,6.178835832534043,0.4460156701655876,-0.8660254037844384,-0.5000000000000004,14.21754883993355
TXN991529254,558.52,P2M,ICICI,HDFC,Ahmedabad,2024-10-20T15:50:09,15,6,0,36.25536303010294,2,0,0,0,0,6.327079273315066,0.43549451345964857,-0.7071067811865471,-0.7071067811865479,19.502145212041178
TXN407218636,7293.63,QR,Axis,ICICI,Jaipur,2024-09-21T08:05:50,8,5,0,19.75874893442885,1,0,0,0,0,8.894893739999592,0.48370574262722116,0.8660254037844387,-0.4999999999999998,10.40349957377154
TXN334463431,50.0,Collect,BOB,SBI,Pune,2024-01-29T18:40:31,18,0,0,14.218264392721714,3,0,0,0,0,3.9318256327243257,0.5048967525062706,-1.0,-1.8369701987210297e-16,13.187305757088687
TXN155591171,711.59,Auto-Pay,BOB,SBI,Kolkata,2024-06-17T16:33:08,16,0,0,22.75152846550082,3,0,0,0,0,6.568906219955112,0.4146036916023638,-0.8660254037844384,-0.5000000000000004,16.600611386200328
TXN434322380,763.06,P2M,PNB,HDFC,Ahmedabad,2024-12-17T12:05:04,12,1,0,18.530783170973343,3,0,0,0,0,6.638646320114298,0.40757912375109023,1.2246467991473532e-16,-1.0,14.912313268389337
TXN980891585,801.45,P2P,BOB,Kotak,Chennai,2024-03-02T15:48:44,15,5,0,12.500798321329782,3,0,0,0,0,6.6876695477671655,0.40233969962421257,-0.7071067811865471,-0.7071067811865479,12.500319328531912
TXN931702151,4986.56,P2M,HDFC,Kotak,Delhi,2024-02-21T18:32:45,18,2,0,29.20729507420541,2,0,0,0,0,8.514702091200947,0.16883941753225845,-1.0,-1.8369701987210297e-16,16.682918029682163
TXN553089027,266.04,P2P,Kotak,Axis,Delhi,2024-08-14T17:36:37,17,2,0,30.58707934319367,1,0,0,0,0,5.587398459913525,0.47541185570057526,-0.9659258262890683,-0.25881904510252063,14.734831737277467
TXN138669500,50.0,Collect,HDFC,ICICI,Ahmedabad,2024-02-25T16:35:03,16,6,0,23.812017446711117,3,0,0,0,0,3.9318256327243257,0.5048967525062706,-0.8660254037844384,-0.5000000000000004,17.024806978684445
TXN954615466,570.59,P2P,PNB,Kotak,Mumbai,2024-07-06T17:45:47,17,5,0,33.53364344795466,3,0,0,0,0,6.348421951151103,0.4338472134020447,-0.9659258262890683,-0.25881904510252063,20.913457379181864
TXN593220398,195.54,QR,PNB,PNB,Chennai,2024-10-26T12:05:25,12,5,0,27.713638472577145,3,0,0,0,0,5.280865972934281,0.48503361660041566,1.2246467991473532e-16,-1.0,18.58545538903086
TXN799721412,71.15,Collect,SBI,HDFC,Kolkata,2024-10-07T18:43:13,18,0,0,14.580671671019045,3,0,0,0,0,4.27874728521988,0.5020102242363186,-1.0,-1.8369701987210297e-16,13.332268668407618
TXN300340444,45000.0,QR,Axis,HDFC,Mumbai,2024-10-25T06:00:58,6,4,0,99.73344988852864,14,0,1,1,1,10.714439990727769,5.629828814129581,1.0,6.123233995736766e-17,84.89337995541146
TXN176256490,344.43,P2P,ICICI,Kotak,Hyderabad,2024-03-23T08:35:44,8,5,0,16.64949954151158,1,0,0,0,0,5.84479001776017,0.4647132764532208,0.8660254037844387,-0.4999999999999998,9.159799816604632
TXN492865511,78.04,P2M,HDFC,SBI,Hyderabad,2024-09-22T08:58:33,8,6,0,22.015444184220698,1,1,0,0,0,4.369954053439613,0.5010698847668165,0.8660254037844387,-0.4999999999999998,31.306177673688282
TXN237015477,25000.0,P2P,ICICI,Axis,Pune,2024-06-05T05:18:42,5,2,1,70.7594578576562,14,1,1,1,1,10.12667110305036,2.90025125389116,0.9659258262890683,0.25881904510252074,108.30378314306247
TXN518101986,314.31,P2P,Axis,SBI,Chennai,2024-08-16T14:48:05,14,4,0,44.272682857952674,1,0,0,0,0,5.7535562818742765,0.4688240202589398,-0.4999999999999997,-0.8660254037844388,20.20907314318107
TXN924112632,267.78,P2M,HDFC,PNB,Hyderabad,2024-09-19T17:28:29,17,3,0,28.129714236546103,3,1,0,0,0,5.593893201118918,0.4751743824528345,-0.9659258262890683,-0.25881904510252063,38.751885694618444
TXN814934230,874.18,Auto-Pay,ICICI,HDFC,Jaipur,2024-08-24T09:43:07,9,5,0,21.6344385844202,1,0,0,0,0,6.774429579487046,0.3924135908264056,0.7071067811865476,-0.7071067811865475,11.15377543376808
TXN543650010,566.42,QR,Axis,PNB,Lucknow,2024-10-04T11:33:59,11,4,0,43.88023296723137,1,0,0,0,0,6.341099770255476,0.43441633032335436,0.258819045102521,-0.9659258262890682,20.05209318689255
TXN641400855,6846.0,P2M,PNB,HDFC,Lucknow,2024-01-02T20:40:15,20,1,0,19.011772577236425,2,0,0,0,0,8.831565879121063,0.42261370246274493,-0.8660254037844386,0.5000000000000001,12.60470903089457
TXN150483419,3023.61,QR,ICICI,ICICI,Chennai,2024-07-22T17:54:08,17,0,0,31.10205673625257,3,0,0,0,0,8.014537436533486,0.09906179606124205,-0.9659258262890683,-0.25881904510252063,19.94082269450103
TXN118985881,50.0,P2P,Kotak,Kotak,Ahmedabad,2024-01-07T08:53:44,8,6,0,36.52913719968049,3,1,0,0,0,3.9318256327243257,0.5048967525062706,0.8660254037844387,-0.4999999999999998,42.1116548798722
TXN354061875,8989.77,P2P,ICICI,ICICI,Jaipur,2024-10-20T17:30:51,17,6,0,22.35379752666432,3,0,0,0,0,9.103953774520878,0.715193026778361,-0.9659258262890683,-0.25881904510252063,16.44151901066573
TXN302892423,13929.63,P2M,BOB,Axis,Mumbai,2024-07-20T08:35:25,8,5,0,36.56261820151386,1,0,0,0,0,9.541845291881835,1.3893795771143294,0.8660254037844387,-0.4999999999999998,17.125047280605543
TXN414315892,5681.28,QR,HDFC,PNB,Lucknow,2024-06-04T12:45:38,12,1,0,20.503877916883148,2,0,0,1,0,8.645107839623082,0.2636540236647002,1.2246467991473532e-16,-1.0,23.201551166753262
TXN476531005,50.0,Collect,BOB,PNB,Ahmedabad,2024-05-17T11:54:34,11,4,0,24.203839873527095,2,0,0,0,0,3.9318256327243257,0.5048967525062706,0.258819045102521,-0.9659258262890682,14.681535949410838
TXN294805863,35000.0,Auto-Pay,PNB,Kotak,Kolkata,2024-01-10T06:30:40,6,2,0,72.58401131523765,15,1,1,1,1,10.463131911491967,4.2650400340103705,1.0,6.123233995736766e-17,96.53360452609506
TXN336282089,217.97,QR,ICICI,BOB,Lucknow,2024-06-28T17:35:04,17,4,0,29.423644273596565,2,0,0,0,0,5.3889347341316505,0.4819723953666083,-0.9659258262890683,-0.25881904510252063,16.769457709438626
TXN387076449,23018.4,P2P,Kotak,BOB,Jaipur,2024-09-09T13:16:48,13,0,0,39.77216323236321,2,0,0,0,0,10.044092617644274,2.6298047092227375,-0.2588190451025208,-0.9659258262890683,20.908865292945286
TXN260045166,213.41,P2P,BOB,BOB,Kolkata,2024-03-09T09:05:52,9,5,0,34.418365079392615,1,0,0,0,0,5.367890069899997,0.48259473905034267,0.7071067811865476,-0.7071067811865475,16.267346031757047
TXN810345197,12885.88,P2M,Axis,HDFC,Ahmedabad,2024-09-27T10:23:34,10,4,0,15.767091993417345,2,0,0,0,0,9.463965018535562,1.2469297481893866,0.49999999999999994,-0.8660254037844387,11.306836797366937
TXN133444964,88.42,Auto-Pay,PNB,Axis,Bangalore,2024-05-27T14:49:04,14,0,0,11.413046514494505,1,0,0,0,0,4.4933443708058345,0.49965323401305267,-0.4999999999999997,-0.8660254037844388,7.065218605797802
TXN648787954,705.98,P2M,BOB,PNB,Kolkata,2024-10-20T10:22:31,10,6,0,33.96191679927382,1,0,0,0,0,6.561002376953304,0.4153693381080107,0.49999999999999994,-0.8660254037844387,16.084766719709528
TXN518898434,237.17,P2M,Axis,SBI,Delhi,2024-09-16T20:47:43,20,0,0,37.858280424567525,1,0,0,1,0,5.472984704405132,0.4793520009087794,-0.8660254037844386,0.5000000000000001,27.643312169827013
TXN861820952,515.7,Auto-Pay,Kotak,Kotak,Mumbai,2024-11-27T10:05:29,10,2,0,34.33100886277232,3,0,0,0,0,6.247462435293139,0.44133853901611897,0.49999999999999994,-0.8660254037844387,21.23240354510893
TXN883213019,269.83,Collect,HDFC,HDFC,Pune,2024-05-28T13:17:01,13,1,0,13.905787366833351,2,0,0,0,0,5.601491317767735,0.47489460075291007,-0.2588190451025208,-0.9659258262890683,10.562314946733341
TXN559427677,108.38,P2P,PNB,SBI,Lucknow,2024-03-06T12:30:52,12,2,0,20.208581236356885,2,0,0,0,0,4.694828057918627,0.49692911560793473,1.2246467991473532e-16,-1.0,13.083432494542754
TXN460652373,51.38,QR,BOB,Axis,Delhi,2024-04-24T14:51:52,14,2,0,38.77154663024827,1,0,0,0,0,3.958524839079566,0.5047084116546142,-0.4999999999999997,-0.8660254037844388,18.008618652099308
TXN496163984,521.5,P2P,Axis,BOB,Hyderabad,2024-10-27T14:07:43,14,6,0,34.54187643492962,2,0,0,0,0,6.258624983838966,0.4405469615236499,-0.4999999999999997,-0.8660254037844388,18.81675057397185
TXN502377603,131.82,QR,HDFC,HDFC,Hyderabad,2024-07-23T16:49:36,16,1,0,14.245930634846367,3,0,0,0,0,4.888994828112567,0.4937300507073353,-0.8660254037844384,-0.5000000000000004,13.198372253938548
TXN561758011,1497.29,P2M,PNB,ICICI,Mumbai,2024-06-23T15:27:17,15,6,0,40.85310400597704,2,0,0,0,0,7.312079736796031,0.30737223714839745,-0.7071067811865471,-0.7071067811865479,21.341241602390816
TXN925562098,222.99,P2M,SBI,HDFC,Jaipur,2024-03-05T20:18:18,20,1,0,26.13786189486986,2,0,0,0,0,5.411601408001375,0.4812872713989884,-0.8660254037844386,0.5000000000000001,15.455144757947945
TXN467039723,521.87,P2P,SBI,ICICI,Pune,2024-04-05T09:52:17,9,4,0,43.68247156563227,3,0,0,0,0,6.2593328672017,0.4404964643387855,0.7071067811865476,-0.7071067811865475,24.97298862625291
TXN562676099,50.0,QR,BOB,PNB,Ahmedabad,2024-09-22T10:41:25,10,6,0,23.47512434800905,2,0,0,0,0,3.9318256327243257,0.5048967525062706,0.49999999999999994,-0.8660254037844387,14.39004973920362
TXN243746323,204.35,Auto-Pay,Axis,Axis,Delhi,2024-05-05T16:18:20,16,6,0,17.797094909387603,3,0,0,0,0,5.324715840402567,0.48383123768513064,-0.8660254037844384,-0.5000000000000004,14.618837963755041
TXN180517524,741.73,P2M,SBI,SBI,Ahmedabad,2024-08-20T17:20:17,17,1,0,43.05532868242477,2,0,0,0,0,6.610332587019561,0.4104902182190845,-0.9659258262890683,-0.25881904510252063,22.22213147296991
TXN758225051,7714.3,QR,BOB,Axis,Jaipur,2024-10-29T14:50:45,14,1,0,11.181877748960545,3,0,0,0,0,8.950960649329648,0.541118312240496,-0.4999999999999997,-0.8660254037844388,11.972751099584219
TXN806438357,185.71,P2P,BOB,Axis,Chennai,2024-04-14T11:12:10,11,6,0,29.288521210335126,1,0,0,0,0,5.2295566109772444,0.4863752039712729,0.258819045102521,-0.9659258262890682,14.215408484134052
TXN940498845,1631.94,P2M,SBI,HDFC,Pune,2024-01-20T10:32:50,10,5,0,40.066771071173804,1,0,0,0,0,7.39813735010317,0.2889953562240922,0.49999999999999994,-0.8660254037844387,18.526708428469522
TXN299188587,275.88,P2P,HDFC,HDFC,Jaipur,2024-04-22T19:57:23,19,0,0,39.92034445995505,3,0,0,0,0,5.623584199327089,0.47406890354093795,-0.9659258262890684,0.2588190451025203,23.46813778398202
TXN629693802,520.7,Auto-Pay,HDFC,ICICI,Ahmedabad,2024-06-14T09:53:28,9,4,0,27.4882845961041,3,0,0,0,0,6.257092710028347,0.4406561446260594,0.7071067811865476,-0.7071067811865475,18.49531383844164
TXN565573060,380.21,Auto-Pay,Kotak,Kotak,Mumbai,2024-03-08T20:37:11,20,4,0,40.94577863463765,2,0,0,0,0,5.943350404384552,0.4598300621979542,-0.8660254037844386,0.5000000000000001,21.37831145385506
TXN325121899,483.39,P2M,Axis,BOB,Hyderabad,2024-02-21T17:16:56,17,2,0,18.454020983700048,3,1,0,0,0,6.182890367370057,0.4457481715646842,-0.9659258262890683,-0.25881904510252063,34.88160839348002
TXN722353238,5490.74,QR,ICICI,PNB,Delhi,2024-07-17T19:16:40,19,2,0,10.477190836703752,3,0,0,0,0,8.61100042417945,0.23764933824830875,-0.9659258262890684,0.2588190451025203,11.690876334681501
TXN554635009,421.34,Auto-Pay,Kotak,HDFC,Jaipur,2024-11-18T15:50:28,15,0,0,15.709582024361996,1,0,0,0,0,6.045810676848095,0.4542166859453239,-0.7071067811865471,-0.7071067811865479,8.783832809744798
TXN407825758,301.81,P2P,Axis,Axis,Hyderabad,2024-07-04T12:57:17,12,3,0,13.504329455195464,2,0,0,0,0,5.713105546117053,0.47053000623408886,1.2246467991473532e-16,-1.0,10.401731782078187
TXN867767772,583.22,P2M,ICICI,SBI,Pune,2024-09-23T18:53:37,18,0,0,19.04733184372987,2,1,0,0,0,6.37027762421872,0.4321234851727542,-1.0,-1.8369701987210297e-16,32.618932737491946
TXN965579184,7120.32,QR,PNB,Kotak,Hyderabad,2024-09-27T08:53:44,8,4,0,22.24447050044258,3,0,0,0,0,8.870848380481242,0.46005258827897505,0.8660254037844387,-0.4999999999999998,16.397788200177033
TXN387163580,184.37,QR,ICICI,Axis,Hyderabad,2024-09-24T12:54:55,12,1,0,17.92157939079761,3,0,0,0,0,5.2223538277409975,0.48655808566780884,1.2246467991473532e-16,-1.0,14.668631756319044
TXN152761535,536.11,P2M,Kotak,Kotak,Bangalore,2024-01-28T20:57:18,20,6,0,42.912859551209124,1,0,0,0,0,6.286202915244887,0.43855300511589573,-0.8660254037844386,0.5000000000000001,19.66514382048365
TXN241342956,552.67,QR,ICICI,SBI,Hyderabad,2024-06-19T09:14:01,9,2,0,41.73996826407483,3,0,0,0,0,6.316568841396659,0.4362929148960183,0.7071067811865476,-0.7071067811865475,24.195987305629934
TXN288603403,373.19,P2M,Axis,SBI,Bangalore,2024-03-03T10:46:20,10,6,0,39.10259517349437,3,0,0,0,0,5.924763689805728,0.4607881439215979,0.49999999999999994,-0.8660254037844387,23.14103806939775
TXN204741748,87.8,QR,PNB,PNB,Jaipur,2024-12-24T16:13:26,16,1,0,14.607421555739098,2,0,0,0,0,4.486386649998124,0.49973785091742,-0.8660254037844384,-0.5000000000000004,10.84296862229564
TXN252764010,16612.89,P2P,Kotak,Kotak,Jaipur,2024-02-26T11:11:09,11,0,0,30.991060394538536,2,0,0,0,0,9.717994371454985,1.7555878913285967,0.258819045102521,-0.9659258262890682,17.396424157815417
TXN439714215,50.0,P2P,PNB,BOB,Delhi,2024-08-29T20:03:48,20,3,0,17.30610588395202,3,0,0,0,0,3.9318256327243257,0.5048967525062706,-0.8660254037844386,0.5000000000000001,14.42244235358081
TXN448994769,972.55,Auto-Pay,Kotak,HDFC,Hyderabad,2024-05-12T15:40:46,15,6,0,29.02648217718294,3,0,0,0,0,6.88094918456163,0.37898816359637294,-0.7071067811865471,-0.7071067811865479,19.110592870873177
TXN167058544,71.41,P2M,BOB,BOB,Jaipur,2024-08-05T11:27:16,11,0,0,31.236169161393573,2,0,0,0,0,4.28234441140073,0.5019747397280354,0.258819045102521,-0.9659258262890682,17.49446766455743
TXN679566286,648.06,P2P,HDFC,SBI,Bangalore,2024-01-07T09:07:29,9,6,0,33.5627995177049,1,0,0,0,0,6.475525162353818,0.4232741947224612,0.7071067811865476,-0.7071067811865475,15.925119807081963
TXN576442801,922.49,P2P,Axis,BOB,Chennai,2024-04-12T15:54:38,15,4,0,24.492401680415487,3,0,0,0,0,6.828159971210337,0.38582029622964964,-0.7071067811865471,-0.7071067811865479,17.296960672166193
TXN843091368,80.06,Auto-Pay,Kotak,ICICI,Mumbai,2024-04-11T08:18:32,8,3,0,14.674539305221924,1,0,0,0,0,4.395189621200163,0.5007941974332323,0.8660254037844387,-0.4999999999999998,8.36981572208877
TXN650028360,84.76,P2M,PNB,PNB,Ahmedabad,2024-01-19T20:43:00,20,4,0,21.3724624755202,1,0,0,0,0,4.451552697322492,0.5001527467065763,-0.8660254037844386,0.5000000000000001,11.048984990208082
TXN997299057,251.01,P2M,PNB,BOB,Mumbai,2024-09-12T10:17:24,10,3,0,18.895727717440856,2,0,0,0,0,5.529468769263775,0.47746313323709444,0.49999999999999994,-0.8660254037844387,12.558291086976343
TXN284621682,620.42,P2P,BOB,PNB,Hyderabad,2024-01-19T10:11:02,10,4,0,31.873723098262555,3,0,0,1,0,6.432007181828842,0.42704647091071063,0.49999999999999994,-0.8660254037844387,30.24948923930502
TXN443625629,76.1,QR,ICICI,PNB,Mumbai,2024-12-01T18:46:40,18,6,0,22.82928283583066,1,0,0,0,0,4.345103280569283,0.5013346537901595,-1.0,-1.8369701987210297e-16,11.631713134332264
TXN761267077,288.72,P2P,PNB,BOB,Pune,2024-02-14T11:08:40,11,2,0,26.401063354252845,1,0,0,0,0,5.668914939327125,0.4723165147472649,0.258819045102521,-0.9659258262890682,13.060425341701139
TXN694457114,755.02,Collect,ICICI,BOB,Pune,2024-06-12T11:56:56,11,2,0,17.106038283158988,2,0,0,0,0,6.62806783085606,0.40867641393030607,0.258819045102521,-0.9659258262890682,11.842415313263595
TXN870111197,1197.54,QR,PNB,ICICI,Chennai,2024-11-29T11:41:59,11,4,0,27.764377029073906,1,0,0,0,0,7.088859428369653,0.3482817808324708,0.258819045102521,-0.9659258262890682,13.605750811629562
TXN656567913,40000.0,P2P,ICICI,SBI,Delhi,2024-09-16T06:41:52,6,0,0,85.34946361387301,9,0,1,1,1,10.596659732783579,4.947434424069976,1.0,6.123233995736766e-17,66.63978544554921
TXN931454412,349.65,Auto-Pay,Kotak,PNB,Ahmedabad,2024-01-21T08:48:16,8,6,0,34.650593423220954,3,0,0,1,0,5.859788574982919,0.4640008567099985,0.8660254037844387,-0.4999999999999998,31.360237369288384
TXN869448922,12360.14,P2M,SBI,BOB,Mumbai,2024-05-14T16:58:19,16,1,0,20.47475926087113,1,0,0,0,0,9.422312959768188,1.1751773428633994,-0.8660254037844384,-0.5000000000000004,10.689903704348453
TXN933197719,580.41,P2P,Axis,ICICI,Mumbai,2024-12-29T13:07:57,13,6,0,28.596577743561152,2,0,0,0,0,6.365456187839261,0.43250699081996763,-0.2588190451025208,-0.9659258262890683,16.438631097424462
TXN744497616,522.0,Auto-Pay,PNB,ICICI,Mumbai,2024-03-06T16:46:22,16,2,0,39.16322415003938,3,0,0,0,0,6.259581464064923,0.44047872208464395,-0.8660254037844384,-0.5000000000000004,23.165289660015752
TXN703013974,1331.78,QR,ICICI,SBI,Mumbai,2024-09-05T18:35:16,18,3,0,42.46114480851994,3,0,0,0,0,7.195022265297586,0.32996085624815047,-1.0,-1.8369701987210297e-16,24.484457923407977
TXN554871558,1501.1,P2P,ICICI,PNB,Delhi,2024-07-07T11:20:09,11,6,0,23.395714182446994,2,0,0,0,0,7.314619408004009,0.306852252623172,0.258819045102521,-0.9659258262890682,14.358285672978798
TXN608753943,2016.2,P2M,Axis,HDFC,Lucknow,2024-02-23T13:07:44,13,4,0,40.269763882738545,2,0,0,0,0,7.60946569020257,0.23655198255923146,-0.2588190451025208,-0.9659258262890683,21.107905553095417
TXN898705964,9608.75,P2M,ICICI,BOB,Ahmedabad,2024-05-05T16:23:24,16,6,0,40.49096161863404,2,0,0,0,0,9.170533487057796,0.7996707226901799,-0.8660254037844384,-0.5000000000000004,21.196384647453616
TXN777758779,5150.55,Auto-Pay,PNB,BOB,Bangalore,2024-03-15T18:59:44,18,4,0,40.68455445038248,1,0,0,0,0,8.547052919248921,0.19122058873743336,-1.0,-1.8369701987210297e-16,18.773821780152993
TXN818721254,1115.96,P2M,BOB,SBI,Bangalore,2024-11-15T09:20:40,9,4,0,23.67010321573641,1,0,0,0,0,7.018365988222091,0.3594157277006833,0.7071067811865476,-0.7071067811865475,11.968041286294564
TXN346005255,914.64,P2M,HDFC,Kotak,Hyderabad,2024-01-30T15:47:54,15,1,0,41.22089491604907,3,0,0,0,0,6.8196232743238046,0.38689165542204323,-0.7071067811865471,-0.7071067811865479,23.988357966419628
TXN690901813,8815.57,P2M,ICICI,PNB,Lucknow,2024-11-25T10:52:08,10,0,0,24.466979245208538,2,0,0,0,0,9.084388184475054,0.6914184062286843,0.49999999999999994,-0.8660254037844387,14.786791698083416
TXN960037287,4660.86,P2M,HDFC,BOB,Lucknow,2024-05-10T15:14:53,15,4,0,34.54802395859317,2,1,0,0,0,8.447169789114762,0.12438824696377566,-0.7071067811865471,-0.7071067811865479,38.81920958343727
TXN565243425,60.9,P2P,BOB,ICICI,Ahmedabad,2024-04-21T11:17:22,11,6,0,11.001355025973233,2,0,0,0,0,4.12552017969055,0.5034091327359407,0.258819045102521,-0.9659258262890682,9.400542010389294
TXN987292077,392.24,P2M,HDFC,PNB,Kolkata,2024-11-12T16:21:33,16,1,0,20.27081297520931,2,0,0,0,0,5.9744201124987235,0.45818822129547077,-0.8660254037844384,-0.5000000000000004,13.108325190083724
TXN255517188,178.53,QR,BOB,SBI,Pune,2024-03-28T17:25:16,17,3,0,25.875051999756224,1,0,0,0,0,5.190342324882738,0.48735512231539846,-0.9659258262890683,-0.25881904510252063,12.85002079990249
TXN656372965,21653.5,P2M,Axis,HDFC,Pune,2024-09-05T16:48:36,16,3,0,26.545647769034748,2,0,0,0,0,9.982968564026356,2.443524688624266,-0.8660254037844384,-0.5000000000000004,15.6182591076139
TXN812369048,91.64,P2P,ICICI,PNB,Mumbai,2024-11-29T16:28:33,16,4,0,12.567742361086093,2,0,0,0,0,4.528721013824685,0.4992137720258543,-0.8660254037844384,-0.5000000000000004,10.027096944434437
TXN872444298,198.82,P2P,SBI,PNB,Lucknow,2024-03-24T16:19:37,16,6,0,43.24980902743498,3,0,0,0,0,5.297416961304872,0.48458596588053654,-0.8660254037844384,-0.5000000000000004,24.79992361097399
TXN982923828,1512.86,Auto-Pay,HDFC,SBI,Chennai,2024-02-07T19:50:32,19,2,0,27.886843372810176,1,0,0,0,0,7.322417959444343,0.3052472610177518,-0.9659258262890684,0.2588190451025203,13.654737349124071
TXN567053555,3847.55,P2M,Axis,Axis,Jaipur,2024-08-01T11:15:11,11,3,0,44.27500864926926,1,0,0,0,0,8.25545173296481,0.01338861068790021,0.258819045102521,-0.9659258262890682,20.210003459707703
TXN288500102,50.0,P2M,PNB,PNB,Delhi,2024-01-12T20:41:41,20,4,0,40.66265658456277,1,0,0,0,0,3.9318256327243257,0.5048967525062706,-0.8660254037844386,0.5000000000000001,18.765062633825107
TXN514236899,72.8,Auto-Pay,PNB,ICICI,Chennai,2024-09-10T19:22:38,19,1,0,29.34258930353127,3,0,0,0,0,4.301358731606427,0.5017850340875989,-0.9659258262890684,0.2588190451025203,19.23703572141251
TXN361303871,1589.38,QR,PNB,BOB,Pune,2024-01-17T10:00:21,10,2,0,35.08183641059518,2,0,0,0,0,7.371728260370522,0.2948038972722796,0.49999999999999994,-0.8660254037844387,19.032734564238073
TXN220856637,19245.06,P2M,BOB,HDFC,Hyderabad,2024-05-26T13:13:54,13,6,0,18.242404980462453,2,0,0,0,0,9.865061643442402,2.1148234996652353,-0.2588190451025208,-0.9659258262890683,12.296961992184983
TXN207184076,319.65,P2M,ICICI,SBI,Mumbai,2024-06-02T09:29:57,9,6,0,25.314377480040783,2,1,0,0,0,5.770350185594872,0.46809522305035617,0.7071067811865476,-0.7071067811865475,35.125750992016314
TXN982333386,962.75,P2P,PNB,Axis,Chennai,2024-03-03T10:59:21,10,6,0,32.88802852629742,2,0,0,0,0,6.870831924877539,0.38032565660088974,0.49999999999999994,-0.8660254037844387,18.155211410518966
TXN181813614,308.26,P2M,SBI,Axis,Bangalore,2024-02-12T19:26:57,19,0,0,22.227930762565904,2,0,0,0,0,5.734182347047285,0.469649717470912,-0.9659258262890684,0.2588190451025203,13.891172305026362
TXN137017324,8353.72,Auto-Pay,Axis,HDFC,Delhi,2024-11-26T11:10:08,11,1,0,41.79338915799424,3,0,0,0,0,9.030581927601379,0.6283856364188786,0.258819045102521,-0.9659258262890682,24.217355663197697
TXN781616934,50.0,P2P,Axis,HDFC,Pune,2024-08-22T20:57:56,20,3,0,16.759650260555258,1,0,0,0,0,3.9318256327243257,0.5048967525062706,-0.8660254037844386,0.5000000000000001,9.203860104222104
TXN811080241,540.22,P2M,SBI,Axis,Hyderabad,2024-09-24T17:30:10,17,1,0,39.57893445749063,3,0,0,0,0,6.293825850528821,0.43799207692726677,-0.9659258262890683,-0.25881904510252063,23.33157378299625
TXN140457970,50.0,QR,HDFC,Axis,Hyderabad,2024-05-20T15:54:44,15,0,0,32.2646783704823,1,0,0,0,0,3.9318256327243257,0.5048967525062706,-0.7071067811865471,-0.7071067811865479,15.405871348192921
TXN616384129,3307.08,P2M,Kotak,BOB,Hyderabad,2024-02-25T14:41:03,14,6,0,40.87325425621479,2,0,0,0,0,8.104123239648015,0.06037412851120281,-0.4999999999999997,-0.8660254037844388,21.349301702485917
TXN362454345,6339.95,P2P,Axis,SBI,Chennai,2024-10-28T13:32:22,13,0,0,12.700765261818983,2,0,0,0,0,8.754783878477333,0.35354856624481223,-0.2588190451025208,-0.9659258262890683,10.080306104727594
TXN606848524,909.93,P2P,Kotak,Axis,Kolkata,2024-06-02T12:04:30,12,6,0,27.444010897348477,2,0,0,0,0,6.81446605566886,0.3875344709374794,1.2246467991473532e-16,-1.0,15.977604358939391
TXN138155631,9799.01,Collect,BOB,Axis,Jaipur,2024-09-25T09:59:51,9,2,0,14.45214417682233,2,0,0,0,0,9.190138685066305,0.825637194020728,0.7071067811865476,-0.7071067811865475,10.780857670728931
TXN621445840,22023.06,P2P,Axis,ICICI,Chennai,2024-03-05T20:20:25,20,1,0,39.55249789588656,3,0,0,0,0,9.999890771119496,2.493961822782352,-0.8660254037844386,0.5000000000000001,23.320999158354624
TXN602268503,223.52,P2P,Axis,PNB,Kolkata,2024-02-10T18:38:12,18,5,0,19.72630392442624,1,0,0,0,0,5.413964790073998,0.48121493759364214,-1.0,-1.8369701987210297e-16,10.390521569770495
TXN856959057,228.8,P2M,HDFC,ICICI,Delhi,2024-05-02T14:28:46,14,3,0,37.45633769784084,1,0,0,0,0,5.437209365414655,0.48049432911773915,-0.4999999999999997,-0.8660254037844388,17.482535079136333
TXN348307509,25000.0,QR,PNB,HDFC,Hyderabad,2024-10-01T05:17:40,5,1,1,86.48589096407255,17,1,1,0,1,10.12667110305036,2.90025125389116,0.9659258262890683,0.25881904510252074,112.09435638562903
TXN112584519,155.65,QR,PNB,PNB,Hyderabad,2024-07-30T13:46:35,13,1,0,22.214822735566884,2,0,0,0,0,5.054014017398201,0.4904777590443112,-0.2588190451025208,-0.9659258262890683,13.885929094226753
TXN600806796,6287.37,P2P,HDFC,SBI,Bangalore,2024-03-03T18:10:28,18,6,0,14.241036072965779,2,1,0,0,0,8.746457174617092,0.34637250683894544,-1.0,-1.8369701987210297e-16,30.696414429186312
TXN380504943,989.19,P2M,Axis,BOB,Mumbai,2024-05-06T18:31:05,18,0,0,43.35776169542689,1,0,0,0,0,6.897896843906422,0.3767171550662545,-1.0,-1.8369701987210297e-16,19.843104678170757
TXN878149726,2281.21,P2P,Kotak,Axis,Pune,2024-02-23T17:54:04,17,4,0,40.089636087166035,3,0,0,0,0,7.7328995507279,0.20038371509729225,-0.9659258262890683,-0.25881904510252063,23.535854434866415
TXN930741707,71.48,P2M,Axis,SBI,Pune,2024-11-21T15:28:47,15,3,0,40.55007975479826,2,0,0,0,0,4.283310661734724,0.5019651862065746,-0.7071067811865471,-0.7071067811865479,21.220031901919306
TXN342871486,1253.29,P2M,Kotak,Kotak,Chennai,2024-04-20T19:03:18,19,5,0,18.0124201935462,1,0,0,0,0,7.134324954424503,0.34067308338330615,-0.9659258262890684,0.2588190451025203,9.70496807741848
TXN163287544,12030.03,Auto-Pay,BOB,HDFC,Pune,2024-08-04T15:39:16,15,6,0,30.423749999364983,3,0,0,0,0,9.395244424588723,1.1301243004428843,-0.7071067811865471,-0.7071067811865479,19.669499999745995
TXN861012359,2974.28,P2P,HDFC,HDFC,Ahmedabad,2024-09-16T14:40:48,14,0,0,33.91792168733177,1,0,0,0,0,7.998093431198001,0.1057942991135701,-0.4999999999999997,-0.8660254037844388,16.06716867493271
TXN206754840,2032.21,QR,ICICI,SBI,Delhi,2024-06-26T19:10:51,19,2,0,15.829818752954212,3,0,0,0,0,7.617371103915954,0.2343669557222606,-0.9659258262890684,0.2588190451025203,13.831927501181685
TXN880345251,264.39,P2P,PNB,PNB,Hyderabad,2024-03-23T15:04:07,15,5,0,20.433349757925,1,0,0,0,0,5.581200442213105,0.47563704584929495,-0.7071067811865471,-0.7071067811865479,10.673339903170001
TXN643934614,1366.36,P2P,BOB,Kotak,Lucknow,2024-03-28T11:40:44,11,3,0,38.83566612841614,1,0,0,0,0,7.22063715245566,0.32524141664649825,0.258819045102521,-0.9659258262890682,18.034266451366456
TXN439904997,1944.15,P2P,ICICI,ICICI,Mumbai,2024-11-09T13:31:11,13,5,0,40.320274352190715,1,0,0,0,0,7.573094373901511,0.24638528571999035,-0.2588190451025208,-0.9659258262890683,18.628109740876287
TXN197998606,19654.62,P2M,Axis,ICICI,Pune,2024-04-21T16:20:54,16,6,0,31.724787921727067,3,0,0,0,0,9.886118581494808,2.1707197889437975,-0.8660254037844384,-0.5000000000000004,20.189915168690828
TXN471068017,8613.1,QR,Axis,Kotak,Ahmedabad,2024-10-28T10:32:26,10,0,0,28.686930448862903,2,0,0,0,0,9.061155674555263,0.6637855277976108,0.49999999999999994,-0.8660254037844387,16.474772179545162
TXN839117618,6040.83,P2P,SBI,BOB,Ahmedabad,2024-02-17T11:46:24,11,5,0,15.565875130909145,3,0,0,0,0,8.7064622251721,0.31272500425388644,0.258819045102521,-0.9659258262890682,13.726350052363658
TXN296806741,6616.3,P2P,PNB,ICICI,Bangalore,2024-12-03T10:46:51,10,1,0,30.481034926298623,1,0,0,1,0,8.797442710750694,0.3912645041834067,0.49999999999999994,-0.8660254037844387,24.69241397051945
TXN368397396,528.72,P2M,SBI,SBI,Delhi,2024-01-10T19:38:01,19,2,0,28.89704341219372,1,0,0,0,0,6.272348565058763,0.4395615840244039,-0.9659258262890684,0.2588190451025203,14.05881736487749
TXN711743078,7289.39,QR,SBI,SBI,Lucknow,2024-06-06T08:34:00,8,3,0,13.546741944640894,1,0,0,0,0,8.894312321514127,0.48312707218445067,0.8660254037844387,-0.4999999999999998,7.918696777856358
TXN698007618,6916.05,P2M,Kotak,PNB,Mumbai,2024-02-17T18:01:22,18,5,0,44.90983907183813,1,0,0,0,0,8.841744657141756,0.43217404786748004,-1.0,-1.8369701987210297e-16,20.463935628735253
TXN809910868,5072.2,P2M,BOB,SBI,Ahmedabad,2024-10-05T14:04:20,14,5,0,39.53287990120583,2,0,0,0,0,8.531727061193275,0.1805274686451993,-0.4999999999999997,-0.8660254037844388,20.813151960482333
TXN192913792,1129.58,P2M,HDFC,PNB,Bangalore,2024-06-10T14:30:49,14,0,0,21.97376673022579,1,0,0,0,0,7.030486054362454,0.35755688538216096,-0.4999999999999997,-0.8660254037844388,11.289506692090317
TXN515403905,72.5,P2P,Kotak,BOB,Chennai,2024-06-02T14:37:29,14,6,0,36.487622801583896,3,0,0,0,0,4.297285406218791,0.5018259777510025,-0.4999999999999997,-0.8660254037844388,22.09504912063356
TXN902780777,22009.35,P2P,PNB,Kotak,Hyderabad,2024-12-20T11:18:17,11,4,0,13.821614874123012,2,0,0,0,0,9.999268076256863,2.4920906973648083,0.258819045102521,-0.9659258262890682,10.528645949649206
TXN859317960,654.69,Auto-Pay,BOB,Axis,Kolkata,2024-08-13T15:45:28,15,1,0,24.288211728768477,3,0,0,0,0,6.485688116276353,0.42236933976124214,-0.7071067811865471,-0.7071067811865479,17.215284691507392
TXN292995386,50.0,P2P,HDFC,Axis,Mumbai,2024-11-29T10:23:55,10,4,0,20.901678104407917,3,0,0,0,0,3.9318256327243257,0.5048967525062706,0.49999999999999994,-0.8660254037844387,15.860671241763168
TXN463654097,118.82,P2P,SBI,Kotak,Kolkata,2024-04-18T16:00:58,16,3,0,15.92450870687474,1,0,0,0,0,4.785990616655779,0.49550427612149023,-0.8660254037844384,-0.5000000000000004,8.869803482749896
TXN274426682,315.36,P2P,PNB,BOB,Ahmedabad,2024-12-02T09:57:26,9,0,0,29.864932039812818,2,0,0,0,0,5.756880805651217,0.46868071743702727,0.7071067811865476,-0.7071067811865475,16.945972815925128
TXN883087551,4045.35,P2P,BOB,ICICI,Kolkata,2024-01-30T20:40:02,20,1,0,40.75958839094042,3,0,0,0,0,8.305570519176644,0.04038413275865816,-0.8660254037844386,0.5000000000000001,23.80383535637617
TXN548742881,1887.87,P2P,SBI,PNB,Bangalore,2024-01-19T08:49:29,8,4,0,15.701696371415975,1,0,0,0,0,7.543734045652133,0.2540663169745013,0.8660254037844387,-0.4999999999999998,8.78067854856639
TXN412252144,956.17,Auto-Pay,Axis,Axis,Mumbai,2024-07-25T13:34:59,13,3,0,19.080215408085067,3,0,0,0,0,6.863981014130613,0.38122368761820813,-0.2588190451025208,-0.9659258262890683,15.132086163234028
TXN380314772,596.28,QR,ICICI,BOB,Pune,2024-02-18T16:01:05,16,6,0,27.84903373172385,3,0,0,0,0,6.392386015166274,0.4303410710259184,-0.8660254037844384,-0.5000000000000004,18.63961349268954
TXN475520582,3736.63,P2P,Axis,SBI,Bangalore,2024-01-11T16:48:29,16,3,0,14.090498517714064,1,0,0,0,0,8.226206999702736,0.0017496264611820862,-0.8660254037844384,-0.5000000000000004,8.136199407085627
TXN140431744,50.0,P2P,Kotak,PNB,Bangalore,2024-01-18T14:12:48,14,3,0,33.79916245563744,3,0,0,0,0,3.9318256327243257,0.5048967525062706,-0.4999999999999997,-0.8660254037844388,21.01966498225498
TXN652586292,295.19,P2M,SBI,BOB,Lucknow,2024-09-13T12:30:51,12,4,0,17.132253129697972,3,0,0,0,0,5.691001140291468,0.47143349640652776,1.2246467991473532e-16,-1.0,14.352901251879189
TXN171967803,717.5,P2P,PNB,HDFC,Delhi,2024-01-14T15:14:53,15,6,0,24.726642061807404,2,1,0,0,0,6.5771657055190795,0.4137971014333134,-0.7071067811865471,-0.7071067811865479,34.89065682472296
TXN407389566,1221.01,Auto-Pay,ICICI,Kotak,Bangalore,2024-05-16T12:01:01,12,3,0,10.02546127751192,1,0,0,0,0,7.1082523230041135,0.34507862156553104,1.2246467991473532e-16,-1.0,6.510184511004768
TXN824138740,251.13,Auto-Pay,Kotak,Kotak,Hyderabad,2024-06-10T12:58:12,12,0,0,42.228230545273426,2,0,0,0,0,5.5299448275105565,0.47744675577173296,1.2246467991473532e-16,-1.0,21.89129221810937
TXN989989818,35000.0,P2P,PNB,ICICI,Pune,2024-02-19T12:26:01,12,0,0,96.43270779422767,7,1,1,1,1,10.463131911491967,4.2650400340103705,1.2246467991473532e-16,-1.0,86.07308311769107
TXN364709723,191.95,P2M,HDFC,PNB,Pune,2024-01-07T10:57:48,10,6,0,25.19828438139885,3,0,0,0,0,5.262431087983628,0.4855235757724785,0.49999999999999994,-0.8660254037844387,17.579313752559543
TXN266495129,50.0,QR,Axis,Axis,Bangalore,2024-02-17T10:45:52,10,5,0,38.395640374130664,2,0,0,0,0,3.9318256327243257,0.5048967525062706,0.49999999999999994,-0.8660254037844387,20.358256149652266
TXN389567223,1035.28,P2P,ICICI,Kotak,Ahmedabad,2024-03-04T18:18:58,18,0,0,25.01895069506907,2,0,0,0,0,6.943392656573269,0.37042684357868505,-1.0,-1.8369701987210297e-16,15.007580278027628
TXN396924816,477.3,QR,Kotak,Kotak,Kolkata,2024-11-10T13:05:12,13,6,0,12.952632722116272,3,0,0,0,0,6.170238150686251,0.4465793279317768,-0.2588190451025208,-0.9659258262890683,12.68105308884651
TXN892286427,70.55,Collect,PNB,Axis,Jaipur,2024-09-11T10:04:33,10,2,0,40.60768908834343,2,0,0,0,0,4.27039650600246,0.5020921115631257,0.49999999999999994,-0.8660254037844387,21.243075635337373
TXN955052030,62.15,QR,Kotak,SBI,Ahmedabad,2024-05-02T17:35:39,17,3,0,27.40208412447936,2,0,0,0,0,4.1455128487965,0.5032385341384258,-0.9659258262890683,-0.25881904510252063,15.960833649791745
TXN914739528,662.43,P2M,ICICI,SBI,Ahmedabad,2024-11-17T15:51:56,15,6,0,24.888994882346253,1,0,0,0,0,6.497423347076257,0.42131299324542987,-0.7071067811865471,-0.7071067811865479,12.455597952938502
TXN866355906,2525.52,QR,HDFC,ICICI,Kolkata,2024-09-03T20:14:16,20,1,0,13.416988386298353,2,0,0,0,0,7.834598140790083,0.16704056041019982,-0.8660254037844386,0.5000000000000001,10.366795354519342
TXN118361846,704.04,Auto-Pay,Axis,HDFC,Delhi,2024-01-13T14:10:09,14,5,0,36.634074758607866,2,0,0,0,0,6.558254538791405,0.41563410713135385,-0.4999999999999997,-0.8660254037844388,19.653629903443147
TXN638923699,6444.12,Auto-Pay,PNB,Kotak,Hyderabad,2024-09-09T19:36:06,19,0,0,37.96722416569693,1,0,0,0,0,8.771078534284516,0.36776557096731405,-0.9659258262890684,0.2588190451025203,17.686889666278773
TXN265551405,5757.03,QR,SBI,Axis,Lucknow,2024-04-08T15:12:56,15,0,0,42.49472488303742,3,0,0,0,0,8.65835068130096,0.2739922986741032,-0.7071067811865471,-0.7071067811865479,24.49788995321497
TXN731789749,75.77,P2P,HDFC,ICICI,Kolkata,2024-11-04T14:56:55,14,0,0,12.799508527924381,2,0,0,0,0,4.3408139388398075,0.5013796918199035,-0.4999999999999997,-0.8660254037844388,10.119803411169752
TXN356234782,5327.22,QR,SBI,Kotak,Jaipur,2024-12-26T10:53:42,10,3,0,19.806468044597608,3,0,0,0,0,8.580772502659055,0.21533231211579948,0.49999999999999994,-0.8660254037844387,15.422587217839045
TXN799800409,460.78,P2P,ICICI,ICICI,Hyderabad,2024-05-11T08:29:38,8,5,0,38.74759185262205,3,0,0,0,0,6.135088587190857,0.4488339589965337,0.8660254037844387,-0.4999999999999998,22.99903674104882
TXN331784707,423.92,P2P,BOB,Kotak,Kolkata,2024-07-25T16:51:01,16,3,0,25.785896391756353,2,0,0,0,0,6.051900915911813,0.45386457044005313,-0.8660254037844384,-0.5000000000000004,15.314358556702542
TXN109543093,50.0,P2P,Kotak,ICICI,Ahmedabad,2024-07-26T16:38:07,16,4,0,31.909666301636246,2,0,0,0,0,3.9318256327243257,0.5048967525062706,-0.8660254037844384,-0.5000000000000004,17.7638665206545
TXN568999535,45000.0,P2P,PNB,SBI,Mumbai,2024-06-13T05:15:04,5,3,1,89.4063525038892,12,0,1,1,1,10.714439990727769,5.629828814129581,0.9659258262890683,0.25881904510252074,90.76254100155569
TXN641255334,50.0,QR,SBI,BOB,Ahmedabad,2024-02-01T11:13:37,11,3,0,10.333317446488465,3,0,0,0,0,3.9318256327243257,0.5048967525062706,0.258819045102521,-0.9659258262890682,11.633326978595386
TXN218624860,134.58,P2M,PNB,BOB,Kolkata,2024-05-01T10:57:18,10,2,0,23.724485143924532,2,0,0,0,0,4.909561872002819,0.4933533690040224,0.49999999999999994,-0.8660254037844387,14.489794057569814
TXN624626853,7991.58,P2P,ICICI,BOB,Jaipur,2024-12-18T20:31:38,20,2,0,28.507183651739307,2,0,0,0,0,8.9862688902677,0.5789611755356415,-0.8660254037844386,0.5000000000000001,16.402873460695723
TXN931964818,5427.01,QR,Axis,SBI,Kolkata,2024-06-03T20:09:07,20,0,0,28.331744621611367,3,0,0,0,0,8.599327863252253,0.22895153935260906,-0.8660254037844386,0.5000000000000001,18.83269784864455
TXN253614837,4646.94,Auto-Pay,BOB,BOB,Delhi,2024-02-04T18:43:56,18,6,0,17.2614303320607,2,0,0,0,0,8.44417938967046,0.12248846098184972,-1.0,-1.8369701987210297e-16,11.904572132824281
TXN847915638,1107.66,P2P,Kotak,BOB,Mumbai,2024-04-17T13:44:08,13,2,0,36.297394645518246,3,0,0,0,0,7.01090735783758,0.3605485023881822,-0.2588190451025208,-0.9659258262890683,22.0189578582073
TXN927335620,147.58,P2P,Axis,SBI,Delhi,2024-03-11T19:29:59,19,0,0,44.344515685055015,1,0,0,0,0,5.001123533723661,0.49157914358986743,-0.9659258262890684,0.2588190451025203,20.237806274022006
TXN359664169,525.33,P2P,ICICI,SBI,Jaipur,2024-06-03T14:41:43,14,0,0,27.339541570472118,2,0,0,0,0,6.265928392445249,0.44002424742086427,-0.4999999999999997,-0.8660254037844388,15.935816628188848
TXN831382552,1352.77,QR,Axis,HDFC,Jaipur,2024-01-27T08:49:14,8,5,0,43.31234702944284,1,0,0,0,0,7.210648571982616,0.32709616459868024,0.8660254037844387,-0.4999999999999998,19.824938811777137
TXN863343472,50.0,QR,HDFC,HDFC,Bangalore,2024-03-12T09:25:39,9,1,0,41.25673688332873,1,0,0,0,0,3.9318256327243257,0.5048967525062706,0.7071067811865476,-0.7071067811865475,19.002694753331493
TXN868204971,494.23,QR,Kotak,Axis,Hyderabad,2024-07-30T09:04:18,9,1,0,30.220550109835692,1,0,0,0,0,6.205022301118595,0.44426874052703497,0.7071067811865476,-0.7071067811865475,14.588220043934278
TXN295646481,382.89,Auto-Pay,SBI,PNB,Pune,2024-06-24T12:54:55,12,0,0,27.660230101403016,2,1,0,0,0,5.950356053217368,0.45946429880488227,1.2246467991473532e-16,-1.0,36.064092040561206
TXN168261602,451.21,P2P,PNB,HDFC,Jaipur,2024-03-27T09:12:59,9,2,0,19.405461431267682,1,0,0,0,0,6.114146673708158,0.4501400618591078,0.7071067811865476,-0.7071067811865475,10.262184572507074
TXN376117582,730.82,P2P,BOB,SBI,Mumbai,2024-04-27T19:21:35,19,5,0,38.46504160229,2,0,0,0,0,6.595534582083202,0.41197920277819455,-0.9659258262890684,0.2588190451025203,20.386016640916
TXN886828769,8308.41,P2P,ICICI,PNB,Delhi,2024-12-05T19:59:07,19,3,0,43.79414212628809,3,0,0,0,0,9.02514388653233,0.6222017784561584,-0.9659258262890684,0.2588190451025203,25.017656850515234
TXN264135091,331.82,Auto-Pay,BOB,PNB,Jaipur,2024-05-20T18:41:11,18,0,0,39.58591234655366,2,0,0,0,0,5.807601803295198,0.46643427510495106,-1.0,-1.8369701987210297e-16,20.834364938621466
TXN882514677,712.13,P2P,Kotak,SBI,Mumbai,2024-02-22T19:31:47,19,3,0,27.204621085159427,2,0,0,0,0,6.569663731985274,0.41452999300823734,-0.9659258262890684,0.2588190451025203,15.881848434063771
TXN631095906,50.0,QR,HDFC,HDFC,Mumbai,2024-03-13T17:32:57,17,2,0,33.10234962251509,2,0,0,0,0,3.9318256327243257,0.5048967525062706,-0.9659258262890683,-0.25881904510252063,18.24093984900604
TXN840312730,313.38,P2P,SBI,ICICI,Ahmedabad,2024-04-07T16:31:14,16,6,0,16.994444494867885,3,0,0,0,0,5.750602445300092,0.4689509456154909,-0.8660254037844384,-0.5000000000000004,14.297777797947155
TXN743856580,5367.53,P2P,BOB,SBI,Jaipur,2024-02-21T16:52:56,16,2,0,23.57175149854124,3,0,0,0,0,8.588309407011693,0.22083377568845994,-0.8660254037844384,-0.5000000000000004,16.928700599416494
TXN764948600,1428.26,P2M,PNB,PNB,Chennai,2024-06-20T10:29:57,10,3,0,26.89590523082485,3,0,0,0,0,7.264912106796182,0.31679337409756037,0.49999999999999994,-0.8660254037844387,18.25836209232994
TXN812125312,110.33,P2P,Kotak,BOB,Delhi,2024-01-12T12:38:49,12,4,0,13.568379802912988,2,0,0,0,0,4.712498763740616,0.4966629817958115,1.2246467991473532e-16,-1.0,10.427351921165195
TXN226354892,498.79,QR,Kotak,BOB,Bangalore,2024-01-07T08:53:57,8,6,0,31.415216668039278,3,0,0,0,0,6.214188010197488,0.44364639684330065,0.8660254037844387,-0.4999999999999998,20.066086667215714
TXN504336216,604.3,Auto-Pay,SBI,Axis,Lucknow,2024-08-24T13:56:19,13,5,0,10.47888451662384,1,0,0,1,0,6.405724202897641,0.4292465104242629,-0.2588190451025208,-0.9659258262890683,16.691553806649537
TXN757249711,320.27,P2M,PNB,PNB,Ahmedabad,2024-05-02T08:47:09,8,3,0,41.482946778370845,3,0,0,0,0,5.772281891080893,0.4680106061459888,0.8660254037844387,-0.4999999999999998,24.09317871134834
TXN554129516,64.73,P2M,Kotak,BOB,Pune,2024-04-25T12:21:27,12,3,0,42.06870811489222,1,0,0,0,0,4.185555442275485,0.5028864186331551,1.2246467991473532e-16,-1.0,19.327483245956888
TXN724761241,777.04,P2P,SBI,Kotak,Hyderabad,2024-01-07T12:06:03,12,6,0,37.176284256677015,3,0,0,0,0,6.656777936738491,0.4056711490364836,1.2246467991473532e-16,-1.0,22.370513702670806
TXN200367918,459.08,P2P,PNB,PNB,Kolkata,2024-06-21T08:02:55,8,4,0,27.74945474800476,3,0,0,0,0,6.131400387405499,0.449065973089154,0.8660254037844387,-0.4999999999999998,18.599781899201904
TXN934578192,5201.12,QR,Axis,PNB,Jaipur,2024-12-01T19:52:35,19,6,0,11.974943753271344,1,0,0,0,0,8.556821513793283,0.19812232559849619,-0.9659258262890684,0.2588190451025203,7.289977501308537
TXN561374439,509.21,P2P,ICICI,Kotak,Jaipur,2024-09-09T19:47:37,19,0,0,27.458419116782935,2,0,0,1,0,6.234822405672432,0.4422242869344164,-0.9659258262890684,0.2588190451025203,25.983367646713177
TXN536370698,18030.16,P2P,HDFC,PNB,Mumbai,2024-10-14T09:58:31,9,0,0,38.984733183103536,2,0,0,0,0,9.799856651343564,1.9490153107685522,0.7071067811865476,-0.7071067811865475,20.593893273241413
TXN944979700,50.0,P2P,ICICI,Kotak,Ahmedabad,2024-09-20T20:25:09,20,4,0,35.727486533136,1,0,0,0,0,3.9318256327243257,0.5048967525062706,-0.8660254037844386,0.5000000000000001,16.7909946132544
TXN616752002,913.79,P2M,SBI,HDFC,Ahmedabad,2024-03-05T12:16:51,12,1,0,23.233020670006916,1,0,0,0,0,6.818694530737764,0.3870076624683534,1.2246467991473532e-16,-1.0,11.793208268002767
TXN853370052,1102.41,P2M,SBI,ICICI,Chennai,2024-12-29T19:09:08,19,6,0,13.401867774869267,2,0,0,0,0,7.006160663693764,0.3612650164977448,-0.9659258262890684,0.2588190451025203,10.360747109947706
TXN551278609,2794.15,P2P,HDFC,Kotak,Delhi,2024-05-21T10:28:11,10,1,0,26.850237108516193,1,0,0,0,0,7.935641051412133,0.13037823940985746,0.49999999999999994,-0.8660254037844387,13.240094843406478
TXN178120042,3460.57,QR,SBI,PNB,Delhi,2024-06-11T18:25:20,18,1,0,42.007861848158576,3,0,0,0,0,8.149477522360526,0.03942598552515301,-1.0,-1.8369701987210297e-16,24.30314473926343
TXN286229843,62.05,P2P,Axis,BOB,Kolkata,2024-02-12T20:37:48,20,0,0,21.853168118276535,2,0,0,0,0,4.143928062410929,0.503252182026227,-0.8660254037844386,0.5000000000000001,13.741267247310615
TXN145344151,25000.0,P2M,Kotak,Kotak,Chennai,2024-12-28T01:07:23,1,5,1,86.75824009757844,8,1,1,1,1,10.12667110305036,2.90025125389116,0.25881904510252074,0.9659258262890683,99.70329603903139
TXN234392316,3040.83,P2M,PNB,BOB,Jaipur,2024-02-11T14:03:05,14,6,0,41.83553432688221,3,0,0,0,0,8.020214586970999,0.09671162978187679,-0.4999999999999997,-0.8660254037844388,24.234213730752884
TXN253160701,259.55,QR,HDFC,SBI,Pune,2024-08-05T16:48:53,16,0,0,13.494244586938782,1,0,0,0,0,5.562794781355223,0.4762976036188726,-0.8660254037844384,-0.5000000000000004,7.897697834775514
TXN104387314,1488.84,P2P,PNB,Axis,Hyderabad,2024-03-05T16:13:34,16,1,0,11.680141222019188,3,0,0,0,0,7.3064240106232505,0.3085254836675982,-0.8660254037844384,-0.5000000000000004,12.172056488807677
TXN858565231,64.34,QR,ICICI,HDFC,Kolkata,2024-08-31T13:27:55,13,5,0,19.644837170821248,1,0,0,0,0,4.179604406172924,0.5029396453955797,-0.2588190451025208,-0.9659258262890683,10.357934868328499
TXN694224100,50.0,QR,PNB,HDFC,Pune,2024-01-26T12:00:00,12,4,0,18.829577028823614,3,0,0,0,0,3.9318256327243257,0.5048967525062706,1.2246467991473532e-16,-1.0,15.031830811529446
TXN108867314,92.61,P2M,ICICI,HDFC,Pune,2024-03-12T17:14:54,17,1,0,40.49506725071332,1,0,0,0,0,4.539137215383653,0.4990813875141827,-0.9659258262890683,-0.25881904510252063,18.698026900285328
TXN814722032,360.69,P2P,Axis,HDFC,Kolkata,2024-06-07T19:50:10,19,4,0,27.49409033877162,3,0,0,0,0,5.8907874913544065,0.46249412989674693,-0.9659258262890684,0.2588190451025203,18.49763613550865
TXN250320658,1655.27,P2M,Axis,SBI,Mumbai,2024-03-31T08:56:05,8,6,0,13.179971542501345,2,0,0,1,0,7.4123233651333225,0.28581130400007415,0.8660254037844387,-0.4999999999999998,20.271988617000538
TXN305658264,692.04,P2M,BOB,Axis,Chennai,2024-07-24T09:49:12,9,2,0,40.852461426625695,3,0,0,0,0,6.541087717581885,0.41727185366749686,0.7071067811865476,-0.7071067811865475,23.840984570650278
TXN414669580,1189.32,P2P,SBI,Kotak,Pune,2024-10-25T10:37:16,10,4,0,42.672190951246435,2,0,0,0,0,7.081977457519442,0.3494036372097287,0.49999999999999994,-0.8660254037844387,22.068876380498576
TXN536630279,2686.57,QR,Kotak,HDFC,Chennai,2024-09-05T16:47:08,16,3,0,12.443595174047859,1,0,0,0,0,7.896392718608341,0.14506063710637992,-0.8660254037844384,-0.5000000000000004,7.477438069619144
TXN557944956,430.92,Auto-Pay,Kotak,HDFC,Pune,2024-08-13T11:34:50,11,1,0,36.830858064921806,3,0,0,0,0,6.068240385910031,0.4529092182939697,0.258819045102521,-0.9659258262890682,22.232343225968723
TXN297259195,4549.77,QR,ICICI,BOB,Kolkata,2024-03-10T08:07:43,8,6,0,38.99505630056282,3,0,0,1,0,8.423051728396315,0.10922680840543146,0.8660254037844387,-0.4999999999999998,33.09802252022513
TXN847400897,1962.67,P2P,ICICI,BOB,Delhi,2024-07-20T08:10:48,8,5,0,27.801313167283315,2,0,0,0,0,7.582570450356805,0.24385769689920958,0.8660254037844387,-0.4999999999999998,16.120525266913326
TXN875318759,93.93,P2M,Axis,PNB,Jaipur,2024-03-24T12:47:02,12,6,0,29.324078199928415,3,0,0,0,0,4.5531397778937075,0.49890123539520703,1.2246467991473532e-16,-1.0,19.229631279971365
TXN578053562,3691.58,P2M,PNB,PNB,Kolkata,2024-12-09T10:11:51,10,0,0,26.374330459365023,2,0,0,0,0,8.214080679709094,0.007897999915619154,0.49999999999999994,-0.8660254037844387,15.54973218374601
TXN635726846,339.46,P2M,Kotak,BOB,Lucknow,2024-01-23T10:41:33,10,1,0,41.31888248908285,3,0,0,0,0,5.830297644386424,0.46539157647694,0.49999999999999994,-0.8660254037844387,24.02755299563314
TXN598612991,1190.86,Auto-Pay,PNB,PNB,Mumbai,2024-04-02T19:12:44,19,1,0,12.419060454876709,2,0,0,0,0,7.083270391063113,0.34919345973759036,-0.9659258262890684,0.2588190451025203,9.967624181950683
TXN633209981,244.17,Auto-Pay,Kotak,PNB,Hyderabad,2024-10-10T10:03:03,10,3,0,34.576728573741455,1,0,0,0,0,5.501951847474021,0.47839664876269594,0.49999999999999994,-0.8660254037844387,16.330691429496582
TXN447017388,512.61,QR,Axis,ICICI,Delhi,2024-07-07T18:37:29,18,6,0,13.56141647267766,3,0,0,0,0,6.24146422259119,0.44176025874917585,-1.0,-1.8369701987210297e-16,12.924566589071064
TXN793350909,303.55,P2P,Axis,SBI,Hyderabad,2024-02-19T10:27:12,10,0,0,20.994152694527124,3,0,0,0,0,5.718835277282493,0.47029253298634804,0.49999999999999994,-0.8660254037844387,15.89766107781085
TXN380102395,193.18,P2P,Axis,Kotak,Pune,2024-02-13T16:21:29,16,1,0,39.764766977573345,2,0,0,0,0,5.268785563941999,0.4853557067525238,-0.8660254037844384,-0.5000000000000004,20.905906791029338
TXN376334337,6335.95,Collect,BOB,HDFC,Lucknow,2024-11-15T11:34:15,11,4,0,41.010368716580615,2,0,0,0,0,8.75415285912354,0.35300265073276454,0.258819045102521,-0.9659258262890682,21.404147486632247
TXN470338658,50.0,QR,Kotak,Axis,Chennai,2024-10-19T16:37:47,16,5,0,44.89580864069108,1,0,0,0,0,3.9318256327243257,0.5048967525062706,-0.8660254037844384,-0.5000000000000004,20.458323456276432
TXN910079966,50.0,P2M,BOB,Axis,Lucknow,2024-02-25T17:38:09,17,6,0,43.02436009772933,2,0,0,0,0,3.9318256327243257,0.5048967525062706,-0.9659258262890683,-0.25881904510252063,22.20974403909173
TXN231105846,220.94,Auto-Pay,Axis,Axis,Bangalore,2024-05-18T11:45:59,11,5,0,43.41060183640679,2,0,0,0,0,5.402407075072418,0.4815670530989129,0.258819045102521,-0.9659258262890682,22.364240734562717
TXN252953018,84.65,Auto-Pay,ICICI,PNB,Lucknow,2024-05-11T11:54:25,11,5,0,10.45767869611152,1,0,0,0,0,4.450269224770129,0.5001677593831576,0.258819045102521,-0.9659258262890682,6.683071478444608
TXN944005263,15132.59,P2M,ICICI,Axis,Delhi,2024-11-26T09:22:46,9,1,0,22.686094701509617,3,0,0,0,0,9.624672055569928,1.55355820820755,0.7071067811865476,-0.7071067811865475,16.574437880603845
TXN437023088,1578.51,P2P,PNB,BOB,Bangalore,2024-05-31T10:55:29,10,4,0,35.82543314965355,1,0,0,0,0,7.364869951339541,0.29628742267626923,0.49999999999999994,-0.8660254037844387,16.830173259861418
TXN499928988,5950.07,Collect,ICICI,PNB,Pune,2024-11-22T18:58:30,18,4,0,33.90942699373686,3,0,0,0,0,8.691326314304625,0.3003381812855244,-1.0,-1.8369701987210297e-16,21.063770797494744
TXN475624038,350.83,QR,Axis,PNB,Kolkata,2024-07-20T20:40:31,20,5,0,13.128117225972215,2,0,0,0,0,5.8631481043925335,0.46383981163394444,-0.8660254037844386,0.5000000000000001,10.251246890388886
TXN539468464,105.52,P2P,HDFC,HDFC,Bangalore,2024-02-23T18:13:11,18,4,0,21.07742116055516,3,0,0,1,0,4.668332760945732,0.4973194451990488,-1.0,-1.8369701987210297e-16,25.930968464222065
TXN386656209,828.96,P2P,Axis,HDFC,Bangalore,2024-03-14T16:14:05,16,3,0,23.253684201321214,1,0,0,1,0,6.72137750685825,0.39858516569010466,-0.8660254037844384,-0.5000000000000004,21.80147368052849
TXN850832836,713.0,P2M,SBI,ICICI,Lucknow,2024-11-17T16:21:55,16,6,0,44.07673943823147,2,0,0,0,0,6.570882962339584,0.414411256384367,-0.8660254037844384,-0.5000000000000004,22.63069577529259
TXN811252870,101.64,P2M,BOB,ICICI,Chennai,2024-09-15T19:46:42,19,6,0,22.60489531315022,1,0,0,0,0,4.631227720307381,0.49784898324573507,-0.9659258262890684,0.2588190451025203,11.541958125260088
TXN596357173,8472.14,P2P,HDFC,BOB,Hyderabad,2024-06-14T18:12:22,18,4,0,36.73005291359742,2,0,0,0,0,9.04465643913525,0.6445474651530503,-1.0,-1.8369701987210297e-16,19.692021165438966
TXN432404559,15000.0,P2P,BOB,Axis,Chennai,2024-06-18T00:15:56,0,1,1,69.6570924079795,16,1,1,0,1,9.61587214452889,1.5354624737719493,0.0,1.0,102.8628369631918
TXN690494369,3131.56,P2P,SBI,BOB,Hyderabad,2024-05-25T12:05:19,12,5,0,11.697407911287836,1,0,0,0,0,8.049605840617115,0.08432890117985518,1.2246467991473532e-16,-1.0,7.178963164515134
TXN650401338,84.71,P2M,Kotak,SBI,Mumbai,2024-06-19T11:00:43,11,2,0,43.816441302599486,3,0,0,0,0,4.450969504910791,0.5001595706504769,0.258819045102521,-0.9659258262890682,25.026576521039797
TXN187667297,78.35,P2M,BOB,PNB,Delhi,2024-05-14T10:53:02,10,1,0,19.43726578258366,3,0,0,0,0,4.373868446972418,0.5010275763146327,0.49999999999999994,-0.8660254037844387,15.274906313033464
TXN591780765,522.39,P2M,PNB,Kotak,Bangalore,2024-01-03T13:07:17,13,2,0,35.72052152804393,1,0,0,0,0,6.260326884067138,0.4404254953222193,-0.2588190451025208,-0.9659258262890683,16.788208611217573
TXN578866735,848.8,QR,Axis,PNB,Lucknow,2024-02-27T19:47:30,19,1,0,13.778685683879244,3,0,0,0,0,6.745001027680711,0.39587742475034815,-0.9659258262890684,0.2588190451025203,13.011474273551698
TXN532462822,1162.43,P2M,Kotak,SBI,Hyderabad,2024-07-04T18:44:32,18,3,0,27.83044013361732,2,0,0,0,0,7.059127817632076,0.35307355423946934,-1.0,-1.8369701987210297e-16,16.132176053446926
TXN619217315,574.8,P2M,HDFC,Kotak,Lucknow,2024-12-25T20:03:05,20,2,0,34.13590516147066,1,0,0,0,0,6.355760378178076,0.43327263732561455,-0.8660254037844386,0.5000000000000001,16.154362064588263
TXN232338899,773.32,P2P,PNB,PNB,Lucknow,2024-07-08T13:40:55,13,0,0,33.01794631565531,3,0,0,0,0,6.651985224840833,0.4061788504626879,-0.2588190451025208,-0.9659258262890683,20.707178526262126
TXN607474232,1690.05,P2M,Axis,ICICI,Lucknow,2024-08-02T13:58:39,13,4,0,29.01238454985815,2,0,0,0,0,7.4331049167642265,0.2810645686228196,-0.2588190451025208,-0.9659258262890683,16.604953819943262
TXN780381620,1861.17,Collect,Axis,BOB,Pune,2024-07-03T10:23:18,10,2,0,42.275141389773125,3,0,0,0,0,7.529497753347217,0.2577103030174196,0.49999999999999994,-0.8660254037844387,24.41005655590925
TXN228305664,8580.12,P2P,HDFC,BOB,Pune,2024-05-31T15:25:14,15,4,0,27.652851993681466,2,0,0,0,0,9.057319720093444,0.6592844544007777,-0.7071067811865471,-0.7071067811865479,16.06114079747259
TXN240130393,955.63,P2P,HDFC,HDFC,Pune,2024-10-25T14:39:24,14,4,0,34.73074615990338,1,0,0,1,0,6.863416691824907,0.38129738621233455,-0.4999999999999997,-0.8660254037844388,26.392298463961353
TXN468583859,256.27,QR,Kotak,ICICI,Bangalore,2024-11-06T12:04:37,12,2,0,44.36309877078807,1,0,0,0,0,5.550126117076011,0.4767452543387517,1.2246467991473532e-16,-1.0,20.24523950831523
TXN745537630,51.38,P2P,HDFC,PNB,Ahmedabad,2024-01-17T17:11:19,17,2,0,22.304352460940127,1,0,0,1,0,3.958524839079566,0.5047084116546142,-0.9659258262890683,-0.25881904510252063,21.42174098437605
TXN299479276,626.69,P2P,SBI,BOB,Hyderabad,2024-04-26T15:09:41,15,4,0,21.29834277067476,2,0,0,0,0,6.44204641401927,0.4261907483455759,-0.7071067811865471,-0.7071067811865479,13.519337108269905
TXN365494426,6550.55,P2P,Axis,Axis,Chennai,2024-07-20T11:20:27,11,5,0,35.04736769577827,1,0,0,0,0,8.787456941855554,0.38229101795412285,0.258819045102521,-0.9659258262890682,16.518947078311307
TXN398349796,50000.0,P2P,BOB,Kotak,Ahmedabad,2024-09-07T19:34:15,19,5,0,97.04260514004847,5,1,1,1,1,10.819798284210286,6.312223204189186,-0.9659258262890684,0.2588190451025203,81.31704205601939
TXN466756741,93.14,P2M,PNB,Axis,Bangalore,2024-04-21T11:44:16,11,6,0,40.95860038698008,3,0,0,0,0,4.544783035972996,0.4990090537088364,0.258819045102521,-0.9659258262890682,23.883440154792034
TXN856676879,820.45,P2P,ICICI,Axis,Pune,2024-10-05T13:16:04,13,5,0,15.849620401492743,1,0,0,0,0,6.711071071352346,0.39974660094198605,-0.2588190451025208,-0.9659258262890683,8.839848160597096
TXN349216976,21543.83,Auto-Pay,Axis,Axis,Mumbai,2024-07-07T09:52:45,9,6,0,28.694199335886974,1,0,0,0,0,9.977891159556984,2.428557050072699,0.7071067811865476,-0.7071067811865475,13.97767973435479
TXN305947905,50.0,P2M,SBI,ICICI,Lucknow,2024-04-24T20:56:46,20,2,0,22.10071995724421,1,0,0,0,0,3.9318256327243257,0.5048967525062706,-0.8660254037844386,0.5000000000000001,11.340287982897683
TXN557035615,549.61,P2P,Kotak,Kotak,Pune,2024-02-11T11:28:54,11,6,0,28.967058460913393,3,1,0,0,0,6.311026754548665,0.43671054026273476,0.258819045102521,-0.9659258262890682,39.08682338436536
TXN394237760,138.59,P2P,HDFC,BOB,Mumbai,2024-08-04T19:16:52,19,6,0,32.69305765013215,2,0,0,0,0,4.938709554524666,0.4928060887031946,-0.9659258262890684,0.2588190451025203,18.07722306005286
TXN570923188,999.95,P2P,ICICI,Kotak,Kolkata,2024-10-17T09:00:51,9,3,0,10.46300845168529,1,0,0,0,0,6.908704828017726,0.3752486423388462,0.7071067811865476,-0.7071067811865475,6.685203380674117
TXN123799051,8227.17,P2M,Axis,Axis,Kolkata,2024-03-03T17:59:30,17,6,0,40.07136615387367,1,0,0,0,0,9.015318911716435,0.6111142344064701,-0.9659258262890683,-0.25881904510252063,18.528546461549467
TXN658847699,4037.93,P2P,BOB,ICICI,Lucknow,2024-06-22T14:21:59,14,5,0,35.03582683558797,1,0,0,1,0,8.303735084390699,0.0393714594838097,-0.4999999999999997,-0.8660254037844388,26.514330734235187
TXN242640823,1490.43,QR,Kotak,Kotak,Jaipur,2024-01-17T16:26:54,16,2,0,22.148928998791106,3,0,0,0,0,7.307490670235264,0.3083084822515592,-0.8660254037844384,-0.5000000000000004,16.359571599516443
TXN412555536,5987.69,Auto-Pay,PNB,ICICI,Ahmedabad,2024-03-17T09:22:45,9,6,0,27.026896800634802,1,0,0,0,0,8.697627969361921,0.3054725166763329,0.7071067811865476,-0.7071067811865475,13.310758720253922
TXN636213604,50000.0,P2P,BOB,SBI,Delhi,2024-08-23T00:27:34,0,4,1,98.43395404985117,17,1,1,0,1,10.819798284210286,6.312223204189186,0.0,1.0,116.87358161994047
TXN331925209,1795.94,P2P,PNB,PNB,Lucknow,2024-11-22T08:44:00,8,4,0,37.268288018361964,2,0,0,0,0,7.4938404972444985,0.2666128202301372,0.8660254037844387,-0.4999999999999998,19.907315207344787
TXN718894156,713.11,QR,ICICI,ICICI,Bangalore,2024-10-14T12:53:47,12,0,0,27.99143820524864,1,0,0,0,0,6.571037012097961,0.41439624370778566,1.2246467991473532e-16,-1.0,13.696575282099458
TXN115068917,714.36,P2M,ICICI,ICICI,Delhi,2024-08-30T13:58:27,13,4,0,20.833825093383478,2,0,0,0,0,6.572785912485671,0.41422564511027077,-0.2588190451025208,-0.9659258262890683,13.333530037353391
TXN538889230,10000.0,P2P,Axis,ICICI,Hyderabad,2024-12-12T14:02:24,14,3,0,96.17333957269415,4,0,1,1,1,9.210440366976517,0.853068083712344,-0.4999999999999997,-0.8660254037844388,58.469335829077664
TXN275854160,443.06,P2M,Kotak,Kotak,Ahmedabad,2024-11-26T08:06:51,8,1,0,11.745538928678112,3,0,0,0,0,6.09595968843743,0.451252364714905,0.8660254037844387,-0.4999999999999998,12.198215571471245
TXN976962157,7080.97,P2P,Axis,PNB,Jaipur,2024-09-25T16:53:53,16,2,0,18.78076849617451,3,0,0,0,0,8.865307396571378,0.45468214442920607,-0.8660254037844384,-0.5000000000000004,15.012307398469805
TXN603703885,259.35,P2M,ICICI,PNB,Delhi,2024-01-29T14:59:02,14,0,0,23.423707935189192,1,0,0,0,0,5.562026879608908,0.47632489939447503,-0.4999999999999997,-0.8660254037844388,11.869483174075677
TXN520682459,691.94,QR,HDFC,HDFC,Delhi,2024-06-25T10:07:51,10,1,0,27.299086388643314,3,0,0,0,0,6.540943415355051,0.41728550155529803,0.49999999999999994,-0.8660254037844387,18.41963455545733
TXN638112658,1797.4,P2M,BOB,ICICI,Pune,2024-02-26T05:53:11,5,0,1,69.86892060275389,13,1,0,1,1,7.494652659699372,0.26641356106823977,0.9659258262890683,0.25881904510252074,105.44756824110155
TXN132430401,180.75,P2M,HDFC,PNB,Bangalore,2024-03-23T09:27:31,9,5,0,42.36418274928761,1,0,0,0,0,5.202632116413628,0.487052139206212,0.7071067811865476,-0.7071067811865475,19.445673099715044
TXN706957075,1881.68,P2M,SBI,BOB,Lucknow,2024-12-08T18:38:46,18,6,0,26.676144493378985,1,0,0,0,0,7.540451572632865,0.2549111212293951,-1.0,-1.8369701987210297e-16,13.170457797351595
TXN496512526,370.27,P2M,Axis,SBI,Bangalore,2024-01-28T09:31:04,9,6,0,28.259682335754388,2,0,0,0,0,5.916929560719734,0.46118666224539273,0.7071067811865476,-0.7071067811865475,16.303872934301758
TXN659183256,79.13,QR,ICICI,SBI,Delhi,2024-10-18T15:39:21,15,4,0,21.959915776959093,2,0,0,0,0,4.383650315789979,0.5009211227897834,-0.7071067811865471,-0.7071067811865479,13.783966310783638
TXN189326476,2164.53,P2P,Kotak,Axis,Kolkata,2024-11-29T18:45:04,18,4,0,36.3664817766319,2,0,0,0,0,7.680420414172205,0.2163080705837232,-1.0,-1.8369701987210297e-16,19.54659271065276
TXN525062586,7887.13,Collect,Kotak,Axis,Kolkata,2024-08-12T10:46:16,10,0,0,11.312453116351051,3,0,0,0,0,8.97311437687689,0.5647059567272963,0.49999999999999994,-0.8660254037844387,12.02498124654042
TXN599179329,1473.79,Collect,ICICI,ICICI,Kolkata,2024-06-29T18:55:16,18,5,0,42.98053282654224,2,0,0,0,0,7.2962708857565834,0.31057949078167757,-1.0,-1.8369701987210297e-16,22.192213130616896
TXN818077082,21154.43,P2P,ICICI,HDFC,Bangalore,2024-03-05T11:49:07,11,1,0,30.92752993869405,3,0,0,0,0,9.95965188911162,2.3754121749748567,0.258819045102521,-0.9659258262890682,19.87101197547762
TXN576894524,5666.46,P2P,PNB,BOB,Delhi,2024-10-23T08:20:42,8,2,0,28.289047667227532,3,0,0,0,0,8.642496324571159,0.2616314066925635,0.8660254037844387,-0.4999999999999998,18.815619066891013
TXN757785025,412.6,P2P,Kotak,ICICI,Delhi,2024-01-30T09:07:13,9,1,0,36.642403030791584,3,1,0,0,0,6.024899323194219,0.4554095113391481,0.7071067811865476,-0.7071067811865475,42.15696121231663
TXN419330325,482.36,P2P,PNB,Axis,Chennai,2024-06-11T15:02:16,15,1,0,34.47029996852933,2,0,0,0,0,6.180761717638362,0.44588874480903645,-0.7071067811865471,-0.7071067811865479,18.788119987411733
TXN159830405,649.37,QR,ICICI,BOB,Ahmedabad,2024-03-22T17:44:36,17,4,0,44.860576982975175,1,0,0,0,0,6.477541431708534,0.42309540739226553,-0.9659258262890683,-0.25881904510252063,20.44423079319007
TXN700090335,6780.87,QR,Kotak,SBI,Chennai,2024-04-18T11:24:30,11,3,0,15.779779999186504,1,1,0,0,0,8.822008154114961,0.4137248331378285,0.258819045102521,-0.9659258262890682,28.811911999674603
TXN658608735,822.54,QR,SBI,HDFC,Jaipur,2024-03-18T09:17:46,9,0,0,34.2116214205261,3,0,0,0,0,6.713612121601384,0.39946136008694116,0.7071067811865476,-0.7071067811865475,21.18464856821044
TXN778753509,1901.5,QR,HDFC,BOB,Mumbai,2024-10-12T15:09:11,15,5,0,40.76332430787393,1,0,0,0,0,7.550924089735841,0.2522061098671988,-0.7071067811865471,-0.7071067811865479,18.805329723149573
TXN262926504,119.61,QR,BOB,HDFC,Pune,2024-08-09T13:44:58,13,4,0,37.86434191392347,2,0,0,0,0,4.792562199595151,0.49539645780786085,-0.2588190451025208,-0.9659258262890683,20.14573676556939
TXN392479847,4212.64,Auto-Pay,ICICI,Kotak,Jaipur,2024-03-14T19:43:01,19,3,0,16.28079794868632,3,0,0,0,0,8.346082161194179,0.0632156842612725,-0.9659258262890684,0.2588190451025203,14.012319179474527
TXN385645583,227.36,Collect,HDFC,SBI,Bangalore,2024-05-21T18:10:08,18,1,0,35.99104625364065,1,1,0,0,0,5.430923331096058,0.48069085870207634,-1.0,-1.8369701987210297e-16,36.89641850145626
TXN499873327,539.38,Collect,Kotak,Kotak,Pune,2024-05-30T17:34:06,17,3,0,21.866042686704525,3,0,0,0,0,6.292272595778669,0.4381067191847967,-0.9659258262890683,-0.25881904510252063,16.24641707468181
TXN977933199,7539.44,P2P,Kotak,HDFC,Ahmedabad,2024-11-07T15:26:03,15,3,0,11.163911252441283,3,0,0,0,0,8.928035814737056,0.5172536156313314,-0.7071067811865471,-0.7071067811865479,11.965564500976512
TXN866192708,1340.05,QR,ICICI,ICICI,Ahmedabad,2024-03-01T17:29:30,17,4,0,39.722670064293666,1,0,0,0,0,7.201208168194343,0.32883217592699193,-0.9659258262890683,-0.25881904510252063,18.389068025717467
TXN454153283,50.0,P2M,Axis,Axis,Ahmedabad,2024-02-04T08:02:47,8,6,0,28.254696008533283,3,0,0,0,0,3.9318256327243257,0.5048967525062706,0.8660254037844387,-0.4999999999999998,18.801878403413312
TXN609825156,859.74,QR,SBI,Kotak,Bangalore,2024-12-03T10:09:48,10,1,0,39.25609428441848,3,0,0,0,0,6.75779248437595,0.3943843458248977,0.49999999999999994,-0.8660254037844387,23.202437713767395
TXN250729805,160.35,P2M,SBI,SBI,Lucknow,2024-10-02T19:58:03,19,2,0,41.4387814988595,1,0,0,0,0,5.083575918497971,0.4898363083176552,-0.9659258262890684,0.2588190451025203,19.0755125995438
TXN859757057,875.47,P2M,PNB,Kotak,Lucknow,2024-03-24T10:50:01,10,6,0,19.63095393708238,2,0,0,0,0,6.77590247673617,0.39223753307377024,0.49999999999999994,-0.8660254037844387,12.852381574832954
TXN306536113,83.31,P2M,BOB,HDFC,Hyderabad,2024-05-13T20:28:43,20,0,0,43.43975119253702,3,0,0,0,0,4.434500481934585,0.5003506410796936,-0.8660254037844386,0.5000000000000001,24.875900477014806
TXN387979382,3600.47,Collect,HDFC,HDFC,Lucknow,2024-08-05T17:43:49,17,0,0,23.454187529399604,1,0,0,0,0,8.189097374432167,0.0203325904912853,-0.9659258262890683,-0.25881904510252063,11.881675011759842
TXN509736794,3895.03,P2P,ICICI,SBI,Bangalore,2024-06-04T17:42:20,17,1,0,41.31249791521721,1,0,0,0,0,8.267713364938118,0.019868627815906224,-0.9659258262890683,-0.25881904510252063,19.024999166086882
TXN494824013,1067.72,QR,HDFC,SBI,Ahmedabad,2024-08-05T18:14:31,18,0,0,43.67627708963591,1,0,0,0,0,6.974216949681557,0.3659994687759784,-1.0,-1.8369701987210297e-16,19.970510835854366
TXN469950315,2501.09,P2M,BOB,BOB,Ahmedabad,2024-02-27T16:47:50,16,1,0,14.046196371402928,3,1,0,0,0,7.824881661602929,0.17037473940003103,-0.8660254037844384,-0.5000000000000004,33.11847854856117
TXN277077886,1067.86,P2P,PNB,Kotak,Hyderabad,2024-07-29T10:38:11,10,0,0,35.67345241655045,1,0,0,0,0,6.974347938931269,0.3659803617330567,0.49999999999999994,-0.8660254037844387,16.76938096662018
TXN385375032,5538.83,P2P,PNB,SBI,Hyderabad,2024-10-05T08:55:32,8,5,0,18.404909051752544,2,0,0,0,0,8.619719093349929,0.24421260749190205,0.8660254037844387,-0.4999999999999998,12.361963620701019
TXN898669152,7159.22,P2M,PNB,ICICI,Hyderabad,2024-09-09T14:55:24,14,0,0,16.827603720868513,1,0,0,0,0,8.876295985739633,0.46536161663363884,-0.4999999999999997,-0.8660254037844388,9.231041488347405
TXN982717562,4549.29,P2M,Kotak,BOB,Pune,2024-10-30T12:14:43,12,2,0,41.38500014440429,1,0,0,0,0,8.422946246177663,0.10916129854398567,1.2246467991473532e-16,-1.0,19.054000057761716
TXN365724104,758.65,Auto-Pay,BOB,HDFC,Bangalore,2024-03-12T18:10:08,18,1,0,13.269999269076184,2,0,0,0,0,6.632857800889775,0.4081809956031228,-1.0,-1.8369701987210297e-16,10.307999707630474
TXN412565281,2420.91,QR,BOB,PNB,Ahmedabad,2024-11-02T09:57:43,9,5,0,34.63043880852658,2,0,0,0,0,7.792311764050192,0.18131761583902692,0.7071067811865476,-0.7071067811865475,18.85217552341063
TXN924171988,50.0,P2P,Kotak,ICICI,Hyderabad,2024-08-30T14:45:35,14,4,0,10.902543014995443,1,0,0,0,0,3.9318256327243257,0.5048967525062706,-0.4999999999999997,-0.8660254037844388,6.861017205998177
TXN527445492,56.39,P2M,Axis,SBI,Bangalore,2024-07-05T19:06:42,19,4,0,24.435032150446553,2,0,0,0,0,4.049870072120271,0.5040246524757745,-0.9659258262890684,0.2588190451025203,14.774012860178622
TXN507934376,8033.75,P2P,ICICI,SBI,Chennai,2024-11-02T20:50:18,20,5,0,17.02331304259311,3,0,0,0,0,8.991531163810777,0.5847164898214042,-0.8660254037844386,0.5000000000000001,14.309325217037244
TXN833077917,703.75,QR,PNB,SBI,Lucknow,2024-09-04T18:32:19,18,2,0,22.20621605840458,3,0,0,0,0,6.557843129994222,0.41567368600597726,-1.0,-1.8369701987210297e-16,16.382486423361833
TXN403123517,2700.02,P2P,HDFC,Axis,Delhi,2024-10-15T15:19:15,15,1,0,37.54415297834203,3,0,0,0,0,7.90138475843014,0.1432249961971196,-0.7071067811865471,-0.7071067811865479,22.517661191336813
TXN297597484,647.76,QR,Kotak,BOB,Delhi,2024-02-01T16:45:36,16,3,0,41.372759672838384,1,0,0,0,0,6.475062848619489,0.42331513838586476,-0.8660254037844384,-0.5000000000000004,19.049103869135354
TXN424144062,569.19,P2M,Kotak,BOB,Kolkata,2024-11-22T19:32:47,19,4,0,30.464250633693375,1,0,0,0,0,6.345969638618716,0.43403828383126136,-0.9659258262890684,0.2588190451025203,14.68570025347735
TXN385385964,50.0,P2P,ICICI,SBI,Bangalore,2024-07-31T08:32:24,8,2,0,23.659656757898688,2,0,0,0,0,3.9318256327243257,0.5048967525062706,0.8660254037844387,-0.4999999999999998,14.463862703159476
TXN473351712,477.4,QR,HDFC,ICICI,Chennai,2024-06-14T19:55:39,19,4,0,44.14590394592695,1,0,0,0,0,6.170447202636422,0.4465656800439756,-0.9659258262890684,0.2588190451025203,20.158361578370783
TXN896504533,20000.0,QR,ICICI,HDFC,Mumbai,2024-05-24T01:12:19,1,4,1,93.58575371995491,18,0,1,1,1,9.90353755128617,2.2178568638315546,0.25881904510252074,0.9659258262890683,107.43430148798197
TXN744762207,9418.61,P2M,SBI,HDFC,Bangalore,2024-07-04T20:05:43,20,3,0,16.316684363182315,1,0,0,0,0,9.150548965439468,0.7737206288249934,-0.8660254037844386,0.5000000000000001,9.026673745272927
TXN268333293,560.77,QR,ICICI,ICICI,Lucknow,2024-08-18T15:18:53,15,6,0,27.670618528335748,3,0,0,0,0,6.331092513457923,0.43518743598412174,-0.7071067811865471,-0.7071067811865479,18.568247411334298
TXN112808583,45000.0,P2P,PNB,BOB,Lucknow,2024-02-27T22:55:27,22,1,1,71.55533536527727,14,1,1,0,1,10.714439990727769,5.629828814129581,-0.5000000000000004,0.8660254037844384,98.62213414611091
TXN919824070,497.25,QR,BOB,HDFC,Lucknow,2024-05-11T13:10:01,13,5,0,43.98290873616165,1,0,0,0,0,6.211101959092904,0.44385657431543896,-0.2588190451025208,-0.9659258262890683,20.093163494464658
TXN474464506,7303.13,Collect,Axis,ICICI,Lucknow,2024-02-28T16:57:15,16,2,0,22.83641101799735,1,0,0,0,0,8.896195220583007,0.4850022919683344,-0.8660254037844384,-0.5000000000000004,11.63456440719894
TXN221395984,632.65,P2M,Kotak,SBI,Kolkata,2024-09-20T09:35:05,9,4,0,33.23596553978105,1,0,0,1,0,6.451496751528073,0.42537733423262486,0.7071067811865476,-0.7071067811865475,25.794386215912418
TXN609786381,728.75,Auto-Pay,HDFC,Axis,Delhi,2024-03-25T12:47:26,12,0,0,42.175367536511686,2,0,0,0,0,6.592702009734224,0.41226171405567924,1.2246467991473532e-16,-1.0,21.870147014604676
TXN509803449,8344.51,Auto-Pay,Axis,SBI,Hyderabad,2024-02-24T10:12:02,10,5,0,31.15065469375176,3,0,0,0,0,9.02947894866831,0.6271286659523888,0.49999999999999994,-0.8660254037844387,19.960261877500706
TXN444414273,118.04,QR,Kotak,HDFC,Lucknow,2024-09-03T09:15:40,9,1,0,32.74274941185355,1,0,0,0,0,4.779459571084781,0.49561072964633957,0.7071067811865476,-0.7071067811865475,15.597099764741422
TXN841320455,1405.21,P2P,PNB,Kotak,Kolkata,2024-05-30T20:51:15,20,3,0,18.935728365495116,1,0,0,0,0,7.248653421103735,0.3199392122357351,-0.8660254037844386,0.5000000000000001,10.074291346198047
TXN142508601,6939.37,P2P,HDFC,PNB,Mumbai,2024-09-19T20:56:54,20,3,0,41.84667058681394,1,0,0,0,0,8.84511036620074,0.43535673530271796,-0.8660254037844386,0.5000000000000001,19.238668234725576
TXN621503550,233.77,P2P,ICICI,Axis,Jaipur,2024-04-26T11:18:47,11,4,0,42.658966597024516,1,0,0,0,0,5.458606311477417,0.47981602909401994,0.258819045102521,-0.9659258262890682,19.563586638809806
TXN824445207,652.48,P2P,PNB,PNB,Lucknow,2024-02-04T13:55:14,13,6,0,35.55781678049481,2,0,0,0,0,6.482311928158308,0.42267095808164845,-0.2588190451025208,-0.9659258262890683,19.223126712197924
TXN511465545,1910.06,P2P,PNB,Axis,Kolkata,2024-08-28T12:54:28,12,2,0,15.022153103735738,3,1,0,0,0,7.555413340921646,0.25103785067141676,1.2246467991473532e-16,-1.0,33.508861241494294
TXN785152558,9669.13,P2M,ICICI,Axis,Kolkata,2024-03-24T13:10:26,13,6,0,36.603292745333405,1,0,0,0,0,9.176797031997099,0.8079113173445396,-0.2588190451025208,-0.9659258262890683,17.141317098133364
TXN511368022,306.45,P2P,PNB,Axis,Chennai,2024-05-24T19:23:55,19,4,0,34.42826898775384,1,0,0,1,0,5.7283124723994785,0.4698967442401135,-0.9659258262890684,0.2588190451025203,26.271307595101536
TXN774503371,18706.02,QR,Kotak,HDFC,Ahmedabad,2024-04-08T20:35:26,20,0,0,28.705955111855918,1,0,0,0,0,9.836654133466844,2.041255925261689,-0.8660254037844386,0.5000000000000001,13.982382044742367
TXN277651353,192.9,QR,PNB,BOB,Delhi,2024-09-21T18:50:37,18,5,0,15.852522054494095,1,0,0,0,0,5.267342562248606,0.48539392083836713,-1.0,-1.8369701987210297e-16,8.841008821797638
TXN308656055,576.3,P2P,HDFC,SBI,Kolkata,2024-12-19T11:32:18,11,3,0,37.11068608887098,1,0,0,0,0,6.358362062066888,0.43306791900859665,0.258819045102521,-0.9659258262890682,17.344274435548392
TXN162130183,798.05,QR,PNB,HDFC,Ahmedabad,2024-07-13T18:45:57,18,5,0,31.984448016064945,3,0,0,0,0,6.683423522031118,0.40280372780945317,-1.0,-1.8369701987210297e-16,20.29377920642598
TXN256033085,1181.53,P2M,ICICI,Kotak,Kolkata,2024-04-08T20:51:45,20,0,0,34.89249530908097,1,0,0,0,0,7.075411490023134,0.3504668076694416,-0.8660254037844386,0.5000000000000001,16.45699812363239
TXN984028589,110.84,Auto-Pay,SBI,BOB,Jaipur,2024-02-09T18:52:55,18,4,0,27.908959375065223,3,0,0,0,0,4.7170692784855,0.49659337756802535,-1.0,-1.8369701987210297e-16,18.663583750026092
TXN966369206,968.93,QR,BOB,BOB,Delhi,2024-06-25T10:49:36,10,1,0,23.347739131354825,2,0,0,0,0,6.87722390394496,0.3794822171347761,0.49999999999999994,-0.8660254037844387,14.33909565254193
TXN481919065,632.0,P2P,Kotak,Axis,Jaipur,2024-09-11T17:07:41,17,2,0,32.05735918397497,3,0,0,1,0,6.450470422144176,0.4254660455033326,-0.9659258262890683,-0.25881904510252063,30.32294367358999
TXN185613910,4440.22,P2P,HDFC,PNB,Pune,2024-02-06T11:37:06,11,1,0,37.57897733432281,2,0,0,0,0,8.39868439245737,0.09427554731922548,0.258819045102521,-0.9659258262890682,20.031590933729124
TXN634175158,4744.15,P2M,HDFC,SBI,Ahmedabad,2024-01-22T12:34:20,12,0,0,23.608237410204822,3,0,0,0,0,8.464878322767765,0.13575557271338856,1.2246467991473532e-16,-1.0,16.94329496408193
TXN206406362,480.49,P2M,HDFC,Axis,Bangalore,2024-10-20T09:59:20,9,6,0,23.386169694350695,1,1,0,0,0,6.17688546259053,0.44614396031091874,0.7071067811865476,-0.7071067811865475,31.854467877740277
TXN800862844,54.95,P2P,HDFC,Kotak,Kolkata,2024-10-18T16:14:08,16,4,0,34.20485371973824,2,0,0,0,0,4.024458434757935,0.5042211820601117,-0.8660254037844384,-0.5000000000000004,18.681941487895294
TXN291573059,30000.0,P2P,SBI,Axis,Lucknow,2024-07-09T16:09:24,16,1,0,68.9023006041591,7,0,1,1,1,10.308985993422082,3.5826456439507655,-0.8660254037844384,-0.5000000000000004,55.06092024166364
TXN782698388,6745.11,QR,ICICI,SBI,Chennai,2024-04-16T16:52:53,16,1,0,31.865732074303697,3,0,0,0,0,8.816721321447742,0.40884434846012213,-0.8660254037844384,-0.5000000000000004,20.24629282972148
TXN207648491,399.73,QR,HDFC,Axis,Jaipur,2024-03-10T14:09:14,14,6,0,31.455488636819013,1,0,0,0,0,5.993287883818843,0.4571659944991615,-0.4999999999999997,-0.8660254037844388,15.082195454727605
TXN143615613,294.91,P2P,PNB,Kotak,Chennai,2024-12-26T09:12:50,9,3,0,22.15021311896766,3,0,0,0,0,5.6900553540362,0.47147171049237113,0.7071067811865476,-0.7071067811865475,16.360085247587065
TXN745680172,2004.86,P2P,ICICI,SBI,Delhi,2024-05-28T19:36:39,19,1,0,36.258413555238135,2,0,0,0,0,7.603828175458286,0.23809965303588668,-0.9659258262890684,0.2588190451025203,19.503365422095257
TXN748758718,1694.9,P2P,BOB,BOB,Lucknow,2024-12-29T11:39:26,11,6,0,18.986319371806147,3,1,0,0,0,7.435968852349355,0.2804026460644617,0.258819045102521,-0.9659258262890682,35.094527748722456
TXN640473059,321.29,P2P,HDFC,BOB,Ahmedabad,2024-02-10T16:07:23,16,5,0,31.19863277606102,3,0,0,0,0,5.77545176134656,0.46787139769041663,-0.8660254037844384,-0.5000000000000004,19.97945311042441
TXN360537504,332.92,P2M,Kotak,Axis,Pune,2024-08-10T08:54:35,8,5,0,39.58387205734919,2,0,0,0,0,5.81090144332889,0.46628414833913795,0.8660254037844387,-0.4999999999999998,20.833548822939676
TXN929656075,12635.08,QR,Axis,SBI,Bangalore,2024-02-04T08:07:11,8,6,0,21.770945462673446,1,0,0,0,0,9.444311493019377,1.212700845583997,0.8660254037844387,-0.4999999999999998,11.208378185069378
TXN466091509,430.33,P2P,HDFC,SBI,Jaipur,2024-08-07T12:11:02,12,2,0,41.54611828072545,3,0,0,0,0,6.0668734583876045,0.4529897408319967,1.2246467991473532e-16,-1.0,24.118447312290183
TXN585090068,311.46,QR,BOB,ICICI,Delhi,2024-01-10T14:40:43,14,2,0,33.890494399881746,3,0,0,0,0,5.744476460983757,0.4692129850612738,-0.4999999999999997,-0.8660254037844388,21.0561977599527
TXN578718951,1388.35,Auto-Pay,HDFC,Kotak,Kolkata,2024-03-11T08:24:48,8,0,0,13.70728591014042,3,0,0,0,0,7.236591290854368,0.32224024611901614,0.8660254037844387,-0.4999999999999998,12.982914364056167
TXN999046447,867.52,P2M,SBI,SBI,Ahmedabad,2024-09-13T10:01:09,10,4,0,18.032867000893848,1,0,0,0,0,6.766790613625571,0.39332254015396495,0.49999999999999994,-0.8660254037844387,9.713146800357539
TXN396843854,1578.81,Auto-Pay,Axis,Kotak,Kolkata,2024-11-30T11:18:06,11,5,0,15.913734756870877,1,0,0,0,0,7.365059865625464,0.2962464790128656,0.258819045102521,-0.9659258262890682,8.865493902748351
TXN878440371,1991.97,P2M,SBI,Axis,Chennai,2024-11-28T09:18:13,9,3,0,29.57716643900033,1,0,0,0,0,7.597381267415106,0.2398588657734603,0.7071067811865476,-0.7071067811865475,14.330866575600133
TXN382261718,4140.31,QR,HDFC,Axis,Bangalore,2024-06-25T20:59:58,20,1,0,29.800329555252976,3,0,0,0,0,8.328767441888262,0.05334416701467025,-0.8660254037844386,0.5000000000000001,19.42013182210119
TXN974362470,50.0,P2P,Kotak,Axis,Bangalore,2024-06-29T16:56:56,16,5,0,40.89570332356977,2,0,0,0,0,3.9318256327243257,0.5048967525062706,-0.8660254037844384,-0.5000000000000004,21.358281329427907
TXN227882284,263.68,P2M,Axis,SBI,Chennai,2024-08-23T13:19:30,13,4,0,41.34779306406715,3,0,0,0,0,5.578521549143859,0.4757339458526834,-0.2588190451025208,-0.9659258262890683,24.03911722562686
TXN107327065,78.61,P2P,Kotak,ICICI,Jaipur,2024-06-01T20:46:23,20,5,0,44.698272645690345,3,0,0,0,0,4.377139713100487,0.5009920918063496,-0.8660254037844386,0.5000000000000001,25.37930905827614
TXN246364680,505.71,P2M,PNB,SBI,Pune,2024-08-01T19:13:34,19,3,0,10.78581836834876,3,0,0,0,0,6.227938847830835,0.4427019630074581,-0.9659258262890684,0.2588190451025203,11.814327347339503
TXN471553732,50.0,Auto-Pay,ICICI,HDFC,Lucknow,2024-12-17T09:41:39,9,1,0,37.40866149260246,2,0,0,0,0,3.9318256327243257,0.5048967525062706,0.7071067811865476,-0.7071067811865475,19.963464597040986
TXN828653255,52.26,QR,ICICI,ICICI,Hyderabad,2024-09-11T19:03:03,19,2,0,24.232817055962315,1,0,0,1,0,3.9751855803857863,0.5045883102419637,-0.9659258262890684,0.2588190451025203,22.193126822384926
TXN423779686,2400.17,P2P,PNB,HDFC,Lucknow,2024-01-11T14:57:33,14,3,0,36.7602696159793,3,0,0,0,0,7.783711397546517,0.18414818776899414,-0.4999999999999997,-0.8660254037844388,22.20410784639172
TXN207481454,257.02,P2M,Kotak,Axis,Delhi,2024-12-19T12:23:48,12,3,0,19.223023203754003,3,0,0,0,0,5.55303710129699,0.4766428951802428,1.2246467991473532e-16,-1.0,15.1892092815016
TXN674367032,912.39,P2M,SBI,SBI,Bangalore,2024-11-22T16:46:30,16,4,0,25.026368359788624,1,0,0,0,0,6.81716295258499,0.38719873289757006,-0.8660254037844384,-0.5000000000000004,12.51054734391545
TXN988366438,416.24,Auto-Pay,ICICI,Kotak,Mumbai,2024-07-31T08:39:27,8,2,0,22.039404162138393,3,0,0,0,0,6.033661595807771,0.4549127282231847,0.8660254037844387,-0.4999999999999998,16.31576166485536
TXN559946215,743.34,Auto-Pay,PNB,Axis,Jaipur,2024-11-27T13:11:45,13,2,0,34.59218205799307,3,0,0,0,0,6.612497919692619,0.4102704872254853,-0.2588190451025208,-0.9659258262890683,21.33687282319723
TXN967428250,198.5,Collect,PNB,Axis,Bangalore,2024-11-02T08:57:58,8,5,0,30.550939280633052,3,0,0,0,0,5.295814236329918,0.4846296391215004,0.8660254037844387,-0.4999999999999998,19.720375712253222
TXN191721177,1688.33,P2P,SBI,HDFC,Delhi,2024-05-11T11:00:44,11,5,0,28.449016045375725,3,0,0,0,0,7.432087279606017,0.28129931229300004,0.258819045102521,-0.9659258262890682,18.87960641815029
TXN965335208,45000.0,P2P,HDFC,HDFC,Mumbai,2024-11-12T23:53:57,23,1,1,86.59258262563979,11,1,1,1,1,10.714439990727769,5.629828814129581,-0.25881904510252157,0.9659258262890681,107.13703305025592
TXN961758473,556.66,Collect,SBI,PNB,Chennai,2024-09-02T10:42:42,10,0,0,11.98946827385539,2,0,0,0,0,6.323749457674634,0.43574836417275076,0.49999999999999994,-0.8660254037844387,9.795787309542156
TXN208056156,563.33,P2M,HDFC,SBI,Hyderabad,2024-12-06T13:39:08,13,4,0,25.07435778958434,1,0,0,0,0,6.335639186773039,0.43483805005641124,-0.2588190451025208,-0.9659258262890683,12.529743115833737
TXN496685448,102.73,P2P,Axis,BOB,Ahmedabad,2024-10-30T15:32:11,15,2,0,21.94988443615044,1,0,0,0,0,4.6417913694437365,0.49770022126870206,-0.7071067811865471,-0.7071067811865479,11.279953774460177
TXN493116915,330.59,P2P,PNB,ICICI,Mumbai,2024-05-31T13:21:04,13,4,0,31.816639281674675,2,0,0,0,0,5.803899265990974,0.46660214412490575,-0.2588190451025208,-0.9659258262890683,17.72665571266987
TXN896215165,555.84,Auto-Pay,Axis,BOB,Jaipur,2024-08-14T11:28:36,11,2,0,21.681069210557812,2,0,0,0,0,6.322277945520367,0.4358602768527205,0.258819045102521,-0.9659258262890682,13.672427684223125
TXN258945066,243.51,Auto-Pay,ICICI,SBI,Hyderabad,2024-04-14T15:07:34,15,6,0,33.58432864084419,3,0,0,0,0,5.499256207874054,0.47848672482218385,-0.7071067811865471,-0.7071067811865479,20.933731456337675
TXN477877868,4022.59,QR,SBI,Kotak,Delhi,2024-11-30T19:08:14,19,5,0,36.270945986044424,2,0,0,1,0,8.29992981792058,0.03727787349510687,-0.9659258262890684,0.2588190451025203,29.508378394417768
TXN804032176,4271.63,P2P,Axis,Kotak,Lucknow,2024-01-29T20:05:14,20,0,0,42.616945640910956,1,0,0,0,0,8.35998484167723,0.07126657327519569,-0.8660254037844386,0.5000000000000001,19.546778256364384
TXN204033535,1281.51,P2M,Kotak,Axis,Pune,2024-05-30T08:11:10,8,3,0,23.199097246008808,2,0,0,0,0,7.156574374285481,0.3368216494458098,0.8660254037844387,-0.4999999999999998,14.279638898403524
TXN104718483,25000.0,P2P,PNB,SBI,Pune,2024-09-06T03:22:51,3,4,1,86.40088491220484,15,0,1,1,1,10.12667110305036,2.90025125389116,0.7071067811865476,0.7071067811865476,97.06035396488194
TXN769532855,50.0,QR,SBI,Axis,Hyderabad,2024-01-12T14:12:29,14,4,0,14.10840182227163,3,0,0,0,0,3.9318256327243257,0.5048967525062706,-0.4999999999999997,-0.8660254037844388,13.143360728908652
TXN124599918,9272.86,Auto-Pay,ICICI,ICICI,Chennai,2024-08-05T12:50:11,12,0,0,10.069832980226959,2,0,0,0,0,9.134954968870241,0.7538288323547558,1.2246467991473532e-16,-1.0,9.027933192090785
TXN128364628,8374.01,QR,HDFC,BOB,Jaipur,2024-05-25T09:45:47,9,5,0,32.01012048705758,2,0,0,0,0,9.033007550722406,0.6311547928537405,0.7071067811865476,-0.7071067811865475,17.804048194823032
TXN267883146,30000.0,QR,PNB,PNB,Kolkata,2024-11-07T03:02:29,3,3,1,83.28637205027576,12,0,1,1,1,10.308985993422082,3.5826456439507655,0.7071067811865476,0.7071067811865476,88.3145488201103
TXN226032123,244.44,Auto-Pay,ICICI,Axis,Hyderabad,2024-02-26T18:37:08,18,0,0,26.67582706360699,1,0,0,0,0,5.503052518178891,0.47835979946563273,-1.0,-1.8369701987210297e-16,13.170330825442797
TXN401844497,50000.0,P2P,BOB,Axis,Lucknow,2024-09-21T05:07:51,5,5,1,95.10033403002605,16,1,1,1,1,10.819798284210286,6.312223204189186,0.9659258262890683,0.25881904510252074,123.04013361201042
TXN837249529,5874.41,P2M,Axis,PNB,Delhi,2024-11-23T09:53:38,9,5,0,34.24158248575279,3,0,0,0,0,8.678531123811387,0.2900121893751425,0.7071067811865476,-0.7071067811865475,21.196632994301115
TXN240494241,449.14,QR,BOB,Axis,Kolkata,2024-10-05T11:27:13,11,5,0,12.65112407949784,2,0,0,0,0,6.10955864549045,0.4504225731365925,0.258819045102521,-0.9659258262890682,10.060449631799138
TXN773785785,532.26,P2M,ICICI,BOB,Ahmedabad,2024-03-11T12:17:01,12,0,0,28.758490169538465,3,0,0,0,0,6.279009110105771,0.43907844879624164,1.2246467991473532e-16,-1.0,19.003396067815387
TXN886162601,465.53,P2M,Kotak,SBI,Chennai,2024-07-05T20:30:02,20,4,0,27.5078673327441,2,0,0,0,0,6.145322326901356,0.4481856843259771,-0.8660254037844386,0.5000000000000001,16.00314693309764
TXN990401135,825.68,Collect,SBI,Axis,Kolkata,2024-11-26T18:35:19,18,1,0,11.779143247467204,2,0,0,0,0,6.717417679393105,0.3990328164099838,-1.0,-1.8369701987210297e-16,9.711657298986882
TXN502767091,1625.95,P2M,HDFC,BOB,Mumbai,2024-09-20T16:27:59,16,4,0,33.94259004743512,2,0,0,0,0,7.39446237533932,0.28981286470338363,-0.8660254037844384,-0.5000000000000004,18.57703601897405
TXN662110864,1744.6,QR,PNB,SBI,Hyderabad,2024-12-14T15:25:27,15,5,0,20.310727672380406,1,1,0,0,0,7.464853615078806,0.2736196458272692,-0.7071067811865471,-0.7071067811865479,30.62429106895216
TXN674898086,8144.5,P2M,HDFC,SBI,Chennai,2024-02-06T20:56:37,20,1,0,10.820104211116027,1,0,0,0,0,9.005220906506224,0.5998315255612244,-0.8660254037844386,0.5000000000000001,6.8280416844464105
TXN336001492,1476.98,P2P,HDFC,PNB,Lucknow,2024-12-01T16:49:15,16,6,0,41.969007432494365,3,0,0,0,0,7.298431569616862,0.3101441231608195,-0.8660254037844384,-0.5000000000000004,24.287602972997746
TXN571363255,496.07,P2P,PNB,Axis,Lucknow,2024-12-19T13:25:17,13,3,0,18.461757761788856,1,0,0,0,0,6.2087308612493155,0.44401761939149303,-0.2588190451025208,-0.9659258262890683,9.884703104715543
TXN337812661,50.0,QR,HDFC,PNB,Jaipur,2024-11-13T19:15:09,19,2,0,28.05300370971058,3,0,0,0,0,3.9318256327243257,0.5048967525062706,-0.9659258262890684,0.2588190451025203,18.721201483884233
TXN435933804,299.58,P2P,Axis,ICICI,Lucknow,2024-12-20T14:50:11,14,4,0,43.00115214674924,1,0,0,0,0,5.705713941505948,0.47083435413205543,-0.4999999999999997,-0.8660254037844388,19.700460858699696
TXN657648868,67.4,P2M,ICICI,HDFC,Hyderabad,2024-10-08T17:23:11,17,1,0,31.822685893656804,1,0,0,0,0,4.225372824628505,0.5025220200288633,-0.9659258262890683,-0.25881904510252063,15.229074357462721
TXN870200847,1303.42,P2P,PNB,Axis,Kolkata,2024-10-23T14:50:16,14,2,0,30.166012528920188,1,0,0,0,0,7.173513776517644,0.3338313972285686,-0.4999999999999997,-0.8660254037844388,14.566405011568076
TXN639539501,487.79,P2P,Kotak,HDFC,Bangalore,2024-05-24T14:40:27,14,4,0,40.10702581078573,3,0,0,0,0,6.191932949382974,0.44514766450143173,-0.4999999999999997,-0.8660254037844388,23.542810324314292
TXN819928722,225.42,Auto-Pay,PNB,Kotak,Lucknow,2024-01-08T14:12:22,14,0,0,19.163602639351236,3,0,0,0,0,5.422391681649963,0.4809556277254195,-0.4999999999999997,-0.8660254037844388,15.165441055740494
TXN894693603,7285.46,P2P,BOB,PNB,Chennai,2024-05-26T20:58:14,20,6,0,35.80841646165861,3,0,0,0,0,8.893773110354621,0.48259071019386374,-0.8660254037844386,0.5000000000000001,21.823366584663447
TXN854139430,248.63,QR,SBI,BOB,Mumbai,2024-12-27T15:55:48,15,4,0,40.31124862660148,3,1,0,0,0,5.519979821580448,0.4777879529667628,-0.7071067811865471,-0.7071067811865479,43.6244994506406
TXN692254448,20300.49,P2P,HDFC,Axis,Pune,2024-03-14T12:30:23,12,3,0,43.42777278749874,3,0,0,0,0,9.918449561351082,2.258867401885357,1.2246467991473532e-16,-1.0,24.871109114999495
TXN712342137,6745.96,P2M,HDFC,Kotak,Mumbai,2024-07-20T10:59:13,10,5,0,39.01338770073204,2,0,0,0,0,8.81684731204901,0.40896035550643234,0.49999999999999994,-0.8660254037844387,20.605355080292817
TXN744129554,50.0,QR,BOB,Kotak,Pune,2024-01-23T16:04:05,16,1,0,20.18216218950147,2,0,0,0,0,3.9318256327243257,0.5048967525062706,-0.8660254037844384,-0.5000000000000004,13.072864875800589
TXN697667659,2275.91,P2P,BOB,PNB,Bangalore,2024-05-03T08:48:39,8,4,0,15.981372187425212,3,0,0,0,0,7.730574539590879,0.20110705315075547,0.8660254037844387,-0.4999999999999998,13.892548874970085
TXN219452230,7204.05,QR,BOB,ICICI,Pune,2024-01-01T16:44:23,16,0,0,10.442491049000648,3,0,0,0,0,8.882537448034803,0.47147996473491327,-0.8660254037844384,-0.5000000000000004,11.67699641960026
TXN326587910,52.11,Collect,HDFC,HDFC,Lucknow,2024-09-05T20:24:20,20,3,0,34.67721494718827,1,0,0,0,0,3.972365234434308,0.5046087820736656,-0.8660254037844386,0.5000000000000001,16.370885978875307
TXN885647970,459.34,P2M,Axis,BOB,Hyderabad,2024-09-26T20:23:46,20,3,0,44.05365722332146,1,0,0,0,0,6.131965346895548,0.44903048858087086,-0.8660254037844386,0.5000000000000001,20.121462889328583
TXN450059068,15000.0,Collect,Kotak,PNB,Delhi,2024-01-03T22:53:57,22,2,1,92.86866368490521,10,1,1,1,1,9.61587214452889,1.5354624737719493,-0.5000000000000004,0.8660254037844384,107.14746547396209
TXN347551650,7757.39,P2M,BOB,HDFC,Chennai,2024-05-05T14:32:37,14,6,0,41.71626143526419,2,1,0,0,0,8.956530117424705,0.5469991870940297,-0.4999999999999997,-0.8660254037844388,41.686504574105676
TXN529988679,208.06,QR,SBI,Axis,Chennai,2024-05-01T13:58:45,13,2,0,41.51582740992288,3,0,0,0,0,5.342621292104561,0.4833249010477064,-0.2588190451025208,-0.9659258262890683,24.106330963969153
TXN693050742,564.64,P2P,PNB,PNB,Mumbai,2024-10-16T12:28:08,12,2,0,41.18677159256872,1,0,0,0,0,6.337957833439575,0.43465926272621563,1.2246467991473532e-16,-1.0,18.974708637027486
TXN388127147,5754.16,P2M,ICICI,BOB,Jaipur,2024-02-03T19:03:22,19,5,0,17.57584707195154,3,0,0,0,0,8.657852122680898,0.273600604294209,-0.9659258262890684,0.2588190451025203,14.530338828780616
TXN391610891,25000.0,P2P,ICICI,Axis,Mumbai,2024-07-26T00:02:42,0,4,1,90.75587168819231,12,0,1,1,1,10.12667110305036,2.90025125389116,0.0,1.0,91.30234867527693
TXN477605485,996.15,Auto-Pay,Axis,ICICI,Jaipur,2024-06-30T20:07:18,20,6,0,30.514508459614238,1,0,0,0,0,6.90490120999923,0.37576726207529154,-0.8660254037844386,0.5000000000000001,14.705803383845696
TXN443141386,16825.02,P2M,ICICI,SBI,Ahmedabad,2024-03-01T09:49:57,9,4,0,35.70820552466016,1,0,0,0,0,9.730681776746687,1.7845391557212655,0.7071067811865476,-0.7071067811865475,16.783282209864062
TXN447217520,177.63,P2P,PNB,Kotak,Lucknow,2024-03-23T12:44:26,12,5,0,29.83220037476442,1,1,0,0,0,5.185316627460793,0.48747795330560917,1.2246467991473532e-16,-1.0,34.43288014990577
TXN980616551,207.07,QR,SBI,ICICI,Pune,2024-10-08T12:45:18,12,1,0,32.60266252282755,1,0,0,0,0,5.33787456154649,0.4834600151369382,1.2246467991473532e-16,-1.0,15.541065009131021
TXN821282830,737.96,P2P,Axis,Kotak,Lucknow,2024-02-28T16:47:53,16,2,0,27.284257922817318,2,0,0,0,0,6.605243792284354,0.4110047435891894,-0.8660254037844384,-0.5000000000000004,15.913703169126928
TXN368932987,1017.71,Collect,Axis,SBI,Bangalore,2024-11-20T16:26:01,16,2,0,36.980560567621694,3,0,0,0,0,6.926292399980548,0.37282477746535453,-0.8660254037844384,-0.5000000000000004,22.292224227048678
TXN389487608,152.2,P2P,BOB,Kotak,Delhi,2024-01-09T19:35:36,19,1,0,43.76070634186606,3,0,0,0,0,5.0317442573064906,0.49094861117345234,-0.9659258262890684,0.2588190451025203,25.004282536746427
TXN999845810,30000.0,P2P,HDFC,HDFC,Kolkata,2024-01-13T01:40:57,1,5,1,77.60897669650642,14,0,1,0,1,10.308985993422082,3.5826456439507655,0.25881904510252074,0.9659258262890683,81.04359067860257
TXN231368948,542.74,P2P,BOB,BOB,Chennai,2024-07-11T15:17:03,15,3,0,10.008430939550866,2,0,0,0,0,6.298471191429183,0.4376481501546767,-0.7071067811865471,-0.7071067811865479,9.003372375820348
TXN971762827,527.6,P2M,HDFC,ICICI,Delhi,2024-09-14T16:42:50,16,5,0,21.041249732450368,3,0,0,0,0,6.2702320021701885,0.4397144403677772,-0.8660254037844384,-0.5000000000000004,15.916499892980147
TXN110998312,460.71,P2P,BOB,BOB,Mumbai,2024-01-17T08:32:37,8,2,0,28.660637190541813,2,0,0,0,0,6.134936988364375,0.4488435125179946,0.8660254037844387,-0.4999999999999998,16.464254876216728
TXN989880130,40000.0,QR,PNB,BOB,Pune,2024-02-10T02:52:35,2,5,1,79.60766301485735,13,1,1,1,1,10.596659732783579,4.947434424069976,0.49999999999999994,0.8660254037844387,109.34306520594293
TXN972993743,877.33,P2M,BOB,PNB,Bangalore,2024-08-13T15:48:42,15,1,0,26.45754106718705,2,0,0,0,0,6.7780223772337385,0.39198368236066805,-0.7071067811865471,-0.7071067811865479,15.58301642687482
TXN661642462,549.08,P2M,BOB,SBI,Ahmedabad,2024-05-23T08:03:46,8,3,0,40.87699225161144,2,0,0,0,0,6.310063722194484,0.43678287406808114,0.8660254037844387,-0.4999999999999998,21.35079690064458
TXN831066275,1940.65,P2M,Axis,BOB,Chennai,2024-10-13T20:21:36,20,6,0,40.28797805253703,3,0,0,0,0,7.571293406037965,0.2468629617930321,-0.8660254037844386,0.5000000000000001,23.61519122101481
TXN920379301,6187.63,Auto-Pay,Axis,PNB,Kolkata,2024-09-30T17:22:00,17,0,0,28.460335949982667,1,1,0,0,0,8.730469016465426,0.33276010354603647,-0.9659258262890683,-0.25881904510252063,33.88413437999307
TXN870950523,8833.98,P2M,ICICI,SBI,Jaipur,2024-03-27T11:17:26,11,2,0,21.811555584550273,2,0,0,1,0,9.08647412102741,0.6939309823728838,0.258819045102521,-0.9659258262890682,23.72462223382011
TXN364213617,23417.2,P2M,PNB,Kotak,Bangalore,2024-06-24T17:17:05,17,0,0,38.86383380738022,2,0,0,0,0,10.061268776811179,2.6842324857738915,-0.9659258262890683,-0.25881904510252063,20.545533522952088
TXN818198445,2939.87,Collect,Axis,PNB,Bangalore,2024-01-11T17:01:25,17,3,0,15.613444684528497,3,0,0,0,0,7.9864607349248695,0.11049053730596035,-0.9659258262890683,-0.25881904510252063,13.7453778738114
TXN389537369,290.07,Auto-Pay,Axis,PNB,Delhi,2024-10-15T15:21:51,15,1,0,40.280984503175745,1,0,0,0,0,5.6735637880722,0.47213226826194876,-0.7071067811865471,-0.7071067811865479,18.612393801270297
TXN435663154,50.0,P2M,BOB,PNB,Kolkata,2024-05-21T19:50:22,19,1,0,30.679164119915377,2,0,0,1,0,3.9318256327243257,0.5048967525062706,-0.9659258262890684,0.2588190451025203,27.271665647966152
TXN660776987,8758.0,QR,Axis,Kotak,Hyderabad,2024-05-02T12:39:16,12,3,0,11.871746101816502,3,0,0,0,0,9.07783702216309,0.683561317221538,1.2246467991473532e-16,-1.0,12.248698440726601
TXN143252609,128.02,Auto-Pay,BOB,PNB,Pune,2024-07-01T18:28:00,18,0,0,41.696524665224366,3,0,0,0,0,4.859967431104096,0.49424867044378057,-1.0,-1.8369701987210297e-16,24.178609866089747
TXN401058636,8975.11,QR,PNB,SBI,Bangalore,2024-10-10T10:42:37,10,3,0,34.28174756723706,1,0,0,0,0,9.102321882589347,0.7131922464267063,0.49999999999999994,-0.8660254037844387,16.212699026894825
TXN722820363,3660.93,Auto-Pay,BOB,SBI,Bangalore,2024-12-04T17:36:13,17,2,0,20.86271815594278,3,0,0,0,0,8.205745609814182,0.01208107752668455,-0.9659258262890683,-0.25881904510252063,15.845087262377112
TXN656885515,325.11,QR,Kotak,Axis,Hyderabad,2024-04-05T16:22:20,16,4,0,29.705619345188193,1,0,0,0,0,5.787234747765147,0.46735004837641103,-0.8660254037844384,-0.5000000000000004,14.382247738075279
TXN415782215,4069.37,P2P,PNB,ICICI,Delhi,2024-11-01T10:52:09,10,4,0,29.727495572949064,3,1,0,0,0,8.311489183395569,0.0436623554085045,0.49999999999999994,-0.8660254037844387,39.39099822917963
TXN729673303,78.73,P2P,Kotak,Axis,Mumbai,2024-03-24T13:52:33,13,6,0,35.695235905645276,1,0,0,0,0,4.378645926514404,0.5009757143409882,-0.2588190451025208,-0.9659258262890683,16.77809436225811
TXN833101273,3307.86,QR,ICICI,BOB,Lucknow,2024-07-01T16:34:25,16,0,0,10.104304577381583,2,0,0,0,0,8.104358998171929,0.06026767498635348,-0.8660254037844384,-0.5000000000000004,9.041721830952634
TXN317903785,3500.03,QR,HDFC,Kotak,Delhi,2024-10-09T10:58:18,10,2,0,25.288499050183972,2,0,0,0,0,8.160812489898243,0.0340405289988026,0.49999999999999994,-0.8660254037844387,15.115399620073589
TXN457989477,241.28,P2P,PNB,SBI,Delhi,2024-02-05T12:19:02,12,0,0,41.128816158079566,2,0,0,0,0,5.490094082112747,0.47879107272015037,1.2246467991473532e-16,-1.0,21.451526463231826
TXN341161945,35000.0,P2P,HDFC,ICICI,Bangalore,2024-10-17T04:25:59,4,3,1,69.34272704345092,15,1,1,1,1,10.463131911491967,4.2650400340103705,0.8660254037844386,0.5000000000000001,110.23709081738036
TXN963646990,912.81,Collect,BOB,PNB,Hyderabad,2024-07-13T09:53:35,9,5,0,44.9394141671424,1,0,0,0,0,6.817622672382929,0.38714141176880507,0.7071067811865476,-0.7071067811865475,20.47576566685696
TXN672644180,79.96,P2M,SBI,Kotak,Pune,2024-10-28T14:05:57,14,0,0,22.313375194611737,1,0,0,1,0,4.3939552055391555,0.5008078453210335,-0.4999999999999997,-0.8660254037844388,21.425350077844698
TXN759987511,17556.33,P2M,SBI,BOB,Hyderabad,2024-09-06T08:51:40,8,4,0,44.77910034793808,1,0,0,0,0,9.773226805514422,1.884347524000164,0.8660254037844387,-0.4999999999999998,20.411640139175233
TXN351085048,15940.37,P2P,BOB,BOB,Ahmedabad,2024-02-08T18:42:13,18,3,0,21.543553309972637,3,0,0,0,0,9.676672895953333,1.6638031162880198,-1.0,-1.8369701987210297e-16,16.117421323989056
TXN332533151,1066.91,P2P,PNB,BOB,Delhi,2024-05-29T08:18:26,8,2,0,79.07915668754755,6,1,0,0,1,6.973458746306331,0.36611001666716797,0.8660254037844387,-0.4999999999999998,66.63166267501902
TXN277244904,478.61,P2M,ICICI,PNB,Hyderabad,2024-04-20T19:39:36,19,5,0,30.52505998802435,3,0,0,0,0,6.17297327364491,0.4464005406015812,-0.9659258262890684,0.2588190451025203,19.71002399520974
TXN891742052,1325.17,P2P,HDFC,Axis,Lucknow,2024-08-06T20:35:11,20,1,0,44.327219521610566,3,0,0,0,0,7.190050367656438,0.33086298163180927,-0.8660254037844386,0.5000000000000001,25.230887808644226
TXN634799903,903.25,P2P,ICICI,HDFC,Hyderabad,2024-09-07T13:38:11,13,5,0,42.68525006789549,3,0,0,0,0,6.807105870832207,0.388446149842599,-0.2588190451025208,-0.9659258262890683,24.574100027158195
TXN985999720,141.87,P2P,ICICI,SBI,Bangalore,2024-12-25T12:23:31,12,2,0,40.46159104940216,3,0,0,0,0,4.9619351258770665,0.4923584379833155,1.2246467991473532e-16,-1.0,23.684636419760864
TXN755163404,2723.69,P2P,ICICI,Axis,Delhi,2024-05-10T16:57:40,16,4,0,29.27416906431781,1,0,0,0,0,7.9101099391581275,0.13999454115457743,-0.8660254037844384,-0.5000000000000004,14.209667625727125
TXN972232082,814.97,Collect,Kotak,HDFC,Jaipur,2024-05-25T13:51:52,13,5,0,20.298067269308145,3,0,0,1,0,6.7043775895823865,0.40049450519349145,-0.2588190451025208,-0.9659258262890683,25.61922690772326
TXN185866195,1375.59,P2M,PNB,Kotak,Delhi,2024-08-28T18:01:44,18,2,0,14.926966021992467,3,0,0,0,0,7.22736470566358,0.3239817166024483,-1.0,-1.8369701987210297e-16,13.470786408796986
TXN292979268,84.92,P2P,ICICI,Kotak,Chennai,2024-06-15T19:32:57,19,5,0,43.12779324021795,1,0,0,0,0,4.453416630760555,0.5001309100860943,-0.9659258262890684,0.2588190451025203,19.75111729608718
TXN139196220,51.92,P2P,HDFC,ICICI,Delhi,2024-10-17T08:16:04,8,3,0,44.40109157238639,2,0,0,0,0,3.968781339246755,0.5046347130604878,0.8660254037844387,-0.4999999999999998,22.760436628954558
TXN837597677,50.0,Auto-Pay,SBI,Kotak,Chennai,2024-01-20T19:39:00,19,5,0,40.127869148627056,3,0,0,0,0,3.9318256327243257,0.5048967525062706,-0.9659258262890684,0.2588190451025203,23.551147659450823
TXN975154426,56.91,P2P,Kotak,Axis,Bangalore,2024-02-26T08:47:02,8,0,0,27.483472471252753,2,0,0,0,0,4.058890081237698,0.5039536834592083,0.8660254037844387,-0.4999999999999998,15.993388988501103
TXN106485580,263.36,P2P,BOB,SBI,Ahmedabad,2024-02-11T12:39:08,12,6,0,20.124804680421857,1,0,0,0,0,5.577311810602252,0.4757776190936472,1.2246467991473532e-16,-1.0,10.549921872168744
TXN270851782,558.52,P2P,Kotak,Axis,Pune,2024-09-04T18:24:26,18,2,0,37.4683967202503,3,0,0,0,0,6.327079273315066,0.43549451345964857,-1.0,-1.8369701987210297e-16,22.48735868810012
TXN365804367,544.22,P2M,HDFC,BOB,Ahmedabad,2024-01-14T13:13:33,13,6,0,41.67406514042165,1,0,0,0,0,6.301189382935311,0.4374461614152191,-0.2588190451025208,-0.9659258262890683,19.169626056168664
TXN613788847,50.0,P2P,HDFC,Kotak,Jaipur,2024-06-13T20:28:59,20,3,0,14.609304206045213,3,0,0,0,0,3.9318256327243257,0.5048967525062706,-0.8660254037844386,0.5000000000000001,13.343721682418085
TXN908203964,188.35,P2M,BOB,BOB,Mumbai,2024-04-15T14:21:45,14,0,0,25.109604252974666,3,0,0,1,0,5.243597154347804,0.4860148997333214,-0.4999999999999997,-0.8660254037844388,27.54384170118987
TXN279072916,3430.31,P2M,PNB,PNB,Bangalore,2024-06-03T17:53:18,17,0,0,21.43220355292081,2,0,0,0,0,8.140697391443755,0.04355583637379377,-0.9659258262890683,-0.25881904510252063,13.572881421168324
TXN934366797,146.74,P2M,BOB,HDFC,Mumbai,2024-05-28T20:46:41,20,1,0,38.68033286276439,1,0,0,0,0,4.9954539721005915,0.4916937858473974,-0.8660254037844386,0.5000000000000001,17.972133145105758
TXN977296833,6851.25,P2M,Axis,HDFC,Mumbai,2024-06-03T17:20:01,17,0,0,41.201927129892525,3,0,0,0,0,8.83233234447603,0.4233302165723075,-0.9659258262890683,-0.25881904510252063,23.98077085195701
TXN969385867,6371.23,P2P,HDFC,BOB,Jaipur,2024-07-23T19:21:39,19,1,0,25.839763353193213,2,0,0,0,0,8.759704765795966,0.3578176255490251,-0.9659258262890684,0.2588190451025203,15.335905341277286
TXN299774862,1589.21,P2P,Axis,HDFC,Jaipur,2024-04-06T08:25:27,8,5,0,37.815526925769746,1,0,0,0,0,7.371621361964778,0.29482709868154167,0.8660254037844387,-0.4999999999999998,17.6262107703079
TXN170300591,559.62,P2P,BOB,HDFC,Delhi,2024-10-11T13:07:30,13,4,0,27.006417753721394,2,0,0,0,0,6.329043314155675,0.43534438669383546,-0.2588190451025208,-0.9659258262890683,15.802567101488558
TXN238021913,25000.0,Collect,PNB,SBI,Delhi,2024-11-18T22:49:48,22,0,1,77.17523194236381,14,1,1,0,1,10.12667110305036,2.90025125389116,-0.5000000000000004,0.8660254037844384,100.87009277694553
TXN178197502,648.38,P2P,Axis,Axis,Jaipur,2024-08-16T13:18:17,13,4,0,39.113844143509425,3,0,0,0,0,6.47601806153511,0.4232305214814973,-0.2588190451025208,-0.9659258262890683,23.14553765740377
TXN604376828,871.9,Auto-Pay,SBI,ICICI,Bangalore,2024-10-28T12:47:40,12,0,0,24.187381571254658,3,0,0,0,0,6.771821001741304,0.3927247626682727,1.2246467991473532e-16,-1.0,17.174952628501863
TXN361187018,1059.52,P2P,BOB,BOB,Delhi,2024-08-05T18:26:35,18,0,0,20.346079712647743,1,0,0,0,0,6.9665146328556675,0.3671185955756761,-1.0,-1.8369701987210297e-16,10.638431885059097
TXN777331886,84.73,QR,HDFC,ICICI,Lucknow,2024-09-27T09:00:10,9,4,0,43.35186097472284,2,0,0,1,0,4.451202822690664,0.5001568410729167,0.7071067811865476,-0.7071067811865475,32.34074438988914
TXN563815901,93.06,Auto-Pay,ICICI,HDFC,Hyderabad,2024-03-12T08:37:25,8,1,0,38.61178154667435,2,0,0,0,0,4.543932876516902,0.4990199720190774,0.8660254037844387,-0.4999999999999998,20.44471261866974
TXN155443369,4858.56,P2M,BOB,Kotak,Pune,2024-07-13T11:07:37,11,5,0,19.595596270848958,1,0,0,0,0,8.488703177816577,0.15137012114673257,0.258819045102521,-0.9659258262890682,10.338238508339582
TXN467466223,6777.41,QR,PNB,ICICI,Hyderabad,2024-07-21T09:52:01,9,6,0,39.3639825996413,2,0,0,0,0,8.821497840157567,0.4132526162199072,0.7071067811865476,-0.7071067811865475,20.74559303985652
TXN913744022,8101.23,QR,PNB,HDFC,Mumbai,2024-12-04T16:57:15,16,2,0,37.18851707969727,3,0,0,0,0,8.999894611412035,0.5939260845096486,-0.8660254037844384,-0.5000000000000004,22.37540683187891
TXN313002481,486.93,Collect,SBI,PNB,Pune,2024-10-19T09:33:10,9,5,0,41.73286539331996,3,0,0,0,0,6.190171952941319,0.44526503633652204,0.7071067811865476,-0.7071067811865475,24.193146157327984
TXN990197094,14073.14,P2P,Kotak,Axis,Bangalore,2024-09-27T13:42:59,13,4,0,32.31004655243723,1,0,0,0,0,9.552094349897795,1.40896566089782,-0.2588190451025208,-0.9659258262890683,15.424018620974891
TXN459856490,180.8,P2P,Axis,Kotak,Pune,2024-01-01T12:14:54,12,0,0,23.71894383093848,2,0,0,0,0,5.202907181743378,0.4870453152623114,1.2246467991473532e-16,-1.0,14.487577532375392
TXN644807066,10452.42,P2P,ICICI,Axis,Bangalore,2024-03-06T18:21:02,18,2,0,36.33547022568186,3,0,0,0,0,9.254684476578193,0.9148138577024973,-1.0,-1.8369701987210297e-16,22.034188090272742
TXN119193723,58.87,Collect,HDFC,HDFC,Chennai,2024-05-08T09:09:26,9,2,0,30.436431847987937,1,0,0,0,0,4.092175544937261,0.503686184858305,0.7071067811865476,-0.7071067811865475,14.674572739195176
TXN523912448,2308.1,P2P,Axis,Axis,Hyderabad,2024-04-02T18:04:58,18,1,0,25.88764738062466,2,0,0,0,0,7.744613117208381,0.1967137980675517,-1.0,-1.8369701987210297e-16,15.355058952249864
TXN476511918,205.43,P2M,PNB,ICICI,Pune,2024-11-30T20:33:40,20,5,0,22.526948731458234,2,0,0,1,0,5.329961371882498,0.4836838404968778,-0.8660254037844386,0.5000000000000001,24.010779492583296
TXN937050772,50.0,P2M,Kotak,ICICI,Kolkata,2024-03-29T18:25:51,18,4,0,17.331152408123636,1,1,0,0,0,3.9318256327243257,0.5048967525062706,-1.0,-1.8369701987210297e-16,29.432460963249454
TXN424925466,120.62,P2P,ICICI,SBI,Bangalore,2024-12-29T10:08:59,10,6,0,38.57420746260973,2,0,0,0,0,4.800901429691963,0.4952586141410688,0.49999999999999994,-0.8660254037844387,20.42968298504389
TXN337660571,308.53,QR,ICICI,Axis,Mumbai,2024-03-04T12:55:43,12,0,0,11.04832375772825,2,0,0,1,0,5.735055017960308,0.4696128681738487,1.2246467991473532e-16,-1.0,19.4193295030913
TXN989370523,19589.38,P2M,HDFC,Kotak,Delhi,2024-08-26T12:36:46,12,0,0,41.92561923603317,3,0,0,0,0,9.882793908402318,2.1618159069422997,1.2246467991473532e-16,-1.0,24.270247694413268
TXN666244610,2229.1,P2P,BOB,Axis,Lucknow,2024-05-11T17:00:12,17,5,0,18.360095787162884,3,1,0,0,0,7.709801706498072,0.2074956294304935,-0.9659258262890683,-0.25881904510252063,34.84403831486515
TXN826511569,1067.3,P2M,SBI,ICICI,Delhi,2024-08-07T15:23:02,15,2,0,20.044537981504014,1,0,0,0,0,6.973823878951841,0.3660567899047434,-0.7071067811865471,-0.7071067811865479,10.517815192601606
TXN765628107,5306.87,P2P,HDFC,HDFC,Jaipur,2024-10-08T12:31:17,12,1,0,28.359927793045863,3,0,0,0,0,8.576945903818345,0.21255496694825682,1.2246467991473532e-16,-1.0,18.843971117218345
TXN229262385,6533.33,QR,BOB,PNB,Chennai,2024-05-23T11:59:34,11,3,0,40.944260020484606,2,0,0,0,0,8.784825095936183,0.37994085167475755,0.258819045102521,-0.9659258262890682,21.37770400819384
TXN531739176,1950.79,P2P,PNB,ICICI,Kolkata,2024-10-20T08:45:41,8,6,0,39.021852269792035,3,0,0,0,0,7.57650217921847,0.24547906596999122,0.8660254037844387,-0.4999999999999998,23.108740907916815
TXN318960444,3941.15,QR,HDFC,Kotak,Chennai,2024-12-25T14:02:39,14,2,0,26.23935943584106,3,0,0,0,0,8.279481538739097,0.026163033669816007,-0.4999999999999997,-0.8660254037844388,17.995743774336425
TXN989368196,338.29,Auto-Pay,PNB,PNB,Ahmedabad,2024-04-19T08:44:26,8,4,0,41.09077116031969,1,0,0,0,0,5.826855198912598,0.46555125676421394,0.8660254037844387,-0.4999999999999998,18.936308464127876
TXN938347375,59.44,P2M,PNB,SBI,Ahmedabad,2024-06-27T13:03:24,13,3,0,41.68497299126736,1,0,0,0,0,4.101651137404539,0.5036083918978381,-0.2588190451025208,-0.9659258262890683,19.173989196506945
TXN165015834,3224.59,P2P,PNB,Axis,Mumbai,2024-12-07T14:33:23,14,5,0,43.17863208629881,2,0,0,0,0,8.078871158233776,0.07163227115840615,-0.4999999999999997,-0.8660254037844388,22.271452834519526
TXN953614833,7125.06,P2P,Kotak,PNB,Pune,2024-04-26T14:18:56,14,4,0,17.066891026769298,2,0,0,0,0,8.87151376600123,0.4606994981607517,-0.4999999999999997,-0.8660254037844388,11.82675641070772
TXN884437385,692.18,P2M,Axis,SBI,Ahmedabad,2024-01-05T17:34:54,17,4,0,20.277133711595596,3,0,0,0,0,6.541289705722982,0.41725274662457523,-0.9659258262890683,-0.25881904510252063,15.61085348463824
TXN682393675,60.66,P2M,ICICI,HDFC,Bangalore,2024-03-12T10:18:58,10,1,0,10.375864362929388,1,0,0,0,0,4.121635422458004,0.5034418876666636,0.49999999999999994,-0.8660254037844387,6.650345745171755
TXN794107859,6333.93,QR,PNB,SBI,Mumbai,2024-03-06T09:26:59,9,2,0,42.834141570884576,1,0,0,0,0,8.753834042970434,0.3527269633991805,0.7071067811865476,-0.7071067811865475,19.63365662835383
TXN603896565,7025.27,P2P,Kotak,Axis,Bangalore,2024-06-27T16:19:07,16,3,0,37.34196840374829,1,0,0,0,0,8.857411260780834,0.4470802709239421,-0.8660254037844384,-0.5000000000000004,17.436787361499317
TXN170616573,50.0,P2M,Axis,Axis,Delhi,2024-12-05T13:01:53,13,3,0,32.26163191829373,1,0,0,0,0,3.9318256327243257,0.5048967525062706,-0.2588190451025208,-0.9659258262890683,15.404652767317494
TXN769368058,1127.37,P2P,BOB,Kotak,Delhi,2024-06-06T20:25:18,20,3,0,42.26043343080815,1,1,0,0,0,7.02852939245751,0.3578585037025673,-0.8660254037844386,0.5000000000000001,39.40417337232326
TXN668891538,276.5,P2M,PNB,HDFC,Lucknow,2024-12-10T18:58:33,18,1,0,22.133715778017397,3,0,0,0,0,5.625820933186489,0.47398428663657055,-1.0,-1.8369701987210297e-16,16.353486311206957
TXN931281283,1646.37,P2M,BOB,ICICI,Bangalore,2024-07-30T11:31:17,11,1,0,12.661053767306425,3,0,0,0,0,7.406935355827798,0.28702596601438024,0.258819045102521,-0.9659258262890682,12.56442150692257
TXN833132839,1472.0,P2M,Axis,SBI,Jaipur,2024-11-18T13:27:02,13,0,0,31.303532095993475,1,0,0,0,0,7.29505641646263,0.3108237879733189,-0.2588190451025208,-0.9659258262890683,15.02141283839739
TXN357015550,676.74,Auto-Pay,PNB,SBI,Ahmedabad,2024-11-03T18:04:27,18,6,0,42.79280777614357,3,0,0,0,0,6.518763733566861,0.41935998050107925,-1.0,-1.8369701987210297e-16,24.617123110457428
TXN968000801,280.47,P2M,ICICI,Kotak,Chennai,2024-05-15T20:47:02,20,2,0,20.879053535962314,1,0,0,0,0,5.640025869964496,0.4734424654908633,-0.8660254037844386,0.5000000000000001,10.851621414384926
TXN742409845,1283.31,QR,Axis,Axis,Chennai,2024-03-01T09:53:30,9,4,0,30.016871551570283,1,0,0,0,0,7.157976888131452,0.3365759874653883,0.7071067811865476,-0.7071067811865475,14.506748620628114
TXN752925617,1046.95,Auto-Pay,Axis,Axis,Pune,2024-07-25T14:01:29,14,3,0,22.944212547894452,3,0,0,0,0,6.954591153819169,0.3688341350722859,-0.4999999999999997,-0.8660254037844388,16.67768501915778
TXN911687226,574.94,Auto-Pay,HDFC,SBI,Ahmedabad,2024-08-24T17:56:13,17,5,0,18.202953173725643,2,0,0,0,0,6.356003488603501,0.4332535302826928,-0.9659258262890683,-0.25881904510252063,12.281181269490258
TXN514051940,61.18,P2M,SBI,Kotak,Mumbai,2024-02-14T11:06:46,11,2,0,21.13799831501587,3,0,0,1,0,4.130033404630607,0.5033709186500974,0.258819045102521,-0.9659258262890682,25.95519932600635
TXN951060073,1137.03,Auto-Pay,BOB,PNB,Hyderabad,2024-02-27T15:17:00,15,1,0,10.82537761893947,1,0,0,0,0,7.037053976377468,0.3565401177409721,-0.7071067811865471,-0.7071067811865479,6.8301510475757885
TXN377946707,4030.11,P2P,PNB,PNB,Lucknow,2024-01-13T13:18:52,13,5,0,30.407977875316146,2,0,0,0,0,8.301797051258857,0.03830419465775651,-0.2588190451025208,-0.9659258262890683,17.16319115012646
TXN498740291,4575.44,Auto-Pay,Kotak,HDFC,Ahmedabad,2024-04-06T08:23:36,8,5,0,35.0143486332507,1,0,0,0,0,8.428676682283303,0.11273022120399735,0.8660254037844387,-0.4999999999999998,16.50573945330028
TXN475752457,714.67,QR,HDFC,Axis,Mumbai,2024-09-10T11:52:18,11,1,0,32.25651467955015,3,0,0,0,0,6.573219166861678,0.4141833366580871,0.258819045102521,-0.9659258262890682,20.40260587182006
TXN193421572,422.04,P2P,SBI,SBI,Kolkata,2024-06-02T12:19:07,12,6,0,37.506484448397856,1,0,0,0,0,6.047466737223266,0.4541211507307156,1.2246467991473532e-16,-1.0,17.502593779359145
TXN945192281,2622.36,QR,PNB,Axis,Bangalore,2024-07-10T17:02:10,17,2,0,21.29275155529922,3,0,0,0,0,7.872211217875918,0.15382394586352538,-0.9659258262890683,-0.25881904510252063,16.01710062211969
TXN957706778,115.23,P2P,Kotak,BOB,Hyderabad,2024-06-21T09:14:18,9,4,0,23.294912006685827,1,0,0,0,0,4.755570986655616,0.4959942352935531,0.7071067811865476,-0.7071067811865475,11.81796480267433
TXN332886202,231.05,P2P,PNB,HDFC,Bangalore,2024-08-11T18:24:42,18,6,0,10.518961645469396,3,0,0,0,0,5.446952865687185,0.4801872516422123,-1.0,-1.8369701987210297e-16,11.70758465818776
TXN692159299,50.0,P2M,Kotak,BOB,Ahmedabad,2024-09-08T18:34:16,18,6,0,26.025013330834387,3,0,0,0,0,3.9318256327243257,0.5048967525062706,-1.0,-1.8369701987210297e-16,17.910005332333753
TXN622811819,126.43,QR,ICICI,ICICI,Chennai,2024-09-11T14:34:44,14,2,0,12.127364486963446,2,0,0,0,0,4.847567194224188,0.49446567185981954,-0.4999999999999997,-0.8660254037844388,9.850945794785378
TXN157694407,50.0,P2P,Axis,SBI,Mumbai,2024-07-04T15:52:36,15,3,0,15.333092219540855,3,0,0,0,0,3.9318256327243257,0.5048967525062706,-0.7071067811865471,-0.7071067811865479,13.633236887816341
TXN707757117,50.0,Collect,Axis,PNB,Hyderabad,2024-08-11T09:04:53,9,6,0,41.349148049331575,1,0,0,0,0,3.9318256327243257,0.5048967525062706,0.7071067811865476,-0.7071067811865475,19.03965921973263
TXN801024412,6436.09,Collect,BOB,Axis,Chennai,2024-07-16T18:41:36,18,1,0,12.437452178396153,2,0,0,0,0,8.769831853623351,0.36666964557687837,-1.0,-1.8369701987210297e-16,9.974980871358461
TXN154715875,9054.34,P2P,BOB,BOB,Jaipur,2024-10-20T16:36:04,16,6,0,23.572258682753098,2,0,0,0,0,9.111109917928442,0.7240054679315908,-0.8660254037844384,-0.5000000000000004,14.42890347310124
TXN687091596,591.28,P2P,Axis,PNB,Pune,2024-10-30T11:44:01,11,2,0,20.517106552142362,2,0,0,0,0,6.383979496040518,0.431023465415978,0.258819045102521,-0.9659258262890682,13.206842620856944
TXN330299493,305.67,P2P,Kotak,PNB,Kolkata,2024-06-19T14:22:14,14,2,0,37.779928763043465,2,0,0,0,0,5.72577225088112,0.4700031977649628,-0.4999999999999997,-0.8660254037844388,20.111971505217387
TXN431540950,10430.1,P2P,Axis,PNB,Hyderabad,2024-09-16T19:39:47,19,0,0,27.643812469486033,3,0,0,0,0,9.252547007438569,0.9117676491452713,-0.9659258262890684,0.2588190451025203,18.557524987794416
TXN127833886,1135.46,QR,Kotak,SBI,Kolkata,2024-09-17T20:46:40,20,1,0,37.65268859039072,1,0,0,1,0,7.0356734468967055,0.3567543895794508,-0.8660254037844386,0.5000000000000001,27.561075436156287
TXN375524773,50.0,P2M,SBI,HDFC,Chennai,2024-06-28T15:34:04,15,4,0,10.13334308727762,1,0,0,0,0,3.9318256327243257,0.5048967525062706,-0.7071067811865471,-0.7071067811865479,6.553337234911048
TXN924552671,9109.76,P2M,Kotak,PNB,Mumbai,2024-04-20T14:58:32,14,5,0,10.628470002409022,1,0,0,0,0,9.117211411582252,0.7315691273510114,-0.4999999999999997,-0.8660254037844388,6.751388000963609
TXN569785661,3102.85,P2P,PNB,SBI,Pune,2024-01-01T11:54:00,11,0,0,20.537598125174817,3,1,0,0,0,8.040398555393164,0.08824720976757745,0.258819045102521,-0.9659258262890682,35.71503925006993
TXN656986797,15133.38,P2M,ICICI,Kotak,Pune,2024-07-22T20:02:25,20,0,0,44.51618790492932,3,0,0,1,0,9.624724255965274,1.5536660265211792,-0.8660254037844386,0.5000000000000001,35.30647516197173
TXN589168640,1200.11,QR,HDFC,SBI,Lucknow,2024-09-16T09:00:55,9,0,0,14.955037198748467,1,0,0,0,0,7.091001408227227,0.3479310301159801,0.7071067811865476,-0.7071067811865475,8.482014879499388
TXN420312909,431.94,P2P,BOB,ICICI,Bangalore,2024-05-08T10:05:13,10,2,0,34.84404272987227,2,0,0,0,0,6.070599150271709,0.45277000983839755,0.49999999999999994,-0.8660254037844387,18.93761709194891
TXN809064349,101.35,QR,SBI,Axis,Bangalore,2024-03-09T19:40:35,19,5,0,38.42448306165008,2,0,0,0,0,4.628398312107299,0.49788856212035854,-0.9659258262890684,0.2588190451025203,20.369793224660032
TXN326271562,1146.0,P2P,PNB,PNB,Kolkata,2024-11-20T17:47:31,17,2,0,27.125078802445312,1,0,0,0,0,7.044905117129371,0.3553159022052052,-0.9659258262890683,-0.25881904510252063,13.350031520978126
TXN603239698,1262.06,Collect,PNB,SBI,Lucknow,2024-10-15T14:11:10,14,1,0,20.431376623305784,2,0,0,0,0,7.141292627160362,0.33947616362314165,-0.4999999999999997,-0.8660254037844388,13.172550649322314
TXN761707408,781.97,P2M,HDFC,HDFC,Ahmedabad,2024-08-26T11:16:28,11,0,0,20.63840050028626,1,0,0,0,0,6.663094381080551,0.40499830816788485,0.258819045102521,-0.9659258262890682,10.755360200114504
TXN170487812,23970.43,P2M,PNB,PNB,Jaipur,2024-07-03T16:30:38,16,2,0,10.421623472675892,1,0,0,0,0,10.084617983554683,2.7597366954564264,-0.8660254037844384,-0.5000000000000004,6.668649389070357
TXN101666104,14387.99,P2P,Kotak,BOB,Hyderabad,2024-08-31T08:30:41,8,5,0,16.327133904810076,1,0,0,0,0,9.574218609787847,1.4519360356398736,0.8660254037844387,-0.4999999999999998,9.03085356192403
TXN757680044,964.02,P2M,BOB,HDFC,Lucknow,2024-12-03T17:31:32,17,1,0,32.884188978112064,3,0,0,0,0,6.872148826512819,0.3801523284258146,-0.9659258262890683,-0.25881904510252063,20.653675591244827
TXN902805613,194.32,Auto-Pay,HDFC,ICICI,Pune,2024-12-30T08:03:41,8,0,0,19.844909752532608,2,0,0,0,0,5.274639239193459,0.4852001208315902,0.8660254037844387,-0.4999999999999998,12.937963901013044
TXN566787936,9530.02,P2M,PNB,BOB,Lucknow,2024-04-06T11:44:54,11,5,0,36.8789492321641,3,0,0,0,0,9.16230702135112,0.7889257406243014,0.258819045102521,-0.9659258262890682,22.25157969286564
TXN717552609,5653.44,P2P,HDFC,Axis,Bangalore,2024-07-31T15:05:48,15,2,0,38.7918724687496,2,0,0,0,0,8.640196356237311,0.25985445170084825,-0.7071067811865471,-0.7071067811865479,20.51674898749984
TXN887627553,10327.48,P2M,ICICI,SBI,Lucknow,2024-12-02T12:18:34,12,0,0,28.903269738420008,1,0,0,1,0,9.24266040704683,0.8977621866836879,1.2246467991473532e-16,-1.0,24.061307895368003
TXN973956650,160.9,P2P,Kotak,Axis,Hyderabad,2024-08-27T14:27:28,14,1,0,20.22714813222948,3,0,0,1,0,5.0869788606835895,0.4897612449347486,-0.4999999999999997,-0.8660254037844388,25.590859252891793
TXN109536206,377.54,P2M,HDFC,HDFC,Hyderabad,2024-04-05T13:10:16,13,4,0,20.49919357898067,1,0,0,0,0,5.936321747610773,0.4601944608022461,-0.2588190451025208,-0.9659258262890683,10.699677431592269
TXN757421679,6669.81,P2P,Kotak,SBI,Chennai,2024-03-11T09:52:18,9,0,0,15.390350315778491,1,0,0,0,0,8.805496570816876,0.3985674889458246,0.7071067811865476,-0.7071067811865475,8.656140126311396
TXN676338345,485.59,P2P,Kotak,BOB,Hyderabad,2024-04-21T20:37:37,20,6,0,14.342823834189959,1,0,0,0,0,6.187421879377874,0.44544791803305794,-0.8660254037844386,0.5000000000000001,8.237129533675983
TXN663144247,7565.63,P2M,PNB,BOB,Mumbai,2024-04-29T20:45:50,20,0,0,18.656835496798806,2,1,0,0,0,8.931503068974665,0.5208279974464637,-0.8660254037844386,0.5000000000000001,32.462734198719524
TXN241150070,616.17,QR,BOB,SBI,Chennai,2024-05-28T08:33:57,8,1,0,39.81780888625852,2,0,0,0,0,6.425144512697167,0.42762650614226133,0.8660254037844387,-0.4999999999999998,20.92712355450341
TXN142688900,335.61,Auto-Pay,SBI,Kotak,Delhi,2024-06-15T10:44:02,10,5,0,36.98218632612636,2,0,0,0,0,5.818924990168645,0.46591702015728587,0.49999999999999994,-0.8660254037844387,19.792874530450547
TXN405906406,197.11,P2M,Axis,Kotak,Ahmedabad,2024-04-28T16:28:37,16,6,0,32.74377216887386,1,0,0,0,0,5.288822431986235,0.48481934476193694,-0.8660254037844384,-0.5000000000000004,15.597508867549545
TXN784588175,2280.32,Auto-Pay,PNB,SBI,Pune,2024-01-06T10:51:04,10,5,0,17.549763380139805,3,0,0,0,0,7.732509501791536,0.20050518129872286,0.49999999999999994,-0.8660254037844387,14.519905352055922
TXN851115262,282.2,P2P,ICICI,PNB,Mumbai,2024-11-25T12:37:53,12,0,0,14.093123669212165,1,0,0,0,0,5.6461533618195645,0.4732063570319026,1.2246467991473532e-16,-1.0,8.137249467684867
TXN505398452,553.73,P2P,SBI,PNB,Bangalore,2024-02-29T13:53:07,13,3,0,31.030460572996635,2,0,0,0,0,6.318481508887005,0.4361482472853257,-0.2588190451025208,-0.9659258262890683,17.412184229198655
TXN721830054,669.68,Auto-Pay,ICICI,HDFC,Kolkata,2024-04-03T18:24:53,18,2,0,20.254701663886664,2,0,0,0,0,6.508292123069607,0.42032352137984347,-1.0,-1.8369701987210297e-16,13.101880665554665
TXN739627930,107.0,P2M,SBI,ICICI,Hyderabad,2024-08-04T15:39:45,15,6,0,29.681842202824722,1,0,0,0,0,4.68213122712422,0.49711745645959116,-0.7071067811865471,-0.7071067811865479,14.372736881129889
TXN531672584,1011.84,P2P,PNB,Axis,Mumbai,2024-03-24T13:33:49,13,6,0,10.278396344748922,3,1,0,1,0,6.9205135450808,0.3736259084792845,-0.2588190451025208,-0.9659258262890683,41.61135853789957
TXN939300228,2109.77,P2P,Axis,Kotak,Jaipur,2024-10-23T09:44:19,9,2,0,22.37186553402875,3,0,0,0,0,7.654808088809705,0.223781653943656,0.7071067811865476,-0.7071067811865475,16.4487462136115
TXN453292461,45000.0,P2P,SBI,HDFC,Kolkata,2024-04-17T22:14:13,22,2,1,85.10770535957141,12,0,1,1,1,10.714439990727769,5.629828814129581,-0.5000000000000004,0.8660254037844384,89.04308214382857
TXN401848366,1796.92,P2M,BOB,BOB,Hyderabad,2024-01-10T20:21:19,20,2,0,31.379315102898076,1,0,0,0,0,7.494385720159593,0.26647907092968554,-0.8660254037844386,0.5000000000000001,15.051726041159231
TXN835061813,2651.51,P2P,PNB,Kotak,Mumbai,2024-02-20T11:01:23,11,1,0,13.461509137433175,1,0,0,0,0,7.883261640509307,0.14984558656947786,0.258819045102521,-0.9659258262890682,7.8846036549732705
TXN575008175,978.95,P2P,Kotak,Kotak,Bangalore,2024-10-28T14:43:56,14,0,0,16.348336669513284,1,0,0,0,0,6.8875015499548695,0.3781146987770966,-0.4999999999999997,-0.8660254037844388,9.039334667805313
TXN939614375,2239.95,P2P,ICICI,PNB,Mumbai,2024-07-05T10:15:08,10,4,0,38.4909921422288,1,1,0,1,0,7.714655162083928,0.20601483360406414,0.49999999999999994,-0.8660254037844387,47.89639685689152
TXN873682632,610.96,P2M,SBI,BOB,Jaipur,2024-07-14T14:07:12,14,6,0,43.69282490795996,3,0,0,0,0,6.4166669208991785,0.4283375610967034,-0.4999999999999997,-0.8660254037844388,24.977129963183984
TXN481933026,50.0,QR,Axis,Kotak,Delhi,2024-05-03T19:55:32,19,4,0,35.799342548468886,3,0,0,0,0,3.9318256327243257,0.5048967525062706,-0.9659258262890684,0.2588190451025203,21.819737019387553
TXN435605900,1420.83,Auto-Pay,BOB,ICICI,Ahmedabad,2024-02-29T16:51:35,16,3,0,39.74433384183636,3,0,0,0,0,7.259700053286847,0.3178074121611889,-0.8660254037844384,-0.5000000000000004,23.397733536734542
TXN983256231,185.71,QR,Kotak,Kotak,Bangalore,2024-07-09T15:16:30,15,1,0,38.4844554809349,2,0,0,0,0,5.2295566109772444,0.4863752039712729,-0.7071067811865471,-0.7071067811865479,20.393782192373962
TXN992966548,5336.59,Auto-Pay,Axis,Kotak,Hyderabad,2024-07-12T15:18:06,15,4,0,11.989815016185709,2,0,0,0,0,8.582529519221419,0.21661111920277115,-0.7071067811865471,-0.7071067811865479,9.795926006474284
TXN679721418,30000.0,P2M,HDFC,HDFC,Hyderabad,2024-04-01T23:57:22,23,0,1,69.38690123219546,13,0,1,1,1,10.308985993422082,3.5826456439507655,-0.25881904510252157,0.9659258262890681,85.25476049287818
TXN287886121,1682.78,P2P,HDFC,SBI,Hyderabad,2024-12-08T14:31:23,14,6,0,31.159847333896195,2,0,0,0,0,7.428796544937784,0.2820567700659662,-0.4999999999999997,-0.8660254037844388,17.46393893355848
TXN777825166,12149.7,P2P,BOB,PNB,Delhi,2024-05-23T17:55:09,17,3,0,26.118323020096906,2,0,0,0,0,9.405142060277845,1.1464567277745707,-0.9659258262890683,-0.25881904510252063,15.447329208038763
TXN204466667,103.43,Auto-Pay,SBI,BOB,Bangalore,2024-05-09T11:40:06,11,3,0,42.603059583781665,3,0,0,0,0,4.648516990491458,0.49760468605409375,0.258819045102521,-0.9659258262890682,24.541223833512667
TXN736767926,9182.59,P2P,SBI,SBI,Pune,2024-10-02T19:39:00,19,2,0,37.68111301150834,1,0,0,0,0,9.125173474705683,0.7415088840366196,-0.9659258262890684,0.2588190451025203,17.572445204603333
TXN624024472,226.56,Collect,PNB,BOB,Jaipur,2024-04-08T08:58:25,8,0,0,24.586095694576894,1,0,0,1,0,5.427413939882447,0.4808000418044859,0.8660254037844387,-0.4999999999999998,22.334438277830756
TXN245670281,16403.53,Auto-Pay,SBI,Axis,Ahmedabad,2024-06-28T16:18:05,16,4,0,18.192667139444033,3,0,0,0,0,9.705312795182898,1.7270146734280207,-0.8660254037844384,-0.5000000000000004,14.777066855777614
TXN432180170,2061.81,P2M,BOB,Kotak,Chennai,2024-07-12T11:04:10,11,4,0,17.05949869208589,2,0,0,0,0,7.6318244099447705,0.23032718093310775,0.258819045102521,-0.9659258262890682,11.823799476834356
TXN242877829,5478.58,QR,PNB,SBI,Jaipur,2024-04-24T17:13:14,17,2,0,30.645041170007286,3,0,0,0,0,8.608783734669121,0.2359897550916838,-0.9659258262890683,-0.25881904510252063,19.758016468002914
TXN650004727,5088.4,P2M,SBI,ICICI,Delhi,2024-10-16T19:18:02,19,2,0,26.84379488300502,2,0,0,0,0,8.534915224403854,0.18273842646899238,-0.9659258262890684,0.2588190451025203,15.737517953202008
TXN379580263,9549.86,P2P,Kotak,Axis,Jaipur,2024-10-07T08:54:40,8,0,0,19.822306319299294,2,0,0,0,0,9.164386481776328,0.791633481564058,0.8660254037844387,-0.4999999999999998,12.928922527719717
TXN255032720,50.0,P2P,Kotak,Axis,Bangalore,2024-07-04T19:49:27,19,3,0,38.78880350231091,2,0,0,0,0,3.9318256327243257,0.5048967525062706,-0.9659258262890684,0.2588190451025203,20.515521400924364
TXN194411179,11744.98,P2P,PNB,PNB,Bangalore,2024-08-24T09:01:14,9,5,0,13.143774529896167,3,0,0,0,0,9.371266333373711,1.091220996265586,0.7071067811865476,-0.7071067811865475,12.757509811958467
TXN747459659,1937.32,P2P,ICICI,ICICI,Mumbai,2024-03-09T10:42:38,10,5,0,30.059477314539762,1,0,0,0,0,7.569576897499173,0.2473174364568118,0.49999999999999994,-0.8660254037844387,14.523790925815906
TXN291291105,1038.57,P2P,HDFC,SBI,Pune,2024-01-11T15:39:22,15,3,0,39.92090162018306,1,0,0,0,0,6.946562445098167,0.3699778280700258,-0.7071067811865471,-0.7071067811865479,18.468360648073222
TXN741446703,207.51,QR,HDFC,Kotak,Jaipur,2024-08-09T09:19:38,9,4,0,32.003951669861166,2,0,0,0,0,5.339987001719429,0.483399964430613,0.7071067811865476,-0.7071067811865475,17.801580667944467
TXN958393449,111.97,P2P,PNB,SBI,Chennai,2024-01-23T12:15:55,12,1,0,34.269903073485864,1,0,0,0,0,4.7271222967388375,0.49643915643587194,1.2246467991473532e-16,-1.0,16.207961229394346
TXN971133680,5661.22,P2M,HDFC,Kotak,Delhi,2024-04-30T08:30:01,8,1,0,23.60520494186686,3,0,0,0,0,8.64157132044507,0.2609162573717811,0.8660254037844387,-0.4999999999999998,16.942081976746742
TXN746035632,2483.51,P2P,HDFC,BOB,Jaipur,2024-01-10T15:29:49,15,2,0,43.94700392351111,3,0,0,0,0,7.817830735988995,0.1727740380754806,-0.7071067811865471,-0.7071067811865479,25.078801569404444
TXN197197301,207.13,P2M,Axis,BOB,Mumbai,2024-02-15T08:01:39,8,3,0,17.401461201741128,3,0,0,0,0,5.33816288447016,0.4834518264042575,0.8660254037844387,-0.4999999999999998,14.46058448069645
TXN471111503,704.51,P2M,BOB,PNB,Delhi,2024-09-08T13:00:39,13,6,0,28.77828825924719,1,0,0,0,0,6.55892094553685,0.41556996205868824,-0.2588190451025208,-0.9659258262890683,14.011315303698877
TXN388469518,8072.8,QR,BOB,HDFC,Kolkata,2024-06-24T20:54:28,20,0,0,32.20585989144611,1,0,0,0,0,8.996379530236625,0.5900459900077697,-0.8660254037844386,0.5000000000000001,15.382343956578445
TXN264982047,72.71,QR,ICICI,PNB,Mumbai,2024-10-26T14:01:15,14,5,0,42.396697048527436,1,0,0,0,0,4.300138475201197,0.5017973171866199,-0.4999999999999997,-0.8660254037844388,19.458678819410974
TXN448976662,1771.68,QR,PNB,BOB,Kolkata,2024-09-05T19:51:40,19,3,0,13.103343111609512,3,0,0,0,0,7.480247804731239,0.2699237978107064,-0.9659258262890684,0.2588190451025203,12.741337244643805
TXN509978189,3816.9,P2P,PNB,Kotak,Delhi,2024-11-22T14:40:53,14,4,0,17.699197822890685,3,0,0,0,0,8.247455812219268,0.009205533076834816,-0.4999999999999997,-0.8660254037844388,14.579679129156276
TXN629291180,4130.76,P2M,HDFC,HDFC,Jaipur,2024-04-27T19:10:30,19,5,0,16.529796748999715,3,0,0,0,0,8.32645874529997,0.05204079372965638,-0.9659258262890684,0.2588190451025203,14.111918699599887
TXN627107196,160.25,P2M,Kotak,HDFC,Bangalore,2024-02-24T16:34:56,16,5,0,23.79948621744982,3,0,0,0,0,5.082955955675882,0.4898499562054564,-0.8660254037844384,-0.5000000000000004,17.01979448697993
TXN180197726,116.11,P2P,HDFC,HDFC,Mumbai,2024-01-01T10:44:12,10,0,0,26.667374387615496,3,0,0,0,0,4.763113664054046,0.49587413388090257,0.49999999999999994,-0.8660254037844387,18.166949755046197
TXN906326293,3656.88,QR,HDFC,Kotak,Pune,2024-01-11T11:53:55,11,3,0,28.401176993334122,3,0,0,1,0,8.204639023601349,0.012633816982632792,0.258819045102521,-0.9659258262890682,28.860470797333647
TXN195879624,359.5,P2M,ICICI,SBI,Jaipur,2024-08-24T17:54:04,17,5,0,44.31316384074151,2,0,0,0,0,5.887491956725004,0.4626565397615811,-0.9659258262890683,-0.25881904510252063,22.725265536296604
TXN700747175,50.0,P2M,Axis,Kotak,Chennai,2024-02-10T14:12:10,14,5,0,19.036063896690923,1,0,0,0,0,3.9318256327243257,0.5048967525062706,-0.4999999999999997,-0.8660254037844388,10.11442555867637
TXN924752308,138.56,P2P,Axis,Kotak,Mumbai,2024-03-11T16:29:33,16,0,0,15.500698804711249,1,0,0,0,0,4.9384946163185734,0.49281018306953495,-0.8660254037844384,-0.5000000000000004,8.7002795218845
TXN234636225,244.24,P2P,Kotak,SBI,Kolkata,2024-11-25T11:18:30,11,0,0,32.204033066133675,3,0,0,0,0,5.502237322894487,0.47838709524123507,0.258819045102521,-0.9659258262890682,20.38161322645347
TXN530964420,338.25,P2P,Axis,SBI,Chennai,2024-10-07T20:40:05,20,0,0,40.57069342693165,1,0,0,0,0,5.826737298714979,0.46555671591933445,-0.8660254037844386,0.5000000000000001,18.72827737077266
TXN946146804,1216.2,Auto-Pay,Kotak,Axis,Mumbai,2024-05-19T10:53:27,10,6,0,28.656824256989445,2,0,0,0,0,7.104308418022816,0.3457350849687683,0.49999999999999994,-0.8660254037844387,16.462729702795777
TXN359178190,421.08,QR,ICICI,Kotak,Delhi,2024-01-18T09:40:37,9,3,0,12.680056842701429,1,0,0,0,0,6.04519486952895,0.454252170453607,0.7071067811865476,-0.7071067811865475,7.572022737080572
TXN835147978,119.86,P2M,BOB,SBI,Pune,2024-10-10T11:41:46,11,3,0,36.25131381392311,1,0,0,0,0,4.794632850933413,0.49536233808835783,0.258819045102521,-0.9659258262890682,17.000525525569245
TXN149919517,685.27,Auto-Pay,HDFC,HDFC,Pune,2024-01-06T10:41:58,10,5,0,38.75399084110799,3,0,0,0,0,6.531271136297062,0.4181958156716376,0.49999999999999994,-0.8660254037844387,23.0015963364432
TXN572351708,211.56,P2M,SBI,SBI,Chennai,2024-06-02T09:44:58,9,6,0,38.46349665589871,3,0,0,0,0,5.359224301451558,0.4828472249746647,0.7071067811865476,-0.7071067811865475,22.885398662359485
TXN494067553,50.0,QR,SBI,BOB,Kolkata,2024-08-23T08:58:49,8,4,0,12.12091937618727,3,0,0,0,0,3.9318256327243257,0.5048967525062706,0.8660254037844387,-0.4999999999999998,12.348367750474909
TXN155734388,563.67,P2P,HDFC,Kotak,Mumbai,2024-08-06T12:36:06,12,1,0,39.026112252289806,2,0,0,0,0,6.336241489714188,0.43479164723788716,1.2246467991473532e-16,-1.0,20.610444900915923
TXN701718161,1717.7,P2P,Axis,HDFC,Ahmedabad,2024-08-06T15:16:19,15,1,0,32.584378153656644,3,0,0,0,0,7.449323470082642,0.2772909276457899,-0.7071067811865471,-0.7071067811865479,20.53375126146266
TXN521231555,62.95,P2M,PNB,Kotak,Pune,2024-11-03T17:32:45,17,6,0,25.422479320836715,3,0,0,0,0,4.158101528024852,0.5031293510360163,-0.9659258262890683,-0.25881904510252063,17.66899172833469
TXN674629070,8990.36,P2P,BOB,Kotak,Delhi,2024-06-14T17:10:25,17,4,0,27.624952604124424,3,0,0,0,0,9.104019395223231,0.7152735493163881,-0.9659258262890683,-0.25881904510252063,18.549981041649772
TXN206422594,136.68,P2P,Kotak,SBI,Lucknow,2024-07-11T12:41:13,12,3,0,34.44858102454947,1,0,0,0,0,4.924932151903284,0.4930667633601974,1.2246467991473532e-16,-1.0,16.27943240981979
TXN614651298,13236.28,P2P,HDFC,HDFC,Mumbai,2024-10-12T10:54:09,10,5,0,20.436820256307648,3,0,0,0,0,9.490792370319244,1.2947519470447642,0.49999999999999994,-0.8660254037844387,15.67472810252306
TXN241698865,119.79,P2M,HDFC,SBI,Delhi,2024-01-05T20:11:58,20,4,0,37.75638625070115,3,0,0,0,0,4.794053500617187,0.4953718916098187,-0.8660254037844386,0.5000000000000001,22.602554500280462
TXN296028093,128.38,P2M,Axis,SBI,Lucknow,2024-04-12T15:17:34,15,4,0,18.12646742146022,1,0,0,0,0,4.862753810615839,0.4941995380476963,-0.7071067811865471,-0.7071067811865479,9.750586968584088
TXN838933348,50.0,P2M,Kotak,Kotak,Ahmedabad,2024-05-02T19:58:08,19,3,0,25.673628247048235,2,0,0,0,0,3.9318256327243257,0.5048967525062706,-0.9659258262890684,0.2588190451025203,15.269451298819295
TXN108058430,1024.7,P2P,SBI,Kotak,Chennai,2024-02-19T09:42:30,9,0,0,23.634220756853285,1,0,0,0,0,6.933130585313365,0.3718707901080512,0.7071067811865476,-0.7071067811865475,11.953688302741314
TXN331698036,359.39,P2M,Axis,PNB,Hyderabad,2024-07-09T10:03:57,10,1,0,40.49215687920682,3,0,0,0,0,5.887186778401394,0.46267155243816244,0.49999999999999994,-0.8660254037844387,23.696862751682726
TXN519498548,1486.84,P2P,Axis,BOB,Pune,2024-01-21T16:38:17,16,6,0,31.349883022391733,3,0,0,0,0,7.305080682729887,0.30879844142362206,-0.8660254037844384,-0.5000000000000004,20.039953208956696
TXN118521717,50.0,P2M,SBI,ICICI,Kolkata,2024-12-01T08:06:34,8,6,0,32.765742360823964,1,0,0,0,0,3.9318256327243257,0.5048967525062706,0.8660254037844387,-0.4999999999999998,15.606296944329586
TXN420443547,424.48,Auto-Pay,SBI,Axis,Jaipur,2024-01-01T08:17:38,8,0,0,31.2460342329644,3,0,0,0,0,6.053217943383464,0.45378814226836645,0.8660254037844387,-0.4999999999999998,19.99841369318576
TXN264671629,363.39,P2P,HDFC,PNB,Pune,2024-04-02T09:39:31,9,1,0,32.51550581126379,1,0,0,0,0,5.898224722638234,0.46212563692611475,0.7071067811865476,-0.7071067811865475,15.506202324505518
TXN357995721,450.83,P2P,Axis,SBI,Hyderabad,2024-09-16T19:49:38,19,0,0,24.83649131989494,1,0,0,0,0,6.113306002891867,0.45019192383275236,-0.9659258262890684,0.2588190451025203,12.434596527957977
TXN486169827,50.0,P2P,SBI,SBI,Ahmedabad,2024-12-07T08:26:07,8,5,0,11.697809646784775,2,0,0,1,0,3.9318256327243257,0.5048967525062706,0.8660254037844387,-0.4999999999999998,19.67912385871391
TXN954877133,310.5,P2M,Axis,ICICI,Chennai,2024-11-28T09:49:40,9,3,0,18.953014211467977,1,0,0,0,0,5.741399338227508,0.4693440047841652,0.7071067811865476,-0.7071067811865475,10.081205684587191
TXN787547637,292.59,P2M,Axis,HDFC,Jaipur,2024-02-03T12:06:59,12,5,0,10.612208030678751,1,0,0,0,0,5.682184236214804,0.4717883414893587,1.2246467991473532e-16,-1.0,6.744883212271501
TXN307584959,50.0,Collect,SBI,ICICI,Chennai,2024-09-27T13:00:19,13,4,0,16.84984350176238,2,0,0,0,0,3.9318256327243257,0.5048967525062706,-0.2588190451025208,-0.9659258262890683,11.739937400704953
TXN518628911,453.03,QR,BOB,SBI,Ahmedabad,2024-01-14T18:26:47,18,6,0,23.223318515135176,1,0,0,0,0,6.1181632751533614,0.4498916703011261,-1.0,-1.8369701987210297e-16,11.78932740605407
TXN959302704,145.61,P2P,Axis,Axis,Kolkata,2024-10-20T14:13:58,14,6,0,18.69923452817286,1,0,0,0,0,4.987775999950173,0.4918480069795509,-0.4999999999999997,-0.8660254037844388,9.979693811269144
TXN372057514,1328.21,QR,ICICI,ICICI,Delhi,2024-06-12T10:23:38,10,2,0,31.572947589710385,1,0,0,0,0,7.1923400597744385,0.33044808584265306,0.49999999999999994,-0.8660254037844387,15.129179035884155
TXN568678666,122.97,P2P,BOB,BOB,Lucknow,2024-11-27T13:23:08,13,2,0,26.042824096713133,3,1,0,0,0,4.8200396008500555,0.4949378887777408,-0.2588190451025208,-0.9659258262890683,37.91712963868525
TXN568835666,18677.06,Auto-Pay,HDFC,Kotak,Ahmedabad,2024-01-05T14:21:48,14,4,0,36.364685449595626,3,1,0,0,0,9.835104851999871,2.037303496954464,-0.4999999999999997,-0.8660254037844388,42.04587417983825
TXN321737381,669.18,QR,PNB,ICICI,Ahmedabad,2024-02-07T14:54:33,14,2,0,12.282619690805452,1,0,0,0,0,6.507546333019676,0.42039176081884944,-0.4999999999999997,-0.8660254037844388,7.413047876322182
TXN584627703,6725.08,Collect,HDFC,HDFC,Delhi,2024-08-01T11:25:49,11,3,0,36.27017316614021,2,0,0,0,0,8.813747786371614,0.40611067653354344,0.258819045102521,-0.9659258262890682,19.508069266456083
TXN593109951,208.78,P2M,PNB,PNB,Kolkata,2024-04-21T17:54:55,17,6,0,14.2928590984418,3,0,0,0,0,5.346059362533458,0.4832266362555378,-0.9659258262890683,-0.25881904510252063,13.21714363937672
TXN711797080,5707.59,QR,BOB,PNB,Bangalore,2024-07-31T12:04:18,12,2,0,31.843554046364318,1,0,0,0,0,8.649727336955138,0.2672447829451939,1.2246467991473532e-16,-1.0,15.237421618545728
TXN474208378,7616.45,P2P,BOB,HDFC,Kolkata,2024-03-22T11:59:08,11,4,0,34.93356724469268,2,0,0,0,0,8.938196947005043,0.5277638540270295,0.258819045102521,-0.9659258262890682,18.973426897877076
TXN424102039,9827.29,P2M,Kotak,BOB,Pune,2024-01-10T08:21:51,8,2,0,27.756206733934626,3,1,0,0,0,9.193020240735239,0.8294968166909052,0.8660254037844387,-0.4999999999999998,38.60248269357385
TXN472460968,102.04,QR,PNB,ICICI,Mumbai,2024-12-14T14:40:15,14,5,0,28.71736037804101,2,0,0,0,0,4.635117262356044,0.4977943916945303,-0.4999999999999997,-0.8660254037844388,16.486944151216406
TXN367516096,4723.1,P2M,Kotak,Kotak,Ahmedabad,2024-10-26T15:12:03,15,5,0,12.610893576659388,3,0,0,0,0,8.460432345594473,0.13288269233123773,-0.7071067811865471,-0.7071067811865479,12.544357430663755
TXN740341738,8487.19,P2P,Kotak,HDFC,Mumbai,2024-05-11T08:51:33,8,5,0,24.498007171945744,2,0,0,0,0,9.046431064586173,0.6466014722671298,0.8660254037844387,-0.4999999999999998,14.799202868778298
TXN319679369,202.43,P2M,Axis,SBI,Pune,2024-12-06T17:29:40,17,4,0,18.66967048830535,1,0,0,0,0,5.315321965363861,0.48409327713091355,-0.9659258262890683,-0.25881904510252063,9.96786819532214
TXN182844295,520.73,P2P,ICICI,BOB,Mumbai,2024-08-18T19:44:40,19,6,0,10.035949674935994,2,0,0,0,0,6.257150212687861,0.44065205025971904,-0.9659258262890684,0.2588190451025203,9.014379869974398
TXN751346349,6588.69,P2P,PNB,ICICI,Ahmedabad,2024-09-17T09:23:46,9,1,0,17.991579280765865,3,0,0,0,0,8.793261585418923,0.38749632236149745,0.7071067811865476,-0.7071067811865475,14.696631712306345
TXN429570208,132.88,QR,Axis,HDFC,Hyderabad,2024-10-25T13:14:10,13,4,0,18.766443462244744,1,0,0,0,0,4.8969438763431254,0.4935853830966426,-0.2588190451025208,-0.9659258262890683,10.006577384897898
TXN491806915,8533.55,Auto-Pay,PNB,SBI,Kolkata,2024-01-13T09:03:46,9,5,0,44.924380159117426,3,0,0,0,0,9.051877909761249,0.6529286330517623,0.7071067811865476,-0.7071067811865475,25.469752063646972
TXN891801337,2043.18,Collect,PNB,SBI,Lucknow,2024-07-26T14:41:10,14,4,0,19.434399391303376,3,0,0,0,0,7.622752010068619,0.23286978243046982,-0.4999999999999997,-0.8660254037844388,15.27375975652135
TXN898645510,585.45,P2M,ICICI,ICICI,Pune,2024-07-11T13:10:45,13,3,0,41.510924938172174,3,0,0,1,0,6.374087412967514,0.4318191372747875,-0.2588190451025208,-0.9659258262890683,34.10436997526887
TXN789555169,1736.97,P2M,Axis,Kotak,Chennai,2024-11-24T17:48:38,17,6,0,20.662884690372913,3,0,0,0,0,7.460473044456568,0.27466097966650016,-0.9659258262890683,-0.25881904510252063,15.765153876149165
TXN316086460,25000.0,P2P,HDFC,SBI,Lucknow,2024-12-18T17:35:29,17,2,0,85.68251529770357,7,1,1,1,1,10.12667110305036,2.90025125389116,-0.9659258262890683,-0.25881904510252063,81.77300611908143
TXN439284261,3378.2,P2M,HDFC,BOB,Chennai,2024-09-30T16:00:42,16,0,0,44.09848839326078,3,0,0,0,0,8.125394274071887,0.050667750706994995,-0.8660254037844384,-0.5000000000000004,25.139395357304313
TXN922976356,651.81,P2M,HDFC,BOB,Chennai,2024-06-09T14:13:47,14,6,0,44.93112963268567,1,0,0,0,0,6.481286122160019,0.42276239892991646,-0.4999999999999997,-0.8660254037844388,20.47245185307427
TXN126221411,9599.0,P2P,HDFC,BOB,Pune,2024-10-02T12:52:41,12,2,0,25.65637643890728,3,0,0,0,0,9.169518377455928,0.7983400536295637,1.2246467991473532e-16,-1.0,17.762550575562912
TXN874108551,1380.93,QR,BOB,Kotak,Jaipur,2024-01-03T19:36:30,19,2,0,32.56438514228913,1,0,0,0,0,7.231236351814697,0.3232529193938646,-0.9659258262890684,0.2588190451025203,15.525754056915654
TXN691538532,194.19,QR,ICICI,BOB,Lucknow,2024-06-18T19:41:12,19,1,0,28.502044313781674,1,0,0,0,0,5.2739734431585195,0.4852178630857318,-0.9659258262890684,0.2588190451025203,13.90081772551267
TXN568925303,7775.43,P2M,Kotak,Axis,Mumbai,2024-01-20T15:03:30,15,5,0,14.716070227878019,3,0,0,0,0,8.958852642965287,0.5494612660533648,-0.7071067811865471,-0.7071067811865479,13.386428091151208
TXN828075356,290.01,P2M,HDFC,Kotak,Jaipur,2024-11-09T17:28:41,17,5,0,29.768332237378633,1,0,0,0,0,5.673357630842223,0.47214045699462953,-0.9659258262890683,-0.25881904510252063,14.407332894951454
TXN613886853,111.89,P2M,ICICI,HDFC,Pune,2024-05-08T09:19:35,9,2,0,12.084830138150625,2,0,0,0,0,4.726413893273455,0.4964500747461129,0.7071067811865476,-0.7071067811865475,9.83393205526025
TXN589115473,260.48,P2P,PNB,ICICI,Hyderabad,2024-04-16T18:04:38,18,1,0,18.15489458185334,3,0,0,0,0,5.566357798744529,0.4761706782623215,-1.0,-1.8369701987210297e-16,14.761957832741338
TXN766502067,50.0,P2P,ICICI,BOB,Bangalore,2024-11-12T17:56:36,17,1,0,26.05550884700843,3,0,0,0,0,3.9318256327243257,0.5048967525062706,-0.9659258262890683,-0.25881904510252063,17.922203538803373
TXN111506305,622.87,P2M,BOB,Kotak,Delhi,2024-02-21T19:38:01,19,2,0,32.202297064547736,2,0,0,0,0,6.435942013331691,0.42671209765958146,-0.9659258262890684,0.2588190451025203,17.880918825819094
TXN738296917,280.61,P2P,ICICI,PNB,Kolkata,2024-03-11T17:34:01,17,0,0,14.332023400819594,3,0,0,0,0,5.64052313501701,0.47342335844794153,-0.9659258262890683,-0.25881904510252063,13.232809360327838
TXN814094243,900.89,P2M,SBI,HDFC,Jaipur,2024-02-24T10:27:38,10,5,0,30.74155340593512,2,0,0,0,0,6.804492561406457,0.38876823999470717,0.49999999999999994,-0.8660254037844387,17.296621362374047
TXN369728345,556.17,QR,BOB,Kotak,Jaipur,2024-06-01T13:29:21,13,5,0,10.421218536347961,3,0,0,0,0,6.3228703998244615,0.43581523882297657,-0.2588190451025208,-0.9659258262890683,11.668487414539186
TXN747185195,3148.98,QR,SBI,PNB,Kolkata,2024-03-20T12:26:04,12,2,0,15.869597159640442,2,0,0,0,0,8.055151382593174,0.08195143912488752,1.2246467991473532e-16,-1.0,11.347838863856177
TXN731563713,6949.0,P2P,PNB,PNB,Lucknow,2024-07-15T17:41:45,17,0,0,41.94936003678913,2,0,0,0,0,8.846496938558838,0.43667102689797277,-0.9659258262890683,-0.25881904510252063,21.779744014715654
TXN263379180,6378.55,Auto-Pay,ICICI,BOB,Jaipur,2024-09-26T17:09:01,17,3,0,24.131862395426012,1,0,0,0,0,8.760852840935913,0.35881665093607246,-0.9659258262890683,-0.25881904510252063,12.152744958170405
TXN718465328,4639.33,Auto-Pay,PNB,HDFC,Pune,2024-05-25T11:23:54,11,5,0,37.8953565812307,3,0,0,0,0,8.442540763381,0.12144985672017904,0.258819045102521,-0.9659258262890682,22.65814263249228
TXN139964050,1012.55,QR,Axis,Kotak,Ahmedabad,2024-03-19T20:34:34,20,1,0,30.329427182471203,1,0,0,0,0,6.9212142986662935,0.3735290084758961,-0.8660254037844386,0.5000000000000001,14.631770872988483
TXN883393968,801.28,P2P,HDFC,PNB,Mumbai,2024-05-22T14:46:48,14,2,0,12.005422134893069,1,0,0,0,0,6.687457674117846,0.4023629010334746,-0.4999999999999997,-0.8660254037844388,7.302168853957228
TXN759328724,853.45,P2P,PNB,ICICI,Delhi,2024-07-15T12:32:23,12,0,0,28.58750004401094,2,0,0,0,0,6.7504579870929176,0.39524279796759265,1.2246467991473532e-16,-1.0,16.435000017604377
TXN476527936,15000.0,QR,Axis,SBI,Ahmedabad,2024-12-02T18:37:21,18,0,0,86.18425554834985,7,1,1,1,1,9.61587214452889,1.5354624737719493,-1.0,-1.8369701987210297e-16,81.97370221933994
TXN646729648,633.88,P2P,SBI,Axis,Delhi,2024-05-16T17:48:09,17,3,0,44.68282377906666,2,0,0,0,0,6.453436004656453,0.42520946521267017,-0.9659258262890683,-0.25881904510252063,22.873129511626665
TXN490845900,5167.73,QR,PNB,Axis,Ahmedabad,2024-05-29T12:56:29,12,2,0,16.509544985850333,3,0,0,1,0,8.550382289357017,0.1935652958616781,1.2246467991473532e-16,-1.0,24.103817994340133
TXN334172583,56.2,Collect,Kotak,ICICI,Hyderabad,2024-11-29T11:12:26,11,4,0,25.00267442725503,2,0,0,0,0,4.046553898385752,0.5040505834625968,0.258819045102521,-0.9659258262890682,15.001069770902014
TXN363514063,243.08,QR,SBI,PNB,Ahmedabad,2024-05-26T12:01:24,12,6,0,14.225939364335899,2,0,0,0,0,5.497496040408414,0.47854541073972895,1.2246467991473532e-16,-1.0,10.690375745734361
TXN261939421,50.0,P2P,HDFC,SBI,Ahmedabad,2024-11-11T08:39:54,8,0,0,16.536146467910456,2,0,0,0,0,3.9318256327243257,0.5048967525062706,0.8660254037844387,-0.4999999999999998,11.614458587164183
TXN512929509,467.39,Collect,ICICI,PNB,Mumbai,2024-11-22T16:30:50,16,4,0,39.45677026399709,2,0,0,0,0,6.149301282221539,0.447931833612875,-0.8660254037844384,-0.5000000000000004,20.782708105598836
TXN896157546,268.12,P2P,ICICI,ICICI,Delhi,2024-12-20T15:30:58,15,4,0,29.323529554358057,1,0,0,0,0,5.5951573767845835,0.47512797963431047,-0.7071067811865471,-0.7071067811865479,14.229411821743223
TXN447550501,25000.0,P2P,Kotak,HDFC,Bangalore,2024-08-02T12:58:43,12,4,0,90.40727692455276,7,1,1,0,1,10.12667110305036,2.90025125389116,1.2246467991473532e-16,-1.0,73.66291076982111
TXN221619115,13454.71,QR,Axis,ICICI,Lucknow,2024-05-08T09:35:32,9,2,0,20.956479173142476,1,1,0,0,0,9.50715883025635,1.3245630283689078,0.7071067811865476,-0.7071067811865475,30.88259166925699
TXN143864137,4659.11,P2M,PNB,HDFC,Delhi,2024-01-18T17:53:59,17,3,0,34.77517362089715,3,0,0,0,0,8.44679433199131,0.1241494089272548,-0.9659258262890683,-0.25881904510252063,21.41006944835886
TXN816211568,2718.24,Auto-Pay,HDFC,PNB,Lucknow,2024-10-12T17:15:12,17,5,0,35.154474309047856,3,0,0,0,0,7.908107708482597,0.14073835103974244,-0.9659258262890683,-0.25881904510252063,21.561789723619142
TXN486187353,125.37,P2P,Axis,PNB,Chennai,2024-01-12T20:42:16,20,4,0,12.923372013800657,2,0,0,0,0,4.839214111770589,0.4946103394705122,-0.8660254037844386,0.5000000000000001,10.169348805520263
TXN607830669,15000.0,QR,PNB,Kotak,Bangalore,2024-05-01T23:56:42,23,2,1,80.89326253245963,10,1,1,1,1,9.61587214452889,1.5354624737719493,-0.25881904510252157,0.9659258262890681,102.35730501298386
TXN573413435,1200.6,P2P,SBI,BOB,Hyderabad,2024-05-05T14:38:49,14,6,0,32.99343046934988,1,0,0,0,0,7.09140928100987,0.34786415546575433,-0.4999999999999997,-0.8660254037844388,15.697372187739953
TXN865740934,7590.26,QR,SBI,BOB,Chennai,2024-11-10T10:56:08,10,6,0,20.156063852876535,2,0,0,0,0,8.934752864517026,0.5241894722118973,0.49999999999999994,-0.8660254037844387,13.062425541150615
TXN449368106,1166.34,QR,BOB,BOB,Lucknow,2024-02-16T08:17:02,8,4,0,23.12251679757651,3,0,0,0,0,7.062482935183652,0.3525399218264427,0.8660254037844387,-0.4999999999999998,16.749006719030604
TXN814599575,6553.92,P2M,ICICI,BOB,Hyderabad,2024-01-17T08:33:50,8,2,0,32.30531800563284,3,0,0,0,0,8.787971191699222,0.38275095177302304,0.8660254037844387,-0.4999999999999998,20.422127202253137
TXN342113740,50.0,P2P,HDFC,HDFC,Pune,2024-05-04T14:40:58,14,5,0,18.830205624146227,3,0,0,0,0,3.9318256327243257,0.5048967525062706,-0.4999999999999997,-0.8660254037844388,15.03208224965849
TXN369534894,1414.44,P2M,Axis,PNB,Kolkata,2024-10-15T15:53:56,15,1,0,43.04928093954746,3,0,0,0,0,7.2551957158047475,0.3186795121916851,-0.7071067811865471,-0.7071067811865479,24.719712375818983
TXN574153580,99.31,QR,HDFC,SBI,Delhi,2024-01-05T20:38:01,20,4,0,37.29100375362121,2,0,0,0,0,4.608265390895394,0.49816697903150287,-0.8660254037844386,0.5000000000000001,19.916401501448483
TXN113685184,50.0,P2M,HDFC,SBI,Delhi,2024-09-09T11:11:36,11,0,0,43.71401202401744,1,0,0,0,0,3.9318256327243257,0.5048967525062706,0.258819045102521,-0.9659258262890682,19.98560480960698
TXN166480743,3742.54,P2P,Kotak,SBI,Delhi,2024-11-07T15:17:26,15,3,0,12.5273948198167,2,0,0,0,0,8.227786966801313,0.0009430362921316525,-0.7071067811865471,-0.7071067811865479,10.010957927926679
TXN340720765,50.0,P2P,ICICI,ICICI,Kolkata,2024-08-02T13:28:24,13,4,0,10.17988696549461,3,0,0,0,0,3.9318256327243257,0.5048967525062706,-0.2588190451025208,-0.9659258262890683,11.571954786197844
TXN521218049,1003.83,QR,HDFC,BOB,Kolkata,2024-08-25T16:15:01,16,6,0,22.018374232453894,3,0,0,0,0,6.91257365195613,0.37471910429216,-0.8660254037844384,-0.5000000000000004,16.30734969298156
TXN312193152,6270.77,Auto-Pay,Kotak,ICICI,Ahmedabad,2024-06-13T11:09:33,11,3,0,26.36087896548509,1,0,0,0,0,8.743813890439482,0.3441069574639476,0.258819045102521,-0.9659258262890682,13.044351586194036
TXN186536189,7628.99,P2M,SBI,PNB,Pune,2024-12-28T18:57:57,18,5,0,31.79667398888841,3,0,0,0,0,8.939841813661655,0.529475299157299,-1.0,-1.8369701987210297e-16,20.218669595555365
TXN842018392,205.85,P2P,BOB,PNB,Chennai,2024-04-08T17:02:58,17,0,0,40.592512065681476,3,0,0,0,0,5.331993892907421,0.4836265193681128,-0.9659258262890683,-0.25881904510252063,23.737004826272592
TXN333346617,852.37,P2P,SBI,SBI,Ahmedabad,2024-07-04T12:09:02,12,3,0,10.654191589170008,2,0,0,0,0,6.749193216632368,0.39539019515584556,1.2246467991473532e-16,-1.0,9.261676635668003
TXN907663237,157.93,P2M,Kotak,HDFC,Bangalore,2024-12-23T10:50:36,10,0,0,31.917524680049084,3,0,0,0,0,5.068463853708728,0.49016658720244405,0.49999999999999994,-0.8660254037844387,20.267009872019635
TXN330265942,5089.62,P2M,Axis,ICICI,Kolkata,2024-03-30T13:58:41,13,5,0,19.030674195366828,3,0,0,0,0,8.53515490959226,0.18290493070016697,-0.2588190451025208,-0.9659258262890683,15.112269678146731
TXN383722225,13235.95,P2M,SBI,PNB,Delhi,2024-10-17T13:47:32,13,3,0,13.417187264176267,1,0,0,0,0,9.49076744041571,1.29470690901502,-0.2588190451025208,-0.9659258262890683,7.866874905670507
TXN866651538,551.11,P2P,Axis,HDFC,Kolkata,2024-10-31T12:50:01,12,3,0,43.15065120150867,3,0,0,0,0,6.313747301786717,0.4365058219457169,1.2246467991473532e-16,-1.0,24.76026048060347
TXN277052823,1061.18,P2P,SBI,Kotak,Bangalore,2024-07-26T12:15:06,12,4,0,13.72288582348353,3,1,0,0,0,6.9680786789652425,0.3668920406381764,1.2246467991473532e-16,-1.0,32.989154329393415
TXN156442312,294.82,P2M,PNB,BOB,Bangalore,2024-06-25T11:14:00,11,1,0,12.269197657516692,2,0,0,0,0,5.689751161243224,0.47148399359139215,0.258819045102521,-0.9659258262890682,9.907679063006677
TXN862242527,277.62,P2M,SBI,ICICI,Chennai,2024-07-25T16:35:07,16,3,0,17.253480491910743,1,0,0,0,0,5.629848846278079,0.47383143029319724,-0.8660254037844384,-0.5000000000000004,9.401392196764299
TXN740554953,9960.74,QR,PNB,PNB,Pune,2024-05-31T13:18:36,13,4,0,44.38824452896135,1,1,0,0,0,9.206507034115766,0.847709922961596,-0.2588190451025208,-0.9659258262890683,40.25529781158454
TXN984699974,906.17,P2M,SBI,SBI,Hyderabad,2024-08-27T09:51:47,9,1,0,25.529550646038373,3,1,0,0,0,6.810329863643634,0.3880476315188042,0.7071067811865476,-0.7071067811865475,37.71182025841535
TXN132364512,234.89,P2P,HDFC,BOB,Delhi,2024-06-27T19:49:41,19,3,0,35.900262947047246,1,0,0,0,0,5.463365594671535,0.4796631727506466,-0.9659258262890684,0.2588190451025203,16.8601051788189
TXN877605388,6089.85,P2P,SBI,SBI,Bangalore,2024-11-26T16:41:47,16,1,0,43.60721725152656,2,0,0,0,0,8.714542924035136,0.31941519885403086,-0.8660254037844384,-0.5000000000000004,22.442886900610628
TXN666582427,644.81,P2P,SBI,BOB,Lucknow,2024-03-02T10:17:49,10,5,0,17.719147586726695,2,0,0,0,0,6.470505342874465,0.4237177510759999,0.49999999999999994,-0.8660254037844387,12.087659034690677
TXN839988960,1004.37,Auto-Pay,Kotak,HDFC,Ahmedabad,2024-06-21T20:31:32,20,4,0,13.785276460828301,3,0,0,0,0,6.9131109119431855,0.37464540569803356,-0.8660254037844386,0.5000000000000001,13.01411058433132
TXN997900938,373.89,P2P,BOB,Kotak,Delhi,2024-10-22T10:51:01,10,1,0,43.68287553420526,3,0,0,0,0,5.92663264960644,0.4606926087069896,0.49999999999999994,-0.8660254037844387,24.973150213682104
TXN546162950,148.23,P2P,BOB,Kotak,Lucknow,2024-06-13T12:24:37,12,3,0,32.697421290918754,3,0,0,0,0,5.0054887399433765,0.4914904323191597,1.2246467991473532e-16,-1.0,20.578968516367503
TXN253040132,2589.38,P2P,Kotak,ICICI,Jaipur,2024-02-18T19:16:27,19,6,0,26.801789560618264,2,0,0,0,0,7.859559862078247,0.15832501926035852,-0.9659258262890684,0.2588190451025203,15.720715824247307
TXN813083474,1376.89,P2P,PNB,BOB,Bangalore,2024-02-08T15:49:57,15,3,0,38.43100145032912,3,0,0,0,0,7.2283086225528095,0.3238042940610327,-0.7071067811865471,-0.7071067811865479,22.872400580131647
TXN336533146,964.39,P2P,SBI,PNB,Mumbai,2024-10-27T12:33:01,12,6,0,18.304861200885178,2,0,0,0,0,6.872532164772081,0.3801018312409502,1.2246467991473532e-16,-1.0,12.321944480354071
TXN417147602,9675.98,P2P,ICICI,PNB,Delhi,2024-08-14T20:15:01,20,2,0,16.64901602645459,1,0,0,0,0,9.177505148122581,0.8088461976589213,-0.8660254037844386,0.5000000000000001,9.159606410581837
TXN119623127,9507.91,P2P,PNB,Kotak,Lucknow,2024-08-11T17:09:27,17,6,0,17.813047560287828,1,0,0,0,0,9.159984532777017,0.7859081926314577,-0.9659258262890683,-0.25881904510252063,9.625219024115133
TXN116310733,8111.5,Collect,SBI,PNB,Lucknow,2024-10-06T09:07:43,9,6,0,44.08572184652739,2,0,0,0,0,9.001161361012345,0.5953277225868311,0.7071067811865476,-0.7071067811865475,22.63428873861096
TXN273305486,821.67,P2P,Kotak,SBI,Bangalore,2024-10-25T20:30:26,20,4,0,10.784906120671929,3,0,0,0,0,6.712555148212817,0.3995800967108115,-0.8660254037844386,0.5000000000000001,11.813962448268772
TXN564949524,2782.97,P2M,BOB,BOB,Hyderabad,2024-03-02T10:45:59,10,5,0,30.043184319222437,2,0,0,0,0,7.931633245534181,0.13190407326603076,0.49999999999999994,-0.8660254037844387,17.017273727688973
TXN757717275,61.75,P2M,ICICI,Kotak,Hyderabad,2024-03-07T20:48:43,20,3,0,28.450193356884263,3,0,0,0,0,4.139158578011894,0.5032931256896306,-0.8660254037844386,0.5000000000000001,18.880077342753708
TXN344759007,583.97,QR,SBI,PNB,Bangalore,2024-09-29T20:14:12,20,6,0,23.80808599366962,2,0,0,1,0,6.371560563865605,0.4320211260142452,-0.8660254037844386,0.5000000000000001,24.52323439746785
TXN679279948,1229.02,P2M,Kotak,BOB,Chennai,2024-02-12T18:45:07,18,0,0,27.92110665420214,2,0,0,0,0,7.1147857083968695,0.3439854257526555,-1.0,-1.8369701987210297e-16,16.168442661680857
TXN915769496,9042.72,QR,PNB,PNB,Bangalore,2024-12-20T15:07:58,15,4,0,41.896871652752075,2,0,0,0,0,9.109825873166276,0.7224195833690922,-0.7071067811865471,-0.7071067811865479,21.75874866110083
TXN685409294,407.47,P2M,BOB,SBI,Ahmedabad,2024-01-14T14:47:16,14,6,0,44.97069142535017,3,0,0,0,0,6.012418472190768,0.4561096479833493,-0.4999999999999997,-0.8660254037844388,25.48827657014007
TXN812680773,2299.42,QR,PNB,BOB,Lucknow,2024-08-04T11:23:02,11,6,0,42.32298676882922,3,0,0,0,0,7.740846993941955,0.19789843472869517,0.258819045102521,-0.9659258262890682,24.42919470753169
TXN923866058,3899.74,Auto-Pay,SBI,ICICI,Kolkata,2024-11-18T11:03:10,11,0,0,26.330750570246682,1,0,0,0,0,8.268921557708444,0.020511443331342315,0.258819045102521,-0.9659258262890682,13.032300228098674
TXN631275310,588.67,P2P,Axis,Kotak,Ahmedabad,2024-10-17T12:54:16,12,3,0,14.16414808014515,2,0,0,0,0,6.379563058386947,0.43137967528758914,1.2246467991473532e-16,-1.0,10.665659232058061
TXN772230725,40000.0,QR,Kotak,PNB,Mumbai,2024-09-26T23:12:03,23,3,1,71.69236426352145,11,0,1,0,1,10.596659732783579,4.947434424069976,-0.25881904510252157,0.9659258262890681,71.17694570540858
TXN600229623,96.75,P2M,BOB,ICICI,Delhi,2024-11-05T10:15:40,10,1,0,20.78212771483362,3,0,0,0,0,4.582413198865475,0.49851636495921337,0.49999999999999994,-0.8660254037844387,15.812851085933449
TXN665468129,84.09,P2M,BOB,BOB,Hyderabad,2024-01-12T18:04:40,18,4,0,28.30862266543133,3,1,0,0,0,4.443709519861466,0.5002441875548442,-1.0,-1.8369701987210297e-16,38.82344906617253
TXN479870763,944.62,P2P,BOB,PNB,Bangalore,2024-09-04T19:32:37,19,2,0,30.470989256434443,2,0,0,0,0,6.85184079702038,0.38280001865924584,-0.9659258262890684,0.2588190451025203,17.18839570257378
TXN252350363,222.65,P2P,PNB,SBI,Chennai,2024-11-17T11:26:35,11,6,0,25.524136139924675,3,0,0,0,0,5.410082329878857,0.4813336742175125,0.258819045102521,-0.9659258262890682,17.70965445596987
TXN443993213,1382.39,Auto-Pay,ICICI,PNB,Chennai,2024-07-22T12:01:53,12,0,0,15.519103522560155,1,0,0,0,0,7.232292287573061,0.3230536602319672,1.2246467991473532e-16,-1.0,8.707641409024063
TXN322370516,598.19,P2M,Axis,Kotak,Lucknow,2024-10-13T12:02:20,12,6,0,25.83389567274022,3,0,0,0,0,6.39557874314519,0.43008039636891565,1.2246467991473532e-16,-1.0,17.833558269096088
TXN173887970,14250.06,P2P,Axis,Axis,Pune,2024-05-14T20:44:20,20,1,0,26.370629489006465,3,0,0,1,0,9.56458656889521,1.4331115039956892,-0.8660254037844386,0.5000000000000001,28.04825179560259
TXN229744026,342.52,P2P,ICICI,Axis,Kolkata,2024-11-05T10:23:48,10,1,0,35.413925780492946,1,0,0,0,0,5.839245334130471,0.46497395111022355,0.49999999999999994,-0.8660254037844387,16.66557031219718
TXN744918254,967.23,P2P,BOB,HDFC,Jaipur,2024-08-27T15:02:01,15,1,0,40.45642900903404,1,0,0,0,0,6.875469662359167,0.37971423122739634,-0.7071067811865471,-0.7071067811865479,18.682571603613617
TXN677585149,458.51,QR,SBI,SBI,Lucknow,2024-10-04T18:17:09,18,4,0,31.589368182080737,3,0,0,1,0,6.130160704344572,0.4491437660496208,-1.0,-1.8369701987210297e-16,30.135747272832297
TXN800791554,22193.52,P2M,Kotak,Kotak,Chennai,2024-04-14T10:00:20,10,6,0,36.497842071485955,3,0,0,0,0,10.007600690541826,2.5172260123282637,0.49999999999999994,-0.8660254037844387,22.099136828594382
TXN900666959,245.08,QR,PNB,ICICI,Lucknow,2024-01-25T17:53:15,17,3,0,17.14225359913102,3,0,0,1,0,5.50565668631728,0.47827245298370513,-0.9659258262890683,-0.25881904510252063,24.356901439652408
TXN924807202,494.57,P2M,Kotak,Axis,Lucknow,2024-06-09T17:02:22,17,6,0,42.26072197269075,3,0,0,0,0,6.205708615235159,0.4442223377085109,-0.9659258262890683,-0.25881904510252063,24.4042887890763
TXN369344701,338.57,QR,BOB,ICICI,Jaipur,2024-04-17T19:51:31,19,2,0,22.67938304845069,1,0,0,0,0,5.827680111312438,0.46551304267837057,-0.9659258262890684,0.2588190451025203,11.571753219380275
TXN959698775,65.11,Auto-Pay,SBI,Axis,Pune,2024-10-30T09:52:22,9,2,0,14.847345445155579,2,0,0,0,0,4.191320021345486,0.5028345566595105,0.7071067811865476,-0.7071067811865475,10.938938178062232
TXN589898049,7225.87,Auto-Pay,SBI,Axis,Pune,2024-06-28T18:45:21,18,4,0,26.448420220703994,1,0,0,0,0,8.885561303021014,0.47445793385313334,-1.0,-1.8369701987210297e-16,13.079368088281598
TXN653831323,172.27,QR,HDFC,HDFC,Jaipur,2024-02-07T14:19:05,14,2,0,20.597075732484235,1,0,0,0,0,5.154851071522756,0.4882094800917531,-0.4999999999999997,-0.8660254037844388,10.738830292993695
TXN661892531,2815.87,P2P,Kotak,BOB,Pune,2024-09-19T19:57:35,19,3,0,44.15581646918747,2,0,0,0,0,7.943381618426697,0.12741391817943856,-0.9659258262890684,0.2588190451025203,22.66232658767499
TXN836353837,3894.65,Auto-Pay,SBI,SBI,Hyderabad,2024-02-16T16:20:46,16,4,0,16.61525462076477,3,0,0,0,0,8.267615824998002,0.019816765842261677,-0.8660254037844384,-0.5000000000000004,14.146101848305907
TXN173077669,151.11,P2M,Kotak,SBI,Chennai,2024-06-15T12:51:56,12,5,0,43.83982812856207,2,0,0,0,0,5.024603943323652,0.4910973731504853,1.2246467991473532e-16,-1.0,22.535931251424827
TXN943502116,7358.19,QR,BOB,SBI,Bangalore,2024-12-02T12:21:17,12,0,0,33.50961394053048,3,0,0,0,0,8.903705151318672,0.4925168189916707,1.2246467991473532e-16,-1.0,20.90384557621219
TXN542592078,2622.75,P2P,SBI,PNB,Kolkata,2024-07-13T09:22:15,9,5,0,44.194389876356055,1,0,0,0,0,7.872359871134843,0.15377071910110074,0.7071067811865476,-0.7071067811865475,20.177755950542423
TXN875895901,9590.71,Collect,SBI,HDFC,Chennai,2024-07-12T13:58:17,13,4,0,14.712459855289508,1,0,0,0,0,9.168654462722367,0.7972086437308448,-0.2588190451025208,-0.9659258262890683,8.384983942115802
TXN860767679,4084.62,P2M,Axis,ICICI,Kolkata,2024-07-02T19:53:28,19,1,0,43.415436290098185,2,0,0,0,0,8.315228770563277,0.045743658298186295,-0.9659258262890684,0.2588190451025203,22.366174516039276
TXN535479140,1764.28,P2P,ICICI,PNB,Jaipur,2024-07-22T13:50:27,13,0,0,37.24639189703147,2,0,0,0,0,7.476064597011996,0.27093374150799465,-0.2588190451025208,-0.9659258262890683,19.89855675881259
TXN888958555,848.31,P2P,HDFC,SBI,Lucknow,2024-02-21T12:45:58,12,2,0,22.370181420305798,3,0,0,0,0,6.744424255119095,0.39594429940057396,1.2246467991473532e-16,-1.0,16.44807256812232
TXN468698015,382.2,P2M,HDFC,SBI,Lucknow,2024-09-20T16:19:20,16,4,0,37.12677170812666,1,0,0,0,0,5.948557046096705,0.45955846923071053,-0.8660254037844384,-0.5000000000000004,17.350708683250666
TXN144433999,50.0,P2M,Kotak,Axis,Mumbai,2024-08-22T16:52:28,16,3,0,32.77809415501829,1,0,0,0,0,3.9318256327243257,0.5048967525062706,-0.8660254037844384,-0.5000000000000004,15.611237662007316
TXN216458258,35000.0,P2P,BOB,ICICI,Kolkata,2024-12-26T01:30:04,1,3,1,90.61357686906722,16,0,1,1,1,10.463131911491967,4.2650400340103705,0.25881904510252074,0.9659258262890683,101.2454307476269
TXN865496611,975.84,P2P,Kotak,Kotak,Hyderabad,2024-05-05T10:27:49,10,6,0,25.47290560162722,2,0,0,0,0,6.884322871999015,0.37853914808771366,0.49999999999999994,-0.8660254037844387,15.189162240650889
TXN783684019,187.59,P2P,Axis,ICICI,Lucknow,2024-06-03T13:16:35,13,0,0,25.54643817725265,3,0,0,0,0,5.239575346524274,0.48611862368061043,-0.2588190451025208,-0.9659258262890683,17.718575270901063
TXN567043779,1434.06,P2P,PNB,PNB,Kolkata,2024-04-24T12:01:58,12,2,0,13.527616109260208,3,0,0,0,0,7.268961939166321,0.3160017966050912,1.2246467991473532e-16,-1.0,12.911046443704084
TXN296300704,7596.3,QR,HDFC,ICICI,Mumbai,2024-10-27T11:07:57,11,6,0,26.671413987160218,3,0,0,0,0,8.935548199995623,0.5250138046350893,0.258819045102521,-0.9659258262890682,18.168565594864088
TXN416013262,549.83,QR,Kotak,PNB,Pune,2024-08-28T20:06:25,20,2,0,21.148601402044125,1,0,0,0,0,6.311426231602205,0.43668051490957216,-0.8660254037844386,0.5000000000000001,10.95944056081765
TXN477326095,1269.77,P2P,Axis,PNB,Hyderabad,2024-12-09T23:54:13,23,0,1,78.61566642781206,10,1,0,1,1,7.147378294940125,0.33842391147366974,-0.25881904510252157,0.9659258262890681,101.44626657112482
TXN635688703,30000.0,QR,BOB,PNB,Chennai,2024-08-23T17:00:13,17,4,0,67.70900677033124,8,1,1,1,1,10.308985993422082,3.5826456439507655,-0.9659258262890683,-0.25881904510252063,77.0836027081325
TXN903803234,315.03,P2P,SBI,Kotak,Ahmedabad,2024-08-16T12:31:32,12,4,0,25.32261792730433,1,0,0,0,0,5.7558371457895685,0.4687257554667712,1.2246467991473532e-16,-1.0,12.629047170921732
TXN889765115,99.52,P2P,HDFC,BOB,Mumbai,2024-07-07T09:36:20,9,6,0,28.043323989828703,2,0,0,0,0,4.610356712675391,0.49813831846712037,0.7071067811865476,-0.7071067811865475,16.21732959593148
TXN890450238,7060.52,P2M,Kotak,Axis,Ahmedabad,2024-05-06T13:04:47,13,0,0,38.41515949414044,2,0,0,0,0,8.862415604764543,0.45189115137386227,-0.2588190451025208,-0.9659258262890683,20.366063797656174
TXN297453577,606.38,P2P,SBI,BOB,Bangalore,2024-06-04T15:54:57,15,1,0,11.08831176800696,1,0,0,0,0,6.409154624838715,0.42896263435799803,-0.7071067811865471,-0.7071067811865479,6.935324707202784
TXN186734555,392.53,P2M,PNB,Axis,Hyderabad,2024-06-04T13:21:33,13,1,0,23.34323149799863,1,0,0,0,0,5.975157303833252,0.4581486424208473,-0.2588190451025208,-0.9659258262890683,11.837292599199452
TXN211119066,1162.3,P2P,Axis,Axis,Pune,2024-10-23T01:27:29,1,2,1,65.87778158444718,11,1,0,0,1,7.059016072822721,0.35309129649361093,0.25881904510252074,0.9659258262890683,88.85111263377887
TXN328741809,7268.15,P2P,BOB,Axis,Mumbai,2024-05-13T10:13:08,10,0,0,25.09633660581821,3,0,0,1,0,8.891394644847457,0.48022826081547737,0.49999999999999994,-0.8660254037844387,27.538534642327285
TXN665770780,2088.96,QR,Axis,ICICI,Mumbai,2024-08-23T18:21:21,18,4,0,17.472897820873516,3,0,0,0,0,7.644900206019727,0.22662177939508407,-1.0,-1.8369701987210297e-16,14.489159128349407
TXN495931498,224.13,Auto-Pay,HDFC,Kotak,Hyderabad,2024-03-09T16:13:38,16,5,0,29.31482675631468,3,0,0,0,0,5.416678013132882,0.48113168547805485,-0.8660254037844384,-0.5000000000000004,19.225930702525872
TXN800914964,50.29,P2P,HDFC,Axis,Lucknow,2024-05-22T14:11:28,14,2,0,30.779702403300213,3,0,0,0,0,3.937495801401177,0.5048571736316472,-0.4999999999999997,-0.8660254037844388,19.811880961320085
TXN694804802,50.0,P2P,PNB,SBI,Chennai,2024-04-20T09:28:12,9,5,0,10.032529590448638,1,0,0,0,0,3.9318256327243257,0.5048967525062706,0.7071067811865476,-0.7071067811865475,6.513011836179455
TXN336078466,16074.53,QR,ICICI,SBI,Ahmedabad,2024-04-29T12:17:46,12,0,0,15.408229049668165,3,0,0,0,0,9.685053519013318,1.682113122562099,1.2246467991473532e-16,-1.0,13.663291619867266
TXN407642140,22606.05,Auto-Pay,SBI,Axis,Bangalore,2024-10-20T09:29:53,9,6,0,43.321216009578,3,0,0,0,0,10.026017083517713,2.5735276438745216,0.7071067811865476,-0.7071067811865475,24.828486403831203
TXN462872864,10000.0,P2P,SBI,HDFC,Ahmedabad,2024-05-03T00:10:32,0,4,1,67.55257912899351,8,0,1,0,1,9.210440366976517,0.853068083712344,0.0,1.0,62.02103165159741
TXN278769896,6539.2,P2M,Axis,Axis,Chennai,2024-10-04T14:24:02,14,4,0,29.337512242844436,3,0,0,0,0,8.78572302502341,0.38074198268868753,-0.4999999999999997,-0.8660254037844388,19.235004897137777
TXN686094451,16906.18,P2P,Kotak,Kotak,Hyderabad,2024-09-12T08:52:09,8,3,0,18.27027621668659,3,0,0,0,0,9.735493662758083,1.7956157814607132,0.8660254037844387,-0.4999999999999998,14.808110486674636
TXN328848484,9788.11,P2P,PNB,ICICI,Ahmedabad,2024-08-06T20:18:20,20,1,0,27.707403005123787,1,0,0,0,0,9.189025822301165,0.8241495742503981,-0.8660254037844386,0.5000000000000001,13.582961202049516
TXN950722796,123.78,QR,ICICI,HDFC,Kolkata,2024-07-24T17:44:43,17,2,0,23.93523227330173,2,0,0,0,0,4.82655218668264,0.4948273408865511,-0.9659258262890683,-0.25881904510252063,14.574092909320692
TXN902391029,610.09,P2P,ICICI,PNB,Hyderabad,2024-03-18T08:07:33,8,0,0,34.681614262107416,2,0,0,0,0,6.4152442478330896,0.4284562977205738,0.8660254037844387,-0.4999999999999998,18.872645704842967
TXN307801937,2699.42,P2M,SBI,BOB,Kolkata,2024-06-17T10:43:49,10,0,0,13.926172635457494,1,0,0,0,0,7.901162595450465,0.14330688352392673,0.49999999999999994,-0.8660254037844387,8.070469054182997
TXN172271394,679.8,QR,Kotak,Axis,Delhi,2024-05-12T12:48:21,12,6,0,30.855704280256248,1,0,0,0,0,6.523268577259164,0.41894235513436284,1.2246467991473532e-16,-1.0,14.8422817121025
TXN489596432,55.39,P2P,HDFC,PNB,Jaipur,2024-10-20T10:50:14,10,6,0,41.16845482589632,1,0,0,0,0,4.03229183781909,0.5041611313537865,0.49999999999999994,-0.8660254037844387,18.967381930358528
TXN540852756,602.52,QR,SBI,Kotak,Chennai,2024-05-26T20:03:13,20,6,0,41.72564961629152,2,0,0,0,0,6.402779180005038,0.42948944282712403,-0.8660254037844386,0.5000000000000001,21.690259846516607
TXN792515371,15000.0,P2P,Kotak,PNB,Ahmedabad,2024-12-06T09:40:12,9,4,0,94.4699042152011,10,0,1,1,1,9.61587214452889,1.5354624737719493,0.7071067811865476,-0.7071067811865475,72.78796168608045
TXN530145062,114.71,P2P,HDFC,Axis,Chennai,2024-11-22T09:27:13,9,4,0,30.099071505050222,3,1,0,0,0,4.7510870608882465,0.49606520431011925,0.7071067811865476,-0.7071067811865475,39.53962860202009
TXN430414478,2905.77,P2P,Axis,SBI,Kolkata,2024-02-19T11:59:18,11,0,0,40.15800222612336,1,0,0,0,0,7.9747977780617285,0.11514446704616685,0.258819045102521,-0.9659258262890682,18.563200890449345
TXN403295686,30000.0,P2P,PNB,Kotak,Kolkata,2024-04-03T18:52:41,18,2,0,83.82466460766807,8,1,1,1,1,10.308985993422082,3.5826456439507655,-1.0,-1.8369701987210297e-16,83.52986584306723
TXN710655923,59.19,P2M,ICICI,BOB,Pune,2024-07-31T20:09:37,20,2,0,34.91267939644577,3,0,0,0,0,4.0975062255596795,0.5036425116173411,-0.8660254037844386,0.5000000000000001,21.465071758578308
TXN201182853,50.0,P2M,ICICI,HDFC,Jaipur,2024-06-20T15:35:34,15,3,0,17.00908083086062,3,0,0,0,0,3.9318256327243257,0.5048967525062706,-0.7071067811865471,-0.7071067811865479,14.303632332344247
TXN811789063,1449.71,QR,HDFC,Kotak,Chennai,2024-05-02T08:01:17,8,3,0,19.59289182313843,3,0,0,0,0,7.27980837074506,0.3138659021642046,0.8660254037844387,-0.4999999999999998,15.337156729255373
TXN512212450,158.45,Collect,Axis,Axis,Kolkata,2024-03-21T13:35:35,13,3,0,38.94126318389565,2,0,0,0,0,5.0717303934560665,0.4900956181858779,-0.2588190451025208,-0.9659258262890683,20.57650527355826
TXN123860987,8947.58,P2P,Kotak,Kotak,Delhi,2024-12-02T11:34:30,11,0,0,12.545278693364184,1,0,0,0,0,9.099250139463319,0.709434982915038,0.258819045102521,-0.9659258262890682,7.518111477345673
TXN158919120,50.0,P2M,HDFC,HDFC,Lucknow,2024-09-17T13:31:02,13,1,0,25.223227203617355,3,0,0,0,0,3.9318256327243257,0.5048967525062706,-0.2588190451025208,-0.9659258262890683,17.589290881446942
TXN882140415,355.46,P2M,ICICI,HDFC,Lucknow,2024-07-08T10:52:45,10,0,0,34.89834272207345,3,0,0,0,0,5.876222031595705,0.46320791442874926,0.49999999999999994,-0.8660254037844387,21.45933708882938
TXN769379680,50.0,P2M,HDFC,Axis,Mumbai,2024-07-26T17:57:42,17,4,0,18.67519787943563,1,0,0,0,0,3.9318256327243257,0.5048967525062706,-0.9659258262890683,-0.25881904510252063,9.970079151774252
TXN690556066,726.54,QR,Kotak,BOB,Lucknow,2024-09-11T15:38:36,15,2,0,30.349740062841605,1,0,0,0,0,6.589668980352017,0.4125633323760856,-0.7071067811865471,-0.7071067811865479,14.639896025136643
TXN983329130,916.8,P2P,PNB,SBI,Lucknow,2024-06-20T02:31:21,2,3,1,89.9246663267823,13,0,0,1,1,6.821979501960733,0.38659686104553753,0.49999999999999994,0.8660254037844387,93.46986653071292
TXN578251346,312.27,P2M,Axis,Axis,Chennai,2024-05-29T18:22:03,18,2,0,41.51544840860218,2,0,0,0,0,5.747065438505817,0.46910243717008415,-1.0,-1.8369701987210297e-16,21.606179363440873
TXN351735752,2327.36,Collect,BOB,PNB,Bangalore,2024-11-09T14:36:13,14,5,0,21.876506255900267,3,0,0,0,0,7.752919436071181,0.19408521487704208,-0.4999999999999997,-0.8660254037844388,16.25060250236011
TXN638969641,155.59,P2M,Kotak,Kotak,Pune,2024-10-31T16:15:46,16,3,0,40.00308280794269,2,0,0,0,0,5.053630924557352,0.4904859477769919,-0.8660254037844384,-0.5000000000000004,21.001233123177077
TXN116448425,390.96,QR,ICICI,HDFC,Jaipur,2024-01-16T15:21:20,15,1,0,19.40963598584952,2,0,0,0,0,5.971159793767618,0.45836291425932607,-0.7071067811865471,-0.7071067811865479,12.763854394339809
TXN543993840,440.5,P2M,SBI,Axis,Mumbai,2024-11-07T17:44:05,17,3,0,34.10777626790694,2,0,0,0,0,6.090178020044014,0.4516017506426155,-0.9659258262890683,-0.25881904510252063,18.643110507162778
TXN388744771,411.24,QR,ICICI,ICICI,Mumbai,2024-05-14T09:50:07,9,1,0,39.08687043140684,2,0,0,0,0,6.021605704019969,0.45559512261324425,0.7071067811865476,-0.7071067811865475,20.634748172562738
TXN605874711,7854.58,P2M,HDFC,PNB,Kolkata,2024-06-08T13:31:54,13,5,0,28.752113942616546,1,0,0,0,0,8.96897938628335,0.5602635692480084,-0.2588190451025208,-0.9659258262890683,14.000845577046618
TXN765366524,363.16,P2M,Axis,HDFC,Hyderabad,2024-09-09T20:53:06,20,0,0,20.22028173146598,2,0,0,1,0,5.897593331497911,0.4621570270680575,-0.8660254037844386,0.5000000000000001,23.088112692586392
TXN834041501,1492.84,P2P,ICICI,ICICI,Delhi,2024-01-28T12:08:58,12,6,0,43.38136940438517,1,0,0,1,0,7.309105264910825,0.3079795681555505,1.2246467991473532e-16,-1.0,29.852547761754067
TXN638007651,169.87,P2P,HDFC,Axis,Mumbai,2024-07-31T14:43:11,14,2,0,21.36201681519516,2,0,0,0,0,5.140903033460182,0.4885370293989817,-0.4999999999999997,-0.8660254037844388,13.544806726078065
TXN564704954,959.74,P2P,BOB,PNB,Ahmedabad,2024-01-10T10:08:06,10,2,0,16.54428893973462,1,0,0,0,0,6.867703820855786,0.3807364580237056,0.49999999999999994,-0.8660254037844387,9.117715575893849
TXN866048559,2925.74,QR,PNB,Kotak,Hyderabad,2024-04-15T08:55:17,8,0,0,14.725576229876935,3,0,0,0,0,7.981644454594741,0.11241898385226881,0.8660254037844387,-0.4999999999999998,13.390230491950774
TXN802168301,13145.04,P2P,SBI,SBI,Mumbai,2024-07-14T15:49:45,15,6,0,24.8916637345622,3,0,0,1,0,9.48387585156954,1.2822996142149563,-0.7071067811865471,-0.7071067811865479,27.45666549382488
TXN631405052,259.72,P2P,ICICI,Axis,Bangalore,2024-11-26T18:54:59,18,1,0,32.70747162222698,1,0,0,0,0,5.563447034529307,0.4762744022096106,-1.0,-1.8369701987210297e-16,15.582988648890794
TXN649580381,15000.0,QR,Kotak,HDFC,Delhi,2024-02-25T11:47:21,11,6,0,93.5931534077867,8,0,1,1,1,9.61587214452889,1.5354624737719493,0.258819045102521,-0.9659258262890682,67.43726136311469
TXN587435014,370.99,QR,HDFC,PNB,Delhi,2024-03-13T10:00:45,10,2,0,23.565181551391948,1,0,0,1,0,5.918866972191396,0.4610883974532241,0.49999999999999994,-0.8660254037844387,21.92607262055678
TXN180440660,282.36,P2M,BOB,Axis,Ahmedabad,2024-07-31T14:13:22,14,2,0,27.668865372566945,2,0,0,0,0,5.646718174034524,0.4731845204114207,-0.4999999999999997,-0.8660254037844388,16.06754614902678
TXN107775398,9500.46,P2P,BOB,HDFC,Delhi,2024-02-21T12:46:42,12,2,0,12.09128470238965,1,0,0,0,0,9.15920074999095,0.7848914249902689,1.2246467991473532e-16,-1.0,7.33651388095586
TXN975269422,50.0,P2P,HDFC,ICICI,Kolkata,2024-01-28T09:34:36,9,6,0,15.941526678063926,2,0,0,0,0,3.9318256327243257,0.5048967525062706,0.7071067811865476,-0.7071067811865475,11.37661067122557
TXN963130845,2166.43,P2P,PNB,Kotak,Pune,2024-05-16T17:38:26,17,3,0,34.39532119917678,1,0,0,1,0,7.681297412862143,0.21604876071550058,-0.9659258262890683,-0.25881904510252063,26.25812847967071
TXN463758858,1215.12,QR,HDFC,BOB,Pune,2024-01-28T14:13:12,14,6,0,12.883360867744372,1,0,0,0,0,7.103420741867672,0.3458824821570212,-0.4999999999999997,-0.8660254037844388,7.653344347097749
TXN798685185,4638.16,QR,SBI,HDFC,Mumbai,2024-05-26T19:39:19,19,6,0,41.081367252604124,1,1,0,0,0,8.442288594348822,0.12129017643290509,-0.9659258262890684,0.2588190451025203,38.93254690104165
TXN568622282,261.2,Auto-Pay,Kotak,PNB,Hyderabad,2024-07-10T13:08:32,13,2,0,33.365768494725465,2,0,0,0,0,5.569107571329599,0.47607241347015294,-0.2588190451025208,-0.9659258262890683,18.346307397890186
TXN185430215,6617.97,P2M,BOB,ICICI,Kolkata,2024-01-03T09:11:23,9,2,0,23.9971247357739,3,0,0,0,0,8.797695047701943,0.3914924239096866,0.7071067811865476,-0.7071067811865475,17.09884989430956
TXN162785833,2158.92,P2P,Axis,ICICI,Pune,2024-07-22T09:45:25,9,0,0,19.81827797935067,1,0,0,0,0,7.677826462955285,0.2170737170893701,0.7071067811865476,-0.7071067811865475,10.427311191740268
TXN720581682,35000.0,P2P,SBI,SBI,Chennai,2024-05-20T23:14:05,23,0,1,74.21242907547155,12,0,1,1,1,10.463131911491967,4.2650400340103705,-0.25881904510252157,0.9659258262890681,84.68497163018861
TXN598764057,128.38,P2P,ICICI,PNB,Pune,2024-10-19T08:28:14,8,5,0,43.06361783917909,1,0,0,0,0,4.862753810615839,0.4941995380476963,0.8660254037844387,-0.4999999999999998,19.725447135671637
TXN308725280,357.83,Auto-Pay,HDFC,SBI,Bangalore,2024-07-22T20:43:18,20,0,0,24.72616958264227,2,0,0,0,0,5.882848738729483,0.462884459487861,-0.8660254037844386,0.5000000000000001,14.89046783305691
TXN633903540,1571.25,P2M,Kotak,Kotak,Mumbai,2024-04-06T13:15:30,13,5,0,35.67061420394023,2,0,0,1,0,7.360262993423612,0.29727825933063573,-0.2588190451025208,-0.9659258262890683,29.268245681576094
TXN585174202,6783.59,QR,Axis,HDFC,Pune,2024-03-24T17:20:00,17,6,0,35.468009352416416,1,1,0,0,0,8.822409143029748,0.4140960556860209,-0.9659258262890683,-0.25881904510252063,36.68720374096657
TXN728155074,1262.42,Auto-Pay,ICICI,Kotak,Pune,2024-03-24T20:45:49,20,6,0,11.70887966173177,2,0,0,0,0,7.141577608638495,0.3394270312270573,-0.8660254037844386,0.5000000000000001,9.683551864692708
TXN473955199,5191.3,P2P,Axis,ICICI,Bangalore,2024-08-31T16:25:10,16,5,0,18.687925496500316,1,0,0,0,0,8.554932037916506,0.19678210301641916,-0.8660254037844384,-0.5000000000000004,9.975170198600127
TXN401343206,356.32,QR,Axis,BOB,Mumbai,2024-06-10T09:23:48,9,0,0,28.235076053192493,1,0,0,0,0,5.878631738833638,0.463090542593659,0.7071067811865476,-0.7071067811865475,13.794030421276998
TXN412301433,192.62,P2M,SBI,ICICI,Pune,2024-01-04T10:39:57,10,3,0,31.644807912631197,3,0,0,0,0,5.265897475291926,0.4854321349242105,0.49999999999999994,-0.8660254037844387,20.15792316505248
TXN785031319,1804.15,P2P,BOB,Axis,Lucknow,2024-10-20T10:42:52,10,6,0,39.137131604680704,3,0,0,0,0,7.498398969807235,0.26549232864165934,0.49999999999999994,-0.8660254037844387,23.15485264187228
TXN544949126,50.0,QR,BOB,Axis,Delhi,2024-08-29T14:39:20,14,3,0,30.16659144710622,3,0,0,0,0,3.9318256327243257,0.5048967525062706,-0.4999999999999997,-0.8660254037844388,19.56663657884249
TXN583056166,20063.66,P2M,ICICI,Axis,Ahmedabad,2024-04-14T09:59:05,9,6,0,44.683777227489,1,0,0,0,0,9.90671533762847,2.2265451092057935,0.7071067811865476,-0.7071067811865475,20.3735108909956
TXN847228458,430.91,P2P,Kotak,Kotak,Pune,2024-09-30T20:20:11,20,0,0,36.84449770154381,3,0,0,0,0,6.068217233206374,0.45291058308274984,-0.8660254037844386,0.5000000000000001,22.237799080617524
TXN762785675,323.48,P2P,Kotak,SBI,Delhi,2024-07-02T08:31:42,8,1,0,10.298248871255254,3,0,0,0,0,5.782223900962764,0.4675725089475705,0.8660254037844387,-0.4999999999999998,11.619299548502102
TXN988562413,50.0,P2P,Kotak,HDFC,Pune,2024-09-01T10:42:43,10,6,0,25.37247056561601,2,0,0,0,0,3.9318256327243257,0.5048967525062706,0.49999999999999994,-0.8660254037844387,15.148988226246404
TXN186717649,6784.07,P2P,Axis,PNB,Mumbai,2024-10-23T11:36:20,11,2,0,21.086658697363433,3,0,0,0,0,8.82247988909121,0.4141615655474666,0.258819045102521,-0.9659258262890682,15.934663478945373
TXN767511210,112.18,P2M,PNB,Axis,Bangalore,2024-02-27T09:20:37,9,1,0,35.05783087094155,2,0,0,0,0,4.728979471714378,0.49641049587148944,0.7071067811865476,-0.7071067811865475,19.02313234837662
TXN121185116,715.66,P2P,HDFC,Kotak,Delhi,2024-12-05T08:51:02,8,3,0,21.323361480796326,1,0,0,0,0,6.574601530084751,0.4140482225688553,0.8660254037844387,-0.4999999999999998,11.02934459231853
TXN242361293,169.02,Auto-Pay,SBI,Axis,Chennai,2024-12-23T08:24:33,8,0,0,28.417971178830076,2,0,0,0,0,5.135916077189213,0.48865303644529184,0.8660254037844387,-0.4999999999999998,16.36718847153203
TXN601711029,691.84,P2P,ICICI,PNB,Ahmedabad,2024-07-12T20:44:08,20,4,0,23.355800233821228,3,0,0,0,0,6.54079909230208,0.41729914944309926,-0.8660254037844386,0.5000000000000001,16.842320093528492
TXN236530348,402.61,Auto-Pay,HDFC,PNB,Mumbai,2024-06-05T17:54:26,17,2,0,12.561900036867815,1,0,0,0,0,6.000449065179446,0.4567729353304872,-0.9659258262890683,-0.25881904510252063,7.524760014747127
TXN745886823,2409.91,Auto-Pay,ICICI,HDFC,Bangalore,2024-11-08T13:54:36,13,4,0,15.203734021701212,2,0,0,0,0,7.787759548575264,0.18281888349715805,-0.2588190451025208,-0.9659258262890683,11.081493608680486
TXN351013667,5684.71,Auto-Pay,BOB,HDFC,Delhi,2024-04-24T09:14:41,9,2,0,38.82632893126903,1,0,0,0,0,8.645711288448087,0.2641221462162811,0.7071067811865476,-0.7071067811865475,18.030531572507613
TXN743064545,7515.37,P2P,ICICI,PNB,Mumbai,2024-05-07T18:56:14,18,1,0,13.670854014862375,1,0,0,0,0,8.924838587634614,0.5139685690375845,-1.0,-1.8369701987210297e-16,7.96834160594495
TXN570493878,468.77,P2P,PNB,PNB,Bangalore,2024-03-04T19:51:00,19,0,0,13.877436905843501,1,0,0,0,0,6.152243213225462,0.4477434927612185,-0.9659258262890684,0.2588190451025203,8.0509747623374
TXN391510543,1154.23,QR,SBI,ICICI,Kolkata,2024-04-07T14:01:56,14,6,0,26.94805592892677,1,0,0,0,0,7.052054737330446,0.35419268103916707,-0.4999999999999997,-0.8660254037844388,13.27922237157071
TXN456550525,40000.0,P2P,PNB,HDFC,Ahmedabad,2024-11-10T04:42:53,4,6,1,95.57152195802277,13,1,1,1,1,10.596659732783579,4.947434424069976,0.8660254037844386,0.5000000000000001,115.72860878320911
TXN448810661,19440.32,QR,BOB,HDFC,Pune,2024-06-17T15:10:15,15,0,0,34.5075130595867,1,0,0,0,0,9.875155976943814,2.1414723653858427,-0.7071067811865471,-0.7071067811865479,16.30300522383468
TXN664023871,5107.9,P2P,SBI,BOB,Jaipur,2024-01-28T19:18:27,19,6,0,27.80878585681791,2,0,0,0,0,8.538739395837222,0.18539976459022486,-0.9659258262890684,0.2588190451025203,16.123514342727162
TXN830605931,50.0,P2P,ICICI,BOB,Lucknow,2024-10-14T17:26:33,17,0,0,38.567495408585465,1,0,0,0,0,3.9318256327243257,0.5048967525062706,-0.9659258262890683,-0.25881904510252063,17.926998163434185
TXN915667991,630.9,P2M,Kotak,Kotak,Mumbai,2024-10-27T16:12:23,16,6,0,37.558085449221835,3,0,0,0,0,6.448731153779409,0.4256161722691457,-0.8660254037844384,-0.5000000000000004,22.523234179688735
TXN207913887,50.0,P2P,ICICI,BOB,Ahmedabad,2024-02-14T17:34:37,17,2,0,44.80762492534848,2,0,0,0,0,3.9318256327243257,0.5048967525062706,-0.9659258262890683,-0.25881904510252063,22.92304997013939
TXN490915003,7787.81,P2P,HDFC,HDFC,Ahmedabad,2024-03-25T09:39:53,9,0,0,32.221070557405355,3,1,0,0,0,8.960443367247153,0.5511508745631524,0.7071067811865476,-0.7071067811865475,40.38842822296214
TXN295111561,509.39,P2P,ICICI,Axis,Mumbai,2024-04-23T12:38:17,12,1,0,17.71145877031539,2,0,0,0,0,6.235175139362156,0.44219972073637426,1.2246467991473532e-16,-1.0,12.084583508126155
TXN724142860,624.94,P2P,Axis,HDFC,Jaipur,2024-10-12T13:57:01,13,5,0,41.94453536249887,1,0,0,0,0,6.439254519861148,0.42642958638209677,-0.2588190451025208,-0.9659258262890683,19.27781414499955
TXN247089781,653.62,P2P,SBI,Kotak,Jaipur,2024-01-15T20:44:52,20,0,0,42.5184601242171,2,0,0,0,0,6.484054914609818,0.4225153721607149,-0.8660254037844386,0.5000000000000001,22.00738404968684
TXN939664005,1030.97,P2M,Axis,HDFC,Bangalore,2024-09-07T15:55:03,15,5,0,29.581288000833347,3,0,0,0,0,6.939224875851532,0.37101506754291647,-0.7071067811865471,-0.7071067811865479,19.33251520033334
TXN889724231,6806.35,QR,SBI,HDFC,Lucknow,2024-03-10T17:47:53,17,6,0,40.21467693149922,3,0,0,0,0,8.825758189784402,0.4172023149495723,-0.9659258262890683,-0.25881904510252063,23.585870772599687
TXN745643906,24945.01,P2P,ICICI,ICICI,Kolkata,2024-11-02T19:17:05,19,5,0,11.072837577203213,1,0,0,0,0,10.124469168551444,2.8927462803892845,-0.9659258262890684,0.2588190451025203,6.929135030881286
TXN461760036,129.19,P2P,SBI,Kotak,Jaipur,2024-10-23T09:43:39,9,2,0,35.25129601254221,2,0,0,1,0,4.868994921909306,0.49408899015650665,0.7071067811865476,-0.7071067811865475,29.100518405016885
TXN241874838,119.2,P2M,HDFC,PNB,Hyderabad,2024-07-03T10:36:10,10,2,0,16.56284497100293,2,0,0,0,0,4.789157022101107,0.49545241414784574,0.49999999999999994,-0.8660254037844387,11.625137988401173
TXN898899696,669.24,Auto-Pay,BOB,Axis,Mumbai,2024-02-14T14:50:29,14,2,0,39.78956983311224,1,0,0,0,0,6.507635857198725,0.42038357208616867,-0.4999999999999997,-0.8660254037844388,18.4158279332449
TXN429883535,8434.5,P2M,HDFC,SBI,Lucknow,2024-06-27T10:16:12,10,3,0,21.44941811899774,1,0,0,0,0,9.04020427004603,0.6394104001846816,0.49999999999999994,-0.8660254037844387,11.079767247599097
TXN548412350,8282.65,P2P,SBI,HDFC,Hyderabad,2024-05-20T15:07:04,15,0,0,24.248727119396968,2,0,0,0,0,9.022038971502198,0.6186860825585714,-0.7071067811865471,-0.7071067811865479,14.699490847758788
TXN434172004,354.5,P2P,Axis,PNB,Lucknow,2024-05-12T11:44:25,11,6,0,20.874907750311927,2,1,0,0,0,5.873525249243295,0.46333893415164074,0.258819045102521,-0.9659258262890682,33.34996310012477
TXN857410535,264.81,P2P,BOB,ICICI,Lucknow,2024-09-05T14:28:12,14,3,0,13.301529464158383,3,0,0,0,0,5.58278176784383,0.4755797247205299,-0.4999999999999997,-0.8660254037844388,12.820611785663353
TXN969146013,650.26,QR,Axis,HDFC,Bangalore,2024-12-26T14:56:44,14,3,0,30.95939914626028,3,0,0,0,0,6.478908948036061,0.422973941190835,-0.4999999999999997,-0.8660254037844388,19.88375965850411
TXN513519519,661.94,P2P,BOB,ICICI,Hyderabad,2024-07-28T18:36:25,18,6,0,17.759035945726808,3,0,0,0,0,6.4966844883531385,0.4213798678956557,-1.0,-1.8369701987210297e-16,14.603614378290724
TXN147087075,630.64,P2M,Axis,HDFC,Hyderabad,2024-07-14T14:18:38,14,6,0,22.891077696914394,1,0,0,0,0,6.448319611598443,0.42565165677742883,-0.4999999999999997,-0.8660254037844388,11.656431078765758
TXN566121087,16958.99,Collect,Kotak,SBI,Delhi,2024-03-22T12:02:22,12,4,0,15.29363900572271,3,0,0,0,0,9.738612319723078,1.8028232310085228,1.2246467991473532e-16,-1.0,13.617455602289084
TXN489998231,4713.56,Auto-Pay,Kotak,Axis,Delhi,2024-12-22T16:23:34,16,6,0,33.7945672965086,3,0,0,0,0,8.45841087151899,0.13158068383500401,-0.8660254037844384,-0.5000000000000004,21.01782691860344
TXN716937173,664.98,P2P,SBI,PNB,Delhi,2024-04-01T20:13:12,20,0,0,39.003931554784344,1,0,0,0,0,6.501259640059449,0.42096497210649947,-0.8660254037844386,0.5000000000000001,18.10157262191374
TXN243684571,189.28,P2P,BOB,HDFC,Hyderabad,2024-07-21T16:27:26,16,6,0,37.299914908725654,1,0,0,0,0,5.248496671564081,0.4858879743767703,-0.8660254037844384,-0.5000000000000004,17.419965963490263
TXN645649612,642.9,P2P,Axis,Axis,Mumbai,2024-02-12T09:47:25,9,0,0,42.98943068108205,1,0,0,0,0,6.467543434544138,0.42397842573300265,0.7071067811865476,-0.7071067811865475,19.69577227243282
TXN413051857,8597.89,Auto-Pay,ICICI,SBI,Jaipur,2024-09-25T16:20:59,16,2,0,20.172503925728588,1,0,0,0,0,9.059388404143938,0.6617096840630493,-0.8660254037844384,-0.5000000000000004,10.569001570291435
TXN506160551,154.61,QR,Kotak,BOB,Kolkata,2024-02-26T12:36:37,12,0,0,23.47702070896549,2,0,0,0,0,5.047352877031418,0.4906196970774436,1.2246467991473532e-16,-1.0,14.390808283586196
TXN515167698,50.0,P2M,ICICI,PNB,Pune,2024-09-15T09:54:32,9,6,0,10.329703992968856,2,0,0,0,0,3.9318256327243257,0.5048967525062706,0.7071067811865476,-0.7071067811865475,9.131881597187544
TXN828414501,185.51,P2P,BOB,BOB,Pune,2024-03-10T19:50:35,19,6,0,32.04334949971412,2,0,0,0,0,5.228484856949356,0.48640249974687527,-0.9659258262890684,0.2588190451025203,17.817339799885648
TXN783923691,5701.88,Auto-Pay,HDFC,Axis,Hyderabad,2024-06-29T20:24:28,20,5,0,15.123401679995597,2,0,0,0,0,8.648726589378088,0.2664654885517458,-0.8660254037844386,0.5000000000000001,11.04936067199824
TXN424416236,532.39,QR,BOB,Axis,Jaipur,2024-01-04T15:28:07,15,3,0,37.20165699081218,2,0,0,0,0,6.279252863915631,0.4390607065421001,-0.7071067811865471,-0.7071067811865479,19.880662796324874
TXN711576361,8296.17,QR,Kotak,SBI,Jaipur,2024-02-03T11:47:59,11,5,0,13.575233538013833,1,0,0,0,0,9.023669771787876,0.6205312769892926,0.258819045102521,-0.9659258262890682,7.930093415205533
TXN826725693,446.64,P2P,Axis,ICICI,Delhi,2024-07-21T11:24:19,11,6,0,26.44965310865054,3,0,0,1,0,6.103989337949827,0.4507637703316223,0.258819045102521,-0.9659258262890682,28.079861243460215
TXN852532861,378.76,P2M,SBI,HDFC,Jaipur,2024-03-31T17:11:34,17,6,0,32.52694541757371,2,0,0,0,0,5.9395394742430625,0.46002795657107154,-0.9659258262890683,-0.25881904510252063,18.010778167029486
TXN657064349,254.56,P2M,HDFC,HDFC,Lucknow,2024-10-19T15:58:11,15,5,0,34.10663018136708,2,0,0,0,0,5.543457215734143,0.4769786332201521,-0.7071067811865471,-0.7071067811865479,18.64265207254683
TXN978096167,56.79,P2P,SBI,ICICI,Mumbai,2024-08-07T19:17:59,19,2,0,20.84930477524145,2,0,0,0,0,4.056815750329687,0.5039700609245698,-0.9659258262890684,0.2588190451025203,13.33972191009658
TXN415572616,21190.41,Auto-Pay,ICICI,BOB,Mumbai,2024-04-19T15:44:27,15,4,0,39.436609526904675,1,0,0,0,0,9.961351189869745,2.3803226850057255,-0.7071067811865471,-0.7071067811865479,18.274643810761873
TXN918079289,278.46,QR,PNB,Axis,Kolkata,2024-05-14T17:19:51,17,1,0,20.739421104239295,3,0,0,0,0,5.632859169652302,0.4737167880356672,-0.9659258262890683,-0.25881904510252063,15.795768441695719
TXN884181502,186.03,QR,PNB,HDFC,Delhi,2024-04-05T08:29:56,8,4,0,29.074928291323946,2,0,0,0,0,5.231269031794909,0.48633153073030905,0.8660254037844387,-0.4999999999999998,16.629971316529577
TXN585375338,198.78,P2M,Axis,Axis,Delhi,2024-09-07T16:19:36,16,5,0,25.11067194631181,1,0,0,0,0,5.2972167611040035,0.48459142503565705,-0.8660254037844384,-0.5000000000000004,12.544268778524724
TXN675998986,331.24,P2P,PNB,SBI,Bangalore,2024-01-27T11:33:13,11,5,0,27.88815704047465,2,0,0,0,0,5.805857599322498,0.46651343285419794,0.258819045102521,-0.9659258262890682,16.15526281618986
TXN384774959,602.06,Collect,SBI,SBI,Bangalore,2024-09-08T15:27:10,15,6,0,35.264043667742236,3,0,0,0,0,6.402016694264703,0.42955222311100955,-0.7071067811865471,-0.7071067811865479,21.605617467096895
TXN495969067,1386.14,P2P,ICICI,Axis,Ahmedabad,2024-10-06T13:33:39,13,6,0,34.61480189147876,3,0,0,0,0,7.234999352495701,0.32254186443942245,-0.2588190451025208,-0.9659258262890683,21.345920756591504
TXN691385618,206.01,P2P,BOB,PNB,Kolkata,2024-12-22T17:14:39,17,6,0,19.638034329997275,2,0,0,0,0,5.332767101277263,0.4836046827476309,-0.9659258262890683,-0.25881904510252063,12.85521373199891
TXN956741539,2220.55,P2P,HDFC,ICICI,Chennai,2024-12-05T18:22:47,18,3,0,11.067478637675848,2,0,0,0,0,7.705960429437555,0.20866252383749537,-1.0,-1.8369701987210297e-16,9.42699145507034
TXN195373383,50.0,P2M,ICICI,HDFC,Kolkata,2024-12-04T09:56:28,9,2,0,28.89175705016233,2,0,0,0,0,3.9318256327243257,0.5048967525062706,0.7071067811865476,-0.7071067811865475,16.556702820064935
TXN666193798,1574.04,P2M,Axis,BOB,Kolkata,2024-04-12T18:20:47,18,4,0,21.616102932716284,1,0,0,0,0,7.362035947762636,0.2968974832609825,-1.0,-1.8369701987210297e-16,11.146441173086513
TXN471017467,287.2,QR,ICICI,Kotak,Ahmedabad,2024-01-13T19:20:09,19,5,0,34.43954077356913,2,0,0,0,0,5.663654683565421,0.47252396264184304,-0.9659258262890684,0.2588190451025203,18.775816309427654
TXN575796770,1779.5,P2M,Axis,SBI,Kolkata,2024-05-15T10:59:41,10,2,0,39.89475991776765,1,0,0,1,0,7.484649502717833,0.2688565329846532,0.49999999999999994,-0.8660254037844387,28.45790396710706
TXN152311991,1037.75,QR,Kotak,Axis,Ahmedabad,2024-08-05T16:44:15,16,0,0,21.5810480692828,2,0,0,0,0,6.945773346169658,0.3700897407499956,-0.8660254037844384,-0.5000000000000004,13.63241922771312
TXN229511438,50.0,P2P,BOB,SBI,Kolkata,2024-05-09T10:26:53,10,3,0,11.147371660422007,2,0,0,0,0,3.9318256327243257,0.5048967525062706,0.49999999999999994,-0.8660254037844387,9.458948664168803
TXN759315588,8905.49,P2M,BOB,HDFC,Delhi,2024-01-09T12:52:51,12,1,0,18.17599031473793,2,0,0,0,0,9.094535503456408,0.7036905869395162,1.2246467991473532e-16,-1.0,12.270396125895171
TXN105022943,375.3,Collect,Axis,Axis,Lucknow,2024-03-08T10:56:12,10,4,0,14.156558126901269,2,0,0,0,0,5.930386697599392,0.46050017348899275,0.49999999999999994,-0.8660254037844387,10.662623250760507
TXN109042600,246.48,QR,SBI,ICICI,Hyderabad,2024-04-15T17:26:13,17,0,0,35.844206687916014,1,0,0,0,0,5.511329770662788,0.4780813825544884,-0.9659258262890683,-0.25881904510252063,16.837682675166405
TXN846884132,1315.66,P2P,Axis,PNB,Chennai,2024-08-14T13:58:35,13,2,0,21.90924674670849,1,0,0,0,0,7.1828535059231005,0.3321608957617026,-0.2588190451025208,-0.9659258262890683,11.263698698683397
TXN382469533,409.12,P2P,ICICI,ICICI,Ahmedabad,2024-11-09T11:03:19,11,5,0,31.35535793646985,1,0,0,0,0,6.01644979980189,0.4558844578346296,0.258819045102521,-0.9659258262890682,15.042143174587942
TXN981785329,1623.62,P2P,PNB,HDFC,Lucknow,2024-09-23T09:49:40,9,0,0,22.087039227421556,1,0,0,0,0,7.393029221263716,0.29013086048915143,0.7071067811865476,-0.7071067811865475,11.334815690968624
TXN809271327,1555.71,QR,HDFC,PNB,Mumbai,2024-02-28T17:06:47,17,2,0,23.8173900346058,1,0,0,0,0,7.350329898866485,0.299399141094941,-0.9659258262890683,-0.25881904510252063,12.026956013842321
TXN732110968,5617.99,P2M,HDFC,ICICI,Ahmedabad,2024-06-15T16:17:35,16,5,0,29.380903511537507,2,0,0,0,0,8.633907211434515,0.2550162754753257,-0.8660254037844384,-0.5000000000000004,16.752361404615
TXN180395195,301.88,P2P,ICICI,Kotak,Hyderabad,2024-07-30T18:35:45,18,1,0,42.66647554489814,3,0,0,0,0,5.7133366874610125,0.470520452712628,-1.0,-1.8369701987210297e-16,24.566590217959256
TXN716202164,7905.59,P2P,Axis,Kotak,Bangalore,2024-02-11T20:19:27,20,6,0,42.50703489543584,2,0,0,0,0,8.975451867937856,0.5672253568153964,-0.8660254037844386,0.5000000000000001,22.002813958174336
TXN615424991,6454.19,P2M,BOB,Axis,Ahmedabad,2024-08-15T16:52:48,16,3,0,20.18651222539129,2,0,0,0,0,8.772639737394417,0.36913991326889406,-0.8660254037844384,-0.5000000000000004,13.074604890156516
TXN858934699,1095.17,P2M,SBI,ICICI,Chennai,2024-01-29T15:13:37,15,0,0,18.319505051332104,3,0,0,0,0,6.999577564968779,0.36225312357455114,-0.7071067811865471,-0.7071067811865479,14.827802020532843
TXN235806022,14847.92,QR,SBI,Kotak,Delhi,2024-03-12T13:48:32,13,1,0,15.076183871765886,3,0,0,0,0,9.605682414313362,1.5147067660038964,-0.2588190451025208,-0.9659258262890683,13.530473548706354
TXN122064334,1046.38,QR,PNB,HDFC,Bangalore,2024-02-23T19:04:29,19,4,0,41.610287053681915,2,0,0,0,0,6.954047086761416,0.36891192803275275,-0.9659258262890684,0.2588190451025203,21.644114821472765
TXN528309608,816.22,P2P,ICICI,HDFC,Ahmedabad,2024-12-09T18:07:52,18,0,0,42.72137569811509,3,0,0,0,0,6.705908336457008,0.40032390659597655,-1.0,-1.8369701987210297e-16,24.588550279246036
TXN579125427,359.96,P2P,HDFC,SBI,Chennai,2024-03-12T15:25:47,15,1,0,20.39985168487885,1,0,0,0,0,5.888767148869639,0.4625937594776956,-0.7071067811865471,-0.7071067811865479,10.65994067395154
TXN949303987,242.98,QR,SBI,Axis,Pune,2024-09-11T19:44:54,19,2,0,20.373932959520594,1,0,0,0,0,5.497086254720592,0.4785590586275301,-0.9659258262890684,0.2588190451025203,10.649573183808238
TXN849062795,636.84,P2P,ICICI,Kotak,Mumbai,2024-07-13T16:33:00,16,5,0,10.147207244905486,1,0,0,1,0,6.45808746819424,0.42480548773375487,-0.8660254037844384,-0.5000000000000004,16.558882897962196
TXN472283347,435.84,Collect,HDFC,ICICI,Jaipur,2024-10-26T15:12:42,15,5,0,25.45607491896379,2,0,0,1,0,6.079566995329528,0.45223774221415103,-0.7071067811865471,-0.7071067811865479,25.182429967585517
TXN339687449,18823.96,P2M,HDFC,BOB,Chennai,2024-02-28T17:40:44,17,2,0,35.585828501039856,3,0,0,0,0,9.84293892783184,2.0573522441344148,-0.9659258262890683,-0.25881904510252063,21.734331400415943
TXN281439029,147.69,P2P,BOB,HDFC,Hyderabad,2024-09-25T08:31:24,8,2,0,14.825095960815908,1,0,0,0,0,5.001863601709132,0.4915641309132861,0.8660254037844387,-0.4999999999999998,8.430038384326362
TXN797755367,10000.0,P2P,ICICI,HDFC,Jaipur,2024-11-13T20:55:53,20,2,0,80.05732983947722,6,0,1,0,1,9.210440366976517,0.853068083712344,-0.8660254037844386,0.5000000000000001,47.022931935790886
TXN975231610,4199.58,P2M,HDFC,BOB,Ahmedabad,2024-07-30T20:17:28,20,1,0,20.202974091420028,2,0,0,0,0,8.342977889975286,0.06143327011443675,-0.8660254037844386,0.5000000000000001,13.081189636568011
TXN298483008,9488.82,P2P,ICICI,BOB,Delhi,2024-02-24T09:01:42,9,5,0,37.32235428932965,3,0,0,0,0,9.157974924090055,0.7833028108502101,0.7071067811865476,-0.7071067811865475,22.42894171573186
TXN254682427,117.66,QR,ICICI,ICICI,Lucknow,2024-09-02T17:45:49,17,0,0,14.079042723536155,2,1,0,0,0,4.776262260830497,0.4956625916199841,-0.9659258262890683,-0.25881904510252063,30.631617089414462
TXN301415372,367.9,Auto-Pay,BOB,SBI,Ahmedabad,2024-04-13T13:32:07,13,5,0,12.767660734182684,1,0,0,1,0,5.91052560460263,0.46151011718628093,-0.2588190451025208,-0.9659258262890683,17.607064293673073
TXN465573694,60.19,Collect,Kotak,ICICI,Jaipur,2024-02-04T12:31:37,12,6,0,41.73644492461361,2,0,0,0,0,4.113983777474449,0.5035060327393291,1.2246467991473532e-16,-1.0,21.694577969845444
TXN391991047,21070.61,P2P,Axis,PNB,Hyderabad,2024-08-31T14:34:01,14,5,0,13.5790636713383,1,0,0,0,0,9.955681915839122,2.363972515419898,-0.4999999999999997,-0.8660254037844388,7.93162546853532
TXN641954552,774.91,P2P,ICICI,Axis,Jaipur,2024-07-07T17:36:02,17,6,0,26.66832591729866,2,0,0,0,0,6.654036534075647,0.405961849046649,-0.9659258262890683,-0.25881904510252063,15.667330366919465
TXN931268571,82.74,P2P,Axis,Axis,Pune,2024-12-22T12:50:12,12,6,0,43.454057720777996,3,0,0,0,0,4.4277167605909975,0.5004284340401605,1.2246467991473532e-16,-1.0,24.881623088311198
TXN927417332,82.54,P2M,ICICI,BOB,Chennai,2024-06-25T12:23:30,12,1,0,40.79949920462927,2,0,0,0,0,4.425325559069029,0.5004557298157628,1.2246467991473532e-16,-1.0,21.31979968185171
TXN681044329,18671.38,P2M,HDFC,Axis,Lucknow,2024-08-15T19:17:57,19,3,0,32.90800633597411,3,0,0,0,0,9.834800705647444,2.036528296927356,-0.9659258262890684,0.2588190451025203,20.663202534389644
TXN676455570,20000.0,P2P,HDFC,HDFC,Lucknow,2024-09-18T02:55:27,2,2,1,94.21762407714769,13,0,1,0,1,9.90353755128617,2.2178568638315546,0.49999999999999994,0.8660254037844387,85.18704963085908
TXN801451022,128.34,QR,PNB,ICICI,Bangalore,2024-09-27T20:48:33,20,4,0,24.399067536577654,3,0,0,0,0,4.862444596018447,0.49420499720281674,-0.8660254037844386,0.5000000000000001,17.259627014631064
TXN158833563,552.1,QR,Axis,Axis,Chennai,2024-05-13T08:27:49,8,0,0,30.114612137182075,2,0,0,0,0,6.315538817000633,0.43637070785648513,0.8660254037844387,-0.4999999999999998,17.045844854872833
TXN269359979,2487.56,P2M,PNB,PNB,Delhi,2024-05-20T11:46:47,11,0,0,22.083048378449035,2,0,0,0,0,7.819459508918133,0.17222129861953236,0.258819045102521,-0.9659258262890682,13.833219351379615
TXN225900331,233.95,QR,HDFC,Kotak,Ahmedabad,2024-01-17T11:03:52,11,2,0,31.27460310908991,1,0,0,0,0,5.459372725548825,0.4797914628959778,0.258819045102521,-0.9659258262890682,15.009841243635965
TXN304778689,670.27,P2M,Kotak,ICICI,Kolkata,2024-03-03T08:48:25,8,6,0,20.844649086364797,1,0,0,0,0,6.509171440537494,0.4202429988418164,0.8660254037844387,-0.4999999999999998,10.83785963454592
TXN414211296,593.15,P2M,PNB,Kotak,Lucknow,2024-09-12T19:45:19,19,3,0,32.6901684860929,2,0,0,0,0,6.387131812736035,0.43076824991409574,-0.9659258262890684,0.2588190451025203,18.07606739443716
TXN480091602,759.84,P2P,PNB,BOB,Delhi,2024-02-09T17:06:10,17,4,0,17.010339803367945,2,0,0,0,0,6.634423086084641,0.4080185857382886,-0.9659258262890683,-0.25881904510252063,11.804135921347179
TXN421923732,79.31,P2P,BOB,ICICI,Pune,2024-11-29T15:45:17,15,4,0,39.02077205982847,3,1,0,1,0,4.38589414620037,0.5008965565917413,-0.7071067811865471,-0.7071067811865479,53.10830882393139
TXN826792681,574.95,P2P,HDFC,SBI,Mumbai,2024-09-23T17:17:52,17,0,0,44.88379087038217,3,0,0,0,0,6.356020851372516,0.43325216549391266,-0.9659258262890683,-0.25881904510252063,25.45351634815287
TXN140744495,1288.99,QR,PNB,Axis,Delhi,2024-02-06T18:58:18,18,1,0,42.47335215766937,3,1,0,0,0,7.162389745387687,0.33580078743828057,-1.0,-1.8369701987210297e-16,44.48934086306775
TXN180694130,724.37,P2P,PNB,Kotak,Bangalore,2024-12-04T11:58:22,11,2,0,41.690605791455496,1,0,0,0,0,6.586681869500629,0.41285949154137147,0.258819045102521,-0.9659258262890682,19.1762423165822
TXN764157414,20000.0,P2P,Kotak,Axis,Kolkata,2024-11-20T00:47:48,0,2,1,95.04865863655647,10,1,1,0,1,9.90353755128617,2.2178568638315546,0.0,1.0,98.01946345462258
TXN607562300,240.91,P2P,SBI,Axis,Ahmedabad,2024-02-24T12:24:19,12,5,0,36.08318485699462,3,0,0,0,0,5.4885657561579775,0.47884156990501486,1.2246467991473532e-16,-1.0,21.933273942797847
TXN434478342,2514.05,P2P,PNB,SBI,Chennai,2024-05-29T10:38:18,10,2,0,16.15414345297237,1,0,0,0,0,7.830047963051927,0.16860597314099654,0.49999999999999994,-0.8660254037844387,8.96165738118895
TXN287117861,50.0,P2M,BOB,SBI,Kolkata,2024-12-06T19:12:26,19,4,0,17.823100485633756,3,0,0,1,0,3.9318256327243257,0.5048967525062706,-0.9659258262890684,0.2588190451025203,24.6292401942535
TXN131176213,179.75,P2P,BOB,HDFC,Kolkata,2024-01-03T13:15:07,13,2,0,32.35002727533166,2,0,0,0,0,5.197114861038874,0.4871886180842239,-0.2588190451025208,-0.9659258262890683,17.940010910132663
TXN458062128,1484.58,QR,Axis,HDFC,Pune,2024-10-05T11:51:03,11,5,0,25.245620530444818,2,0,0,0,0,7.303560547373831,0.30910688368792893,0.258819045102521,-0.9659258262890682,15.098248212177928
TXN874725186,389.82,QR,SBI,PNB,Pune,2024-04-01T13:55:32,13,0,0,27.818791633700254,2,0,0,0,0,5.9682470959317975,0.45851850018025964,-0.2588190451025208,-0.9659258262890683,16.1275166534801
TXN622735781,53.04,P2M,BOB,SBI,Delhi,2024-11-29T09:04:45,9,4,0,22.995001475170902,3,0,0,0,0,3.989724513091998,0.5044818567171144,0.7071067811865476,-0.7071067811865475,16.69800059006836
TXN932983975,6442.66,P2P,PNB,ICICI,Delhi,2024-11-20T13:49:31,13,2,0,20.402706812095957,1,0,0,0,0,8.770851980645421,0.36756631180541666,-0.2588190451025208,-0.9659258262890683,10.661082724838383
TXN854198138,635.32,P2P,Axis,PNB,Lucknow,2024-01-04T19:01:06,19,3,0,35.23083598219428,3,0,0,0,0,6.4557015814593806,0.42501293562833303,-0.9659258262890684,0.2588190451025203,21.59233439287771
TXN483789709,279.84,P2P,BOB,SBI,Ahmedabad,2024-07-01T13:12:43,13,0,0,27.485225744972677,3,0,0,0,0,5.637785112149048,0.4735284471840107,-0.2588190451025208,-0.9659258262890683,18.49409029798907
TXN745748881,403.38,P2P,PNB,HDFC,Chennai,2024-08-03T18:32:54,18,5,0,41.411144819949264,1,0,0,0,0,6.002355029939155,0.456667846594418,-1.0,-1.8369701987210297e-16,19.064457927979706
TXN518545903,80.38,P2M,HDFC,BOB,Pune,2024-04-30T12:37:25,12,1,0,17.042389097230732,3,0,0,0,0,4.399129542573544,0.5007505241922685,1.2246467991473532e-16,-1.0,14.316955638892292
TXN966992362,10000.0,Collect,BOB,ICICI,Delhi,2024-01-20T17:55:40,17,5,0,68.74756591379192,8,1,1,1,1,9.210440366976517,0.853068083712344,-0.9659258262890683,-0.25881904510252063,77.49902636551677
TXN683744277,489.44,P2P,ICICI,SBI,Hyderabad,2024-01-03T20:35:40,20,2,0,31.67685208824348,1,0,0,0,0,6.195302947364186,0.4449224743527121,-0.8660254037844386,0.5000000000000001,15.170740835297392
TXN635723516,206.99,Collect,HDFC,HDFC,Bangalore,2024-07-10T17:05:56,17,2,0,44.3657053723412,3,0,0,0,0,5.337490001622509,0.4834709334471792,-0.9659258262890683,-0.25881904510252063,25.246282148936483
TXN789204860,968.91,P2P,SBI,PNB,Bangalore,2024-04-13T12:08:59,12,5,0,43.398211182282765,1,0,0,0,0,6.877203283687618,0.3794849467123363,1.2246467991473532e-16,-1.0,19.859284472913107
TXN591054255,557.02,P2P,Kotak,ICICI,Lucknow,2024-12-19T10:23:41,10,3,0,23.57357899138259,3,0,0,0,0,6.324394804032898,0.4356992317766665,0.49999999999999994,-0.8660254037844387,16.929431596553037
TXN861081211,8614.6,QR,PNB,Axis,Lucknow,2024-03-11T20:05:46,20,0,0,28.02315730300557,1,0,0,0,0,9.0613297925032,0.6639902461146286,-0.8660254037844386,0.5000000000000001,13.709262921202228
TXN938860258,10000.0,P2P,SBI,Axis,Lucknow,2024-06-28T02:12:01,2,4,1,95.10855294755721,13,1,1,0,1,9.210440366976517,0.853068083712344,0.49999999999999994,0.8660254037844387,105.54342117902289
TXN337954424,9810.18,Collect,PNB,BOB,Mumbai,2024-06-19T19:50:18,19,2,0,43.29493286998582,2,0,0,0,0,9.191277830748735,0.8271616630881212,-0.9659258262890684,0.2588190451025203,22.31797314799433
TXN364971029,2013.99,P2M,ICICI,BOB,Jaipur,2024-01-11T15:11:34,15,3,0,36.51422750003613,3,0,0,0,0,7.608369511589312,0.2368536008796378,-0.7071067811865471,-0.7071067811865479,22.105691000014453
TXN605882996,4567.02,QR,ICICI,SBI,Hyderabad,2024-01-03T20:19:59,20,2,0,24.431751749641684,3,0,0,0,0,8.426835129609975,0.1115810690511371,-0.8660254037844386,0.5000000000000001,17.272700699856674
TXN262353194,1177.4,P2M,BOB,HDFC,Ahmedabad,2024-02-29T13:52:14,13,3,0,37.019761850900466,3,0,0,0,0,7.071912865148421,0.3510304654356308,-0.2588190451025208,-0.9659258262890683,22.307904740360186
TXN407893424,7304.79,Auto-Pay,Axis,ICICI,Bangalore,2024-12-01T12:20:50,12,6,0,44.18056243200143,2,0,0,0,0,8.896422463443631,0.4852288469058342,1.2246467991473532e-16,-1.0,22.672224972800574
TXN273855805,9747.32,Auto-Pay,SBI,BOB,Chennai,2024-02-14T15:52:27,15,2,0,19.75645298140202,3,0,0,0,0,9.18485024145291,0.8185826008162917,-0.7071067811865471,-0.7071067811865479,15.40258119256081
TXN283323161,433.08,P2M,SBI,Kotak,Hyderabad,2024-08-07T15:16:57,15,2,0,15.25281116112767,1,0,0,0,0,6.073228848910621,0.452614423917464,-0.7071067811865471,-0.7071067811865479,8.601124464451068
TXN351356570,50.0,P2M,SBI,Kotak,Jaipur,2024-10-08T20:45:52,20,1,0,12.275082907943201,2,0,0,0,0,3.9318256327243257,0.5048967525062706,-0.8660254037844386,0.5000000000000001,9.910033163177282
TXN405609491,169.82,QR,Axis,HDFC,Ahmedabad,2024-06-07T15:06:25,15,4,0,40.02831808908177,1,0,0,0,0,5.140610370518001,0.48854385334288225,-0.7071067811865471,-0.7071067811865479,18.51132723563271
TXN492521378,51.69,P2P,Axis,ICICI,Chennai,2024-06-28T13:34:02,13,4,0,30.2579969229429,3,0,0,0,0,3.9644256842211942,0.5046661032024305,-0.2588190451025208,-0.9659258262890683,19.603198769177162
TXN268482734,50.0,P2P,ICICI,SBI,Bangalore,2024-08-09T17:05:02,17,4,0,25.510329570921506,1,0,0,0,0,3.9318256327243257,0.5048967525062706,-0.9659258262890683,-0.25881904510252063,12.704131828368602
TXN167033801,4858.11,QR,SBI,BOB,Lucknow,2024-09-05T15:01:50,15,3,0,40.24117816366943,2,0,0,0,0,8.488610572552622,0.1513087056516271,-0.7071067811865471,-0.7071067811865479,21.096471265467773
TXN523055769,8484.29,P2P,HDFC,HDFC,Delhi,2024-07-01T18:11:03,18,0,0,10.76465889113705,3,0,0,0,0,9.046089355045382,0.6462056835208952,-1.0,-1.8369701987210297e-16,11.80586355645482
TXN477478526,100.83,P2P,PNB,PNB,Jaipur,2024-11-13T17:02:08,17,2,0,13.653276259289832,3,1,0,0,0,4.623304756183574,0.49795953113692476,-0.9659258262890683,-0.25881904510252063,32.961310503715936
TXN945691507,280.58,QR,SBI,PNB,Bangalore,2024-12-19T16:22:04,16,3,0,12.918266881906584,2,0,0,0,0,5.640416599034381,0.47342745281428195,-0.8660254037844384,-0.5000000000000004,10.167306752762634
TXN628012044,5420.68,P2P,BOB,SBI,Jaipur,2024-08-28T20:58:41,20,2,0,41.32225044297439,1,0,0,0,0,8.598161009504686,0.22808762805479363,-0.8660254037844386,0.5000000000000001,19.028900177189758
TXN237188135,15000.0,QR,HDFC,SBI,Pune,2024-04-08T03:18:54,3,0,1,67.77851876729606,15,1,1,0,1,9.61587214452889,1.5354624737719493,0.7071067811865476,0.7071067811865476,99.61140750691843
TXN663228673,1247.73,P2P,PNB,HDFC,Lucknow,2024-11-18T11:44:52,11,0,0,32.93136347869036,2,0,0,0,0,7.12988231381849,0.34143190594505246,0.258819045102521,-0.9659258262890682,18.17254539147614
TXN854151548,4993.61,P2P,PNB,PNB,Pune,2024-04-07T08:25:47,8,6,0,17.100468757874733,1,0,0,0,0,8.516114609956324,0.1698015936222424,0.8660254037844387,-0.4999999999999998,9.340187503149894
TXN342318331,547.82,P2M,HDFC,PNB,Ahmedabad,2024-12-14T20:04:24,20,5,0,44.50901803826203,2,0,0,0,0,6.307770518896328,0.43695483745437613,-0.8660254037844386,0.5000000000000001,22.80360721530481
TXN318452620,501.14,Collect,ICICI,BOB,Lucknow,2024-01-17T10:58:37,10,2,0,29.67740906545629,2,0,0,0,0,6.218878965272838,0.4433256714799726,0.49999999999999994,-0.8660254037844387,16.870963626182515
TXN476110063,273.36,Collect,HDFC,Axis,Mumbai,2024-08-15T16:50:52,16,3,0,20.526725052551086,2,0,0,0,0,5.614441112631121,0.474412830313528,-0.8660254037844384,-0.5000000000000004,13.210690021020435
TXN997991876,30000.0,P2P,Axis,Kotak,Delhi,2024-12-20T05:37:30,5,4,1,80.11292636926665,10,0,1,0,1,10.308985993422082,3.5826456439507655,0.9659258262890683,0.25881904510252074,72.04517054770666
TXN967435602,635.77,P2P,Axis,Axis,Chennai,2024-12-22T17:59:49,17,6,0,23.04370763131488,1,0,0,0,0,6.456408522867672,0.4249515201332277,-0.9659258262890683,-0.25881904510252063,11.717483052525953
TXN708631710,16088.19,P2M,HDFC,PNB,Mumbai,2024-07-04T15:51:54,15,3,0,26.63115905243855,1,0,0,0,0,9.685902896892015,1.683977424035742,-0.7071067811865471,-0.7071067811865479,13.152463620975421
TXN731839946,22151.06,P2M,Kotak,PNB,Mumbai,2024-04-11T14:07:26,14,3,0,18.090909050787037,1,0,0,0,0,10.005685773406176,2.5114311191678778,-0.4999999999999997,-0.8660254037844388,9.736363620314815
TXN736320657,1388.15,P2P,PNB,Axis,Chennai,2024-07-08T19:26:52,19,0,0,21.57215342008397,3,0,0,0,0,7.236447328284388,0.3222675418946185,-0.9659258262890684,0.2588190451025203,16.12886136803359
TXN156586535,200.66,P2M,Kotak,SBI,Pune,2024-02-19T11:26:05,11,0,0,21.10569170971703,2,0,0,0,0,5.306583110965069,0.48433484474499466,0.258819045102521,-0.9659258262890682,13.442276683886812
TXN791552460,19126.31,QR,Kotak,Kotak,Ahmedabad,2024-03-13T18:19:37,18,2,0,39.51825582215747,2,0,0,0,0,9.858872435714625,2.0986166329013196,-1.0,-1.8369701987210297e-16,20.80730232886299
TXN417601203,74.26,Auto-Pay,PNB,BOB,Delhi,2024-12-11T19:17:08,19,2,0,33.4820874418722,1,0,0,0,0,4.3209487851652915,0.5015857749257014,-0.9659258262890684,0.2588190451025203,15.892834976748881
TXN577661907,359.42,Auto-Pay,BOB,Axis,Lucknow,2024-09-17T11:48:05,11,1,0,15.20998813824791,2,0,0,0,0,5.887270018090125,0.462667458071822,0.258819045102521,-0.9659258262890682,11.083995255299165
TXN201793423,591.21,P2M,BOB,PNB,Bangalore,2024-12-09T14:54:11,14,0,0,16.9804117954627,1,0,0,0,0,6.38386130171202,0.4310330189374389,-0.4999999999999997,-0.8660254037844388,9.29216471818508
TXN150617103,12771.89,P2P,HDFC,HDFC,Pune,2024-08-22T12:42:03,12,3,0,24.472198437727563,3,0,0,0,0,9.455080235089934,1.2313725208848079,1.2246467991473532e-16,-1.0,17.288879375091028
TXN272725385,1550.86,P2P,HDFC,PNB,Jaipur,2024-05-26T13:56:41,13,6,0,18.820198492398397,3,0,0,0,0,7.347209490488774,0.3000610636532988,-0.2588190451025208,-0.9659258262890683,15.02807939695936
TXN764568897,8607.09,QR,Axis,SBI,Hyderabad,2024-07-23T12:42:38,12,1,0,30.608089908539842,2,0,0,1,0,9.060457737737243,0.6629652897407591,1.2246467991473532e-16,-1.0,27.243235963415938
TXN347995908,306.68,QR,Axis,SBI,Lucknow,2024-12-19T18:53:44,18,3,0,43.04147328388893,1,0,0,0,0,5.72906028184047,0.4698653540981708,-1.0,-1.8369701987210297e-16,19.71658931355557
TXN785591996,890.03,P2P,ICICI,SBI,Mumbai,2024-09-11T12:04:47,12,2,0,40.76426150987936,1,1,0,0,0,6.792378096937656,0.3902504006099166,1.2246467991473532e-16,-1.0,38.805704603951746
TXN292656392,201.03,P2P,Axis,HDFC,Hyderabad,2024-12-22T15:17:35,15,6,0,25.652585896274296,3,0,0,0,0,5.308416201225451,0.4842843475601302,-0.7071067811865471,-0.7071067811865479,17.76103435850972
TXN684357074,50.0,QR,Kotak,Axis,Hyderabad,2024-07-09T19:11:02,19,1,0,20.541145544907558,2,0,0,0,0,3.9318256327243257,0.5048967525062706,-0.9659258262890684,0.2588190451025203,13.216458217963023
TXN494219947,51.04,P2P,SBI,HDFC,Ahmedabad,2024-07-04T11:31:09,11,3,0,30.29918493100645,3,0,0,0,0,3.9520126536443043,0.5047548144731383,0.258819045102521,-0.9659258262890682,19.61967397240258
TXN802989904,654.46,Auto-Pay,Axis,Axis,Ahmedabad,2024-05-18T18:18:49,18,5,0,17.410242497318542,3,0,0,0,0,6.48533727922131,0.42240072990318484,-1.0,-1.8369701987210297e-16,14.464096998927417
TXN220081296,30000.0,P2P,ICICI,SBI,Hyderabad,2024-06-21T01:09:56,1,4,1,76.26922332614663,17,1,1,1,1,10.308985993422082,3.5826456439507655,0.25881904510252074,0.9659258262890683,118.00768933045865
TXN492612609,115.35,Auto-Pay,ICICI,Axis,Hyderabad,2024-02-26T13:56:46,13,0,0,31.91896283963043,1,0,0,0,0,4.756602889748301,0.49597785782819165,-0.2588190451025208,-0.9659258262890683,15.267585135852173
TXN126031148,2573.9,P2P,HDFC,PNB,Pune,2024-10-12T08:42:25,8,5,0,25.09722822532163,2,0,0,0,0,7.853565977392284,0.1604377122919831,0.8660254037844387,-0.4999999999999998,15.038891290128653
TXN136447149,408.38,P2P,Kotak,Axis,Kolkata,2024-11-15T19:22:35,19,4,0,33.47030177894274,2,0,0,0,0,6.014643820055388,0.4559854522043584,-0.9659258262890684,0.2588190451025203,18.388120711577095
TXN367975923,50.0,P2P,ICICI,PNB,Pune,2024-10-10T20:28:09,20,3,0,24.656601344464054,1,0,0,0,0,3.9318256327243257,0.5048967525062706,-0.8660254037844386,0.5000000000000001,12.362640537785623
TXN329800957,58.33,P2P,PNB,BOB,Delhi,2024-06-29T12:17:37,12,5,0,28.591280169208435,3,0,0,0,0,4.083115080270552,0.5037598834524314,1.2246467991473532e-16,-1.0,18.936512067683374
TXN553325975,535.37,P2P,Axis,Kotak,Ahmedabad,2024-09-20T20:22:28,20,4,0,20.532770561333848,1,0,0,0,0,6.284824221431839,0.43865399948562456,-0.8660254037844386,0.5000000000000001,10.71310822453354
TXN573283188,1162.83,Auto-Pay,Kotak,ICICI,Bangalore,2024-01-08T16:33:45,16,0,0,42.64159560096168,2,0,0,0,0,7.059471569515353,0.35301896268826455,-0.8660254037844384,-0.5000000000000004,22.05663824038467
TXN314499204,87.24,P2M,BOB,Kotak,Kolkata,2024-08-13T19:53:13,19,1,0,31.875496976728176,3,0,0,0,0,4.480060374945247,0.49981427908910675,-0.9659258262890684,0.2588190451025203,20.25019879069127
TXN165851178,5385.45,P2M,ICICI,Kotak,Lucknow,2024-08-02T10:49:46,10,4,0,43.70018381058128,3,0,0,0,0,8.591641819825742,0.22327947718243357,0.49999999999999994,-0.8660254037844387,24.980073524232512
TXN696399339,60.53,QR,Axis,ICICI,Kolkata,2024-11-01T17:44:19,17,4,0,36.177463797251065,1,0,0,0,0,4.119524860752399,0.5034596299208052,-0.9659258262890683,-0.25881904510252063,16.970985518900427
TXN244714385,161.31,P2P,PNB,SBI,Lucknow,2024-12-10T14:55:58,14,1,0,38.394517805005286,2,0,0,0,0,5.089508086916979,0.48970528859476375,-0.4999999999999997,-0.8660254037844388,20.357807122002114
TXN105696420,23519.62,P2M,PNB,ICICI,Chennai,2024-09-11T10:12:38,10,2,0,29.98325836396698,3,0,0,0,0,10.065632762209347,2.6982106524598723,0.49999999999999994,-0.8660254037844387,19.493303345586792
TXN843581222,6872.88,P2P,HDFC,Axis,Chennai,2024-04-18T17:45:57,17,3,0,16.46704208987391,1,0,0,0,0,8.835484000172736,0.42628225470370534,-0.9659258262890683,-0.25881904510252063,9.086816835949564
TXN848728590,412.49,Auto-Pay,Kotak,PNB,Pune,2024-05-03T13:58:39,13,4,0,36.81256642467737,1,0,0,0,0,6.024633330374457,0.45542452401572936,-0.2588190451025208,-0.9659258262890683,17.22502656987095
TXN757827147,84.86,P2M,HDFC,HDFC,Jaipur,2024-05-13T19:00:56,19,0,0,36.88025976610475,2,0,0,0,0,4.452718062796414,0.500139098818775,-0.9659258262890684,0.2588190451025203,19.752103906441903
TXN752083857,1342.6,Auto-Pay,BOB,PNB,Kolkata,2024-11-11T09:45:27,9,0,0,18.544939359812467,3,0,0,0,0,7.2031078577381376,0.32848415478806153,0.7071067811865476,-0.7071067811865475,14.917975743924988
TXN671272749,1532.59,P2P,BOB,BOB,Kolkata,2024-03-20T13:12:22,13,2,0,40.78605238491167,1,0,0,0,0,7.335366671105064,0.30255453275457667,-0.2588190451025208,-0.9659258262890683,18.814420953964667
TXN833863708,8449.86,P2P,ICICI,HDFC,Mumbai,2024-12-07T12:00:49,12,5,0,25.062232427564958,3,0,0,0,0,9.04202349032041,0.6415067157509448,1.2246467991473532e-16,-1.0,17.524892971025984
TXN736379023,74.35,P2M,SBI,ICICI,Chennai,2024-08-29T13:02:49,13,3,0,44.468513198266635,2,1,0,0,0,4.3221439250725044,0.5015734918266804,-0.2588190451025208,-0.9659258262890683,42.787405279306654
TXN380904973,22364.35,P2P,HDFC,Axis,Hyderabad,2024-10-28T17:32:37,17,0,0,19.60300232841678,1,0,0,0,0,10.015268165196765,2.54054069905904,-0.9659258262890683,-0.25881904510252063,10.34120093136671
TXN765226491,347.02,Auto-Pay,Kotak,HDFC,Hyderabad,2024-11-12T19:44:46,19,1,0,19.448237227829274,1,1,0,0,0,5.852259949387432,0.4643597961591699,-0.9659258262890684,0.2588190451025203,30.27929489113171
TXN884707127,50.0,Auto-Pay,Kotak,Kotak,Ahmedabad,2024-06-23T08:58:46,8,6,0,15.533494529975703,2,0,0,0,0,3.9318256327243257,0.5048967525062706,0.8660254037844387,-0.4999999999999998,11.213397811990282
TXN378586048,157.84,Auto-Pay,BOB,Axis,Bangalore,2024-01-23T14:19:38,14,1,0,14.22146810537395,3,0,0,1,0,5.067897406263051,0.49017887030146506,-0.4999999999999997,-0.8660254037844388,23.18858724214958
TXN556715202,314.36,P2M,PNB,Axis,Ahmedabad,2024-11-08T17:24:53,17,4,0,44.503186229757205,2,0,0,0,0,5.75371484340441,0.4688171963150392,-0.9659258262890683,-0.25881904510252063,22.801274491902884
TXN712274458,810.89,Auto-Pay,HDFC,ICICI,Delhi,2024-05-15T19:45:20,19,2,0,33.25171955617972,3,0,0,0,0,6.699364863004766,0.40105133901578005,-0.9659258262890684,0.2588190451025203,20.80068782247189
TXN745313873,9093.54,P2P,Kotak,SBI,Mumbai,2024-12-19T12:18:31,12,3,0,16.360532856929755,2,0,0,0,0,9.11542951243291,0.7293554399496581,1.2246467991473532e-16,-1.0,11.544213142771902
TXN542761105,906.92,P2P,Axis,ICICI,Ahmedabad,2024-01-25T20:09:15,20,3,0,42.623599726705564,2,0,0,0,0,6.8111562689928835,0.38794527236029525,-0.8660254037844386,0.5000000000000001,22.049439890682226
TXN496315892,250.99,P2M,Axis,BOB,Lucknow,2024-02-05T10:29:46,10,0,0,21.839577074519042,2,0,0,0,0,5.529389404184368,0.47746586281465464,0.49999999999999994,-0.8660254037844387,13.735830829807616
TXN730759848,6732.49,P2M,Axis,HDFC,Chennai,2024-04-19T12:21:08,12,4,0,22.939595270324986,2,1,0,0,0,8.81484886177724,0.4071219850196117,1.2246467991473532e-16,-1.0,34.175838108129994
TXN120956311,263.75,QR,Axis,HDFC,Hyderabad,2024-03-24T20:46:28,20,6,0,40.21676881227467,2,0,0,0,0,5.578785984481516,0.47572439233122255,-0.8660254037844386,0.5000000000000001,21.08670752490987
TXN227772427,5711.88,P2M,SBI,Kotak,Jaipur,2024-07-26T10:44:54,10,4,0,27.485515415419602,1,0,0,0,0,8.650478553777797,0.267830277331865,0.49999999999999994,-0.8660254037844387,13.494206166167842
TXN546744951,10000.0,QR,SBI,ICICI,Kolkata,2024-08-23T16:41:24,16,4,0,80.44730284399942,7,0,1,1,1,9.210440366976517,0.853068083712344,-0.8660254037844384,-0.5000000000000004,59.67892113759977
TXN138492748,431.36,P2P,Axis,ICICI,Lucknow,2024-01-24T10:36:00,10,2,0,35.76240422080437,1,0,0,0,0,6.0692585745480025,0.45284916758764443,0.49999999999999994,-0.8660254037844387,16.804961688321747
TXN224957105,6988.81,P2M,BOB,Axis,Delhi,2024-10-28T09:23:22,9,0,0,31.73943347903865,1,0,0,0,0,8.852208653170301,0.4421042510316274,0.7071067811865476,-0.7071067811865475,15.195773391615461
TXN668641930,11356.81,P2P,HDFC,SBI,Kolkata,2024-02-02T12:16:34,12,4,0,15.094678670501825,3,0,0,0,0,9.337660892000223,1.0382439901876985,1.2246467991473532e-16,-1.0,13.53787146820073
TXN393650707,469.73,P2P,Kotak,PNB,Pune,2024-10-28T11:01:04,11,0,0,29.958002090133604,1,0,0,0,0,6.154284681239087,0.447612473038327,0.258819045102521,-0.9659258262890682,14.483200836053442
TXN618249986,50.0,P2P,BOB,ICICI,Mumbai,2024-10-05T13:46:28,13,5,0,25.273505623875817,1,0,0,0,0,3.9318256327243257,0.5048967525062706,-0.2588190451025208,-0.9659258262890683,12.609402249550328
TXN501238489,392.56,QR,PNB,HDFC,Ahmedabad,2024-02-10T16:51:08,16,5,0,17.870628213199353,2,0,0,0,0,5.975233533997565,0.458144548054507,-0.8660254037844384,-0.5000000000000004,12.148251285279741
TXN382789945,2845.5,QR,BOB,SBI,Pune,2024-01-17T17:27:56,17,2,0,19.830914557365993,2,0,0,0,0,7.953845448391137,0.12337004902394533,-0.9659258262890683,-0.25881904510252063,12.932365822946398
TXN633830374,50.0,QR,PNB,Kotak,Pune,2024-10-31T15:31:34,15,3,0,37.941037812627,2,1,0,0,0,3.9318256327243257,0.5048967525062706,-0.7071067811865471,-0.7071067811865479,40.1764151250508
TXN920775113,3591.44,QR,SBI,SBI,Delhi,2024-08-03T08:00:55,8,5,0,15.910061478400277,2,0,0,0,0,8.186586916352331,0.021564994759732913,0.8660254037844387,-0.4999999999999998,11.36402459136011
TXN602073266,242.17,P2M,ICICI,BOB,Bangalore,2024-06-01T08:32:46,8,5,0,21.721696512998015,3,0,0,0,0,5.493760787219967,0.4786696065187198,0.8660254037844387,-0.4999999999999998,16.188678605199208
TXN121606232,969.68,P2P,SBI,BOB,Pune,2024-02-01T13:53:30,13,3,0,36.88705829739756,2,0,0,0,0,6.8779968568178615,0.3793798579762671,-0.2588190451025208,-0.9659258262890683,19.754823318959026
TXN791231679,6841.21,P2P,PNB,HDFC,Jaipur,2024-08-24T12:26:18,12,5,0,44.42395524825267,3,0,0,0,0,8.830866057846425,0.4219599686370678,1.2246467991473532e-16,-1.0,25.26958209930107
TXN163929491,194.48,QR,SBI,PNB,Bangalore,2024-01-03T15:40:43,15,2,0,30.662761765345692,3,0,0,0,0,5.275458072401954,0.4851782842111083,-0.7071067811865471,-0.7071067811865479,19.765104706138278
TXN817177131,213.04,P2P,SBI,HDFC,Lucknow,2024-01-10T08:31:50,8,2,0,17.49262184168401,2,1,0,0,0,5.3661629134431035,0.48264523623520705,0.8660254037844387,-0.4999999999999998,31.997048736673605
TXN190776035,5551.7,P2M,Axis,Kotak,Hyderabad,2024-07-22T14:11:11,14,0,0,29.111738832316934,2,0,0,0,0,8.622039574930781,0.24596909065191544,-0.4999999999999997,-0.8660254037844388,16.644695532926775
TXN192006951,203.42,Auto-Pay,Kotak,Kotak,Chennai,2024-12-12T08:54:17,8,3,0,30.472764141866673,3,0,0,0,0,5.32017670090093,0.4839581630416817,0.8660254037844387,-0.4999999999999998,19.68910565674667
TXN222307068,7950.48,P2P,BOB,BOB,Lucknow,2024-08-05T10:45:07,10,0,0,20.648864919341673,2,0,0,0,0,8.981113353844112,0.5733518936493515,0.49999999999999994,-0.8660254037844387,13.259545967736669
TXN149455037,140.18,QR,Axis,Kotak,Mumbai,2024-08-17T16:18:24,16,5,0,39.58233645230803,1,0,0,0,0,4.950035671967326,0.49258908728715567,-0.8660254037844384,-0.5000000000000004,18.33293458092321
TXN714975671,517.43,Auto-Pay,Kotak,PNB,Pune,2024-09-24T10:51:01,10,1,0,30.061280181544692,1,0,0,0,0,6.25080501373401,0.4411024305571584,0.49999999999999994,-0.8660254037844387,14.524512072617878
TXN412957113,1601.12,P2M,PNB,BOB,Mumbai,2024-02-17T16:33:53,16,5,0,40.324529533368846,1,0,0,0,0,7.379083031190004,0.29320163524441967,-0.8660254037844384,-0.5000000000000004,18.62981181334754
TXN514443148,7209.92,P2P,HDFC,BOB,Jaipur,2024-06-23T20:11:04,20,6,0,29.60808920693919,1,0,0,0,0,8.883351822693522,0.47228109574884325,-0.8660254037844386,0.5000000000000001,14.343235682775678
TXN522429381,8139.33,P2P,BOB,BOB,Kolkata,2024-10-06T20:52:52,20,6,0,26.59127779701278,3,0,0,0,0,9.004585998715381,0.5991259297619028,-0.8660254037844386,0.5000000000000001,18.13651111880511
TXN969904814,21415.57,Auto-Pay,SBI,Kotak,Hyderabad,2024-01-23T12:20:42,12,1,0,37.36383521707275,1,1,0,0,0,9.971920200460493,2.4110522691788896,1.2246467991473532e-16,-1.0,37.4455340868291
TXN336609539,1812.44,Auto-Pay,SBI,HDFC,Chennai,2024-02-25T12:40:53,12,6,0,18.87413835540201,1,0,0,1,0,7.502980872981254,0.2643609187429405,1.2246467991473532e-16,-1.0,20.049655342160804
TXN763274403,1404.77,QR,ICICI,PNB,Kolkata,2024-08-11T17:10:03,17,6,0,18.93653685429539,1,0,0,0,0,7.248340474351915,0.3199992629420604,-0.9659258262890683,-0.25881904510252063,10.074614741718158
TXN787324076,215.47,Auto-Pay,HDFC,BOB,Pune,2024-04-01T19:10:11,19,0,0,13.402854627424867,1,0,0,1,0,5.377451969711764,0.48231359256163814,-0.9659258262890684,0.2588190451025203,17.861141850969947
TXN617019178,904.29,QR,SBI,Axis,Lucknow,2024-11-29T12:06:20,12,4,0,13.526627330258368,3,0,0,1,0,6.808255334358307,0.3883042118094666,1.2246467991473532e-16,-1.0,22.910650932103348
TXN431787529,6401.64,QR,HDFC,PNB,Kolkata,2024-04-29T16:14:24,16,0,0,22.961206140768276,1,0,0,0,0,8.764465684293027,0.36196794822936773,-0.8660254037844384,-0.5000000000000004,11.684482456307311
TXN595496690,6942.71,Collect,Kotak,BOB,Kolkata,2024-07-19T17:26:01,17,4,0,38.943860135679515,1,0,0,0,0,8.84559149279529,0.4358125747552778,-0.9659258262890683,-0.25881904510252063,18.077544054271804
TXN553114070,14122.21,P2P,HDFC,Kotak,Chennai,2024-09-09T15:36:51,15,0,0,17.66370660356654,1,0,0,0,0,9.55557482232055,1.415662679441865,-0.7071067811865471,-0.7071067811865479,9.565482641426616
TXN250920233,2120.55,Collect,BOB,PNB,Pune,2024-04-21T12:04:59,12,6,0,43.95092128469239,3,0,0,0,0,7.659902232594679,0.22231041163868748,1.2246467991473532e-16,-1.0,25.08036851387696
TXN125270245,125.45,P2P,ICICI,Kotak,Mumbai,2024-07-31T14:48:28,14,2,0,33.3714591383195,3,0,0,0,0,4.839846973115974,0.4945994211602713,-0.4999999999999997,-0.8660254037844388,20.8485836553278
TXN110298825,1240.98,P2P,HDFC,Kotak,Chennai,2024-09-20T14:55:43,14,4,0,24.99602663470784,2,0,0,0,0,7.124462159304187,0.3423531383716329,-0.4999999999999997,-0.8660254037844388,14.998410653883136
TXN124335505,15000.0,P2P,BOB,BOB,Chennai,2024-05-19T22:56:46,22,6,1,97.73122487677341,15,1,1,0,1,9.61587214452889,1.5354624737719493,-0.5000000000000004,0.8660254037844384,111.59248995070936
TXN841984636,516.02,P2P,HDFC,SBI,Jaipur,2024-04-09T15:51:45,15,1,0,16.732122710387028,1,0,0,0,0,6.24808155847973,0.4412948657751552,-0.7071067811865471,-0.7071067811865479,9.192849084154812
TXN681278106,554.17,P2P,Kotak,PNB,Ahmedabad,2024-12-13T13:05:24,13,4,0,21.78268121594715,3,0,0,0,0,6.319274373150542,0.43608819657900044,-0.2588190451025208,-0.9659258262890683,16.213072486378863
TXN672499842,1126.96,P2M,BOB,SBI,Bangalore,2024-02-10T09:55:35,9,5,0,40.44345564396366,3,0,0,0,0,7.028165970436341,0.3579144600425522,0.7071067811865476,-0.7071067811865475,23.677382257585464
TXN101355225,393.51,P2P,SBI,ICICI,Delhi,2024-07-23T10:54:01,10,1,0,10.25681286245527,1,0,0,0,0,5.977644488507119,0.4580148931203957,0.49999999999999994,-0.8660254037844387,6.6027251449821085
TXN751314139,440.45,P2M,HDFC,BOB,Kolkata,2024-12-14T19:14:32,19,5,0,33.0403605324718,3,0,0,0,0,6.090064763347591,0.4516085745865161,-0.9659258262890684,0.2588190451025203,20.716144212988723
TXN536740359,9540.96,P2M,BOB,BOB,Kolkata,2024-01-25T11:30:45,11,3,0,41.396389563005286,1,0,0,0,0,9.163454194073973,0.7904188195497517,0.258819045102521,-0.9659258262890682,19.058555825202117
TXN164209645,1128.87,P2P,BOB,SBI,Kolkata,2024-08-27T09:55:14,9,1,0,14.142086680125727,3,0,0,0,0,7.029857860840502,0.3576537853855494,0.7071067811865476,-0.7071067811865475,13.156834672050291
TXN329066395,6085.0,P2P,Axis,PNB,Ahmedabad,2024-08-03T11:46:26,11,5,0,29.531714147032062,2,0,0,0,0,8.713746330456916,0.31875327629567296,0.258819045102521,-0.9659258262890682,16.812685658812825
TXN748552764,1475.77,P2P,Axis,PNB,Pune,2024-01-18T12:53:23,12,3,0,19.471397039908823,3,1,0,0,0,7.297612549349402,0.31030926260321395,1.2246467991473532e-16,-1.0,35.288558815963526
TXN337869055,863.43,P2M,Axis,BOB,Lucknow,2024-10-09T17:07:28,17,2,0,21.783417557161922,3,0,0,0,0,6.762070330185044,0.39388073876503377,-0.9659258262890683,-0.25881904510252063,16.21336702286477
TXN683003386,140.28,Collect,HDFC,BOB,Delhi,2024-04-13T08:53:36,8,5,0,11.094871077008781,3,0,0,0,0,4.9507437368556495,0.4925754393993544,0.8660254037844387,-0.4999999999999998,11.937948430803512
TXN182599542,2547.73,P2M,Axis,SBI,Ahmedabad,2024-02-13T14:27:59,14,1,0,30.81880848217019,3,0,0,0,0,7.843350474874062,0.16400936452955506,-0.4999999999999997,-0.8660254037844388,19.827523392868077
TXN301440176,69.33,QR,HDFC,BOB,Pune,2024-01-28T15:53:04,15,6,0,35.61308165494004,1,0,0,0,0,4.2531984503199265,0.5022586157943002,-0.7071067811865471,-0.7071067811865479,16.74523266197602
TXN106393306,319.46,QR,ICICI,HDFC,Kolkata,2024-05-10T13:02:07,13,4,0,27.745937560562396,1,0,0,0,0,5.769757463579734,0.4681211540371784,-0.2588190451025208,-0.9659258262890683,13.598375024224959
TXN997035020,1077.38,P2M,BOB,PNB,Hyderabad,2024-04-21T20:42:51,20,6,0,21.67999240762806,1,0,0,0,0,6.983215193991998,0.3646810828143832,-0.8660254037844386,0.5000000000000001,11.171996963051225
TXN624502304,8294.21,QR,ICICI,Axis,Delhi,2024-08-01T14:55:53,14,3,0,43.50189372317321,3,0,0,0,0,9.023433518759784,0.6202637783883891,-0.4999999999999997,-0.8660254037844388,24.900757489269285
TXN173909131,1494.71,QR,PNB,PNB,Pune,2024-07-14T08:17:57,8,6,0,24.645376832220013,3,0,0,0,0,7.310356289475651,0.30772435265366815,0.8660254037844387,-0.4999999999999998,17.358150732888006
TXN733575341,642.81,P2P,HDFC,BOB,Ahmedabad,2024-03-08T19:45:02,19,4,0,42.95376861134724,2,0,0,0,0,6.467403651518229,0.4239907088320238,-0.9659258262890684,0.2588190451025203,22.181507444538898
TXN247558546,1136.63,QR,BOB,HDFC,Bangalore,2024-12-05T14:04:00,14,3,0,42.49896171995836,1,0,0,0,0,7.036702430009276,0.35659470929217685,-0.4999999999999997,-0.8660254037844388,19.499584687983344
TXN165064475,5627.86,QR,SBI,ICICI,Hyderabad,2024-04-12T12:13:08,12,4,0,40.06193141334745,2,0,0,0,0,8.635662213952033,0.25636332200130335,1.2246467991473532e-16,-1.0,21.02477256533898
TXN981990191,226.51,P2M,SBI,BOB,Kolkata,2024-12-06T16:42:34,16,4,0,20.3146545263519,1,1,0,0,0,5.427194193468923,0.48080686574838655,-0.8660254037844384,-0.5000000000000004,30.625861810540762
TXN471266378,322.63,QR,SBI,HDFC,Hyderabad,2024-04-13T14:26:00,14,5,0,30.22397900290025,3,0,0,0,0,5.779600887933039,0.4676885159938806,-0.4999999999999997,-0.8660254037844388,19.5895916011601
TXN948938986,1342.59,P2P,BOB,PNB,Mumbai,2024-12-09T12:47:14,12,0,0,40.30184284498975,1,0,0,0,0,7.203100415019163,0.3284855195768417,1.2246467991473532e-16,-1.0,18.6207371379959
TXN307535306,1777.82,Collect,BOB,BOB,Chennai,2024-01-21T11:49:32,11,6,0,11.829025775010832,2,0,0,0,0,7.4837055021083,0.2690858174997132,0.258819045102521,-0.9659258262890682,9.731610310004333
TXN938888490,50.0,QR,ICICI,HDFC,Hyderabad,2024-06-24T14:39:41,14,0,0,11.031672324355668,3,0,0,0,0,3.9318256327243257,0.5048967525062706,-0.4999999999999997,-0.8660254037844388,11.912668929742267
TXN711292179,9117.44,QR,PNB,SBI,Jaipur,2024-07-11T12:43:45,12,3,0,18.375244316523016,1,0,0,0,0,9.118054015805628,0.732617285134143,1.2246467991473532e-16,-1.0,9.850097726609206
TXN747807489,319.11,P2M,SBI,PNB,Bangalore,2024-01-21T10:45:34,10,6,0,22.728069001606237,1,0,0,0,0,5.768664686725277,0.4681689216444826,0.49999999999999994,-0.8660254037844387,11.591227600642496
TXN915910704,229.36,P2P,HDFC,Axis,Kolkata,2024-10-27T09:49:00,9,6,0,41.54284080422262,2,0,0,0,0,5.439643302638472,0.48041790094605247,0.7071067811865476,-0.7071067811865475,21.61713632168905
TXN972078438,1388.84,P2M,PNB,BOB,Hyderabad,2024-03-09T08:53:03,8,5,0,35.435919783026186,2,0,0,0,0,7.236943911585644,0.3221733714687903,0.8660254037844387,-0.4999999999999998,19.174367913210475
TXN637837046,543.53,P2M,HDFC,HDFC,Jaipur,2024-12-11T11:33:32,11,2,0,16.221818827199332,2,0,0,0,0,6.299923037273996,0.43754033184104724,0.258819045102521,-0.9659258262890682,11.488727530879732
TXN188364410,349.63,P2P,SBI,PNB,Delhi,2024-09-18T14:08:51,14,2,0,31.31731592390744,3,0,0,0,0,5.859731536424839,0.4640035862875587,-0.4999999999999997,-0.8660254037844388,20.02692636956298
TXN900806102,6212.34,P2M,PNB,PNB,Chennai,2024-09-23T14:21:04,14,0,0,40.73778563787498,3,0,0,0,0,8.73445387253227,0.336132496621711,-0.4999999999999997,-0.8660254037844388,23.795114255149993
TXN535563978,647.52,P2P,ICICI,PNB,Kolkata,2024-04-20T17:48:41,17,5,0,34.12854673468992,2,0,0,0,0,6.4746928436818685,0.4233478933165876,-0.9659258262890683,-0.25881904510252063,18.651418693875968
TXN594126336,244.9,QR,ICICI,Kotak,Pune,2024-01-09T19:31:04,19,1,0,19.439807326527813,2,0,0,0,0,5.504924949222147,0.4782970191817473,-0.9659258262890684,0.2588190451025203,12.775922930611125
TXN794057928,955.77,P2M,BOB,SBI,Kolkata,2024-03-19T19:48:56,19,1,0,42.462624295380145,1,0,0,0,0,6.863563028189754,0.3812782791694129,-0.9659258262890684,0.2588190451025203,19.48504971815206
TXN163114090,5889.5,P2M,Kotak,ICICI,Kolkata,2024-06-30T12:30:47,12,6,0,32.57841059749286,3,0,0,0,0,8.681096162686174,0.2920716556443424,1.2246467991473532e-16,-1.0,20.531364238997146
TXN636767792,278.25,P2P,PNB,ICICI,Mumbai,2024-09-13T20:29:22,20,4,0,20.291563772734005,3,0,0,0,0,5.63210743794931,0.4737454486000497,-0.8660254037844386,0.5000000000000001,15.616625509093602
TXN655469036,878.11,QR,ICICI,PNB,Ahmedabad,2024-11-19T15:58:15,15,1,0,27.584955050823176,3,0,0,0,0,6.778910032062598,0.3918772288358187,-0.7071067811865471,-0.7071067811865479,18.53398202032927
TXN512648811,10996.56,P2M,SBI,Kotak,Lucknow,2024-05-28T11:23:52,11,1,0,44.39423494682001,3,0,0,0,0,9.305428708993398,0.989077474383904,0.258819045102521,-0.9659258262890682,25.257693978728007
TXN338722843,3615.11,P2P,PNB,Kotak,Lucknow,2024-12-03T17:43:08,17,1,0,30.01432857763084,3,0,0,0,0,8.19315414140336,0.01833453971719073,-0.9659258262890683,-0.25881904510252063,19.50573143105234
TXN381081838,554.2,P2M,PNB,BOB,Kolkata,2024-06-23T09:12:43,9,6,0,41.905761074510565,1,0,0,0,0,6.319328409192595,0.43608410221266003,0.7071067811865476,-0.7071067811865475,19.262304429804228
TXN158941264,2478.35,QR,HDFC,ICICI,Delhi,2024-04-08T09:58:58,9,0,0,32.574523231155815,3,0,0,0,0,7.815751708031472,0.17347826908602215,0.7071067811865476,-0.7071067811865475,20.529809292462325
TXN930297048,25000.0,P2P,Kotak,Axis,Delhi,2024-05-30T02:44:38,2,3,1,84.20388460896416,14,1,1,1,1,10.12667110305036,2.90025125389116,0.49999999999999994,0.8660254037844387,113.68155384358568
TXN172298541,788.27,Auto-Pay,Kotak,SBI,Mumbai,2024-11-22T17:49:53,17,4,0,23.78021422862683,3,0,0,0,0,6.671108467630181,0.4041384912364097,-0.9659258262890683,-0.25881904510252063,17.012085691450732
TXN645531987,18982.75,P2P,Axis,ICICI,Chennai,2024-10-31T14:17:10,14,3,0,11.974503043103196,1,0,0,0,0,9.851338629044479,2.079023725173928,-0.4999999999999997,-0.8660254037844388,7.289801217241279
TXN157399769,186.56,P2M,BOB,Axis,Delhi,2024-08-07T12:46:48,12,2,0,26.2635834528864,1,0,0,0,0,5.234098794221386,0.4862591969249627,1.2246467991473532e-16,-1.0,13.00543338115456
TXN661948720,1882.07,QR,PNB,BOB,Kolkata,2024-07-04T04:31:54,4,3,1,73.57992791810398,12,1,0,1,1,7.540658702687379,0.25485789446697044,0.8660254037844386,0.5000000000000001,104.43197116724158
TXN282707483,369.59,P2P,BOB,HDFC,Lucknow,2024-11-13T17:44:19,17,2,0,30.441405959375352,1,1,0,0,0,5.915096330216832,0.4612794678824408,-0.9659258262890683,-0.25881904510252063,34.67656238375014
TXN225241853,771.36,QR,Axis,PNB,Mumbai,2024-06-07T20:22:12,20,4,0,13.357331949166658,3,0,0,0,0,6.649450762574338,0.4064463490635913,-0.8660254037844386,0.5000000000000001,12.842932779666665
TXN663566187,66.48,Collect,BOB,ICICI,Mumbai,2024-04-09T13:15:59,13,1,0,27.957429800220332,2,0,0,1,0,4.211831257677767,0.5026475805966342,-0.2588190451025208,-0.9659258262890683,26.182971920088136
TXN387883394,66.16,P2M,ICICI,Axis,Pune,2024-12-06T15:14:34,15,4,0,14.256635488687728,3,0,0,0,0,4.20707783220934,0.502691253837598,-0.7071067811865471,-0.7071067811865479,13.202654195475091
TXN983000889,574.02,P2P,Axis,BOB,Bangalore,2024-11-30T11:16:59,11,5,0,13.431040061151881,3,1,0,0,0,6.354404822801145,0.4333790908504638,0.258819045102521,-0.9659258262890682,32.872416024460755
TXN160313313,8533.07,P2P,Kotak,Axis,Bangalore,2024-06-28T10:54:04,10,4,0,20.452610475535955,1,0,0,0,0,9.051821666198485,0.6528631231903166,0.49999999999999994,-0.8660254037844387,10.681044190214383
TXN786235593,6868.29,P2M,BOB,ICICI,Pune,2024-07-25T10:46:49,10,3,0,42.168594544733466,1,0,0,0,0,8.834816031986259,0.4256558166536306,0.49999999999999994,-0.8660254037844387,19.367437817893386
TXN671931400,6519.52,P2P,Kotak,SBI,Bangalore,2024-03-11T19:20:43,19,0,0,15.815779299619871,3,0,0,0,0,8.782709406341697,0.37805607836941296,-0.9659258262890684,0.2588190451025203,13.826311719847949
TXN911013269,5907.07,P2P,HDFC,SBI,Lucknow,2024-04-16T10:39:05,10,1,0,13.612781393629358,3,0,0,0,0,8.684074491922312,0.2944695895310118,0.49999999999999994,-0.8660254037844387,12.945112557451743
TXN518098153,7106.62,QR,Axis,SBI,Hyderabad,2024-06-24T13:10:57,13,0,0,24.799645323027235,1,0,0,0,0,8.868922726956319,0.4581828276502118,-0.2588190451025208,-0.9659258262890683,12.419858129210894
TXN379061892,50000.0,P2P,Kotak,HDFC,Bangalore,2024-09-26T04:58:46,4,3,1,85.60182824963887,8,1,1,0,1,10.819798284210286,6.312223204189186,0.8660254037844386,0.5000000000000001,89.24073129985555
TXN255287184,7195.21,Collect,SBI,PNB,Mumbai,2024-12-26T12:53:51,12,3,0,22.953201874739595,3,0,0,0,0,8.88130977752399,0.4702734914532879,1.2246467991473532e-16,-1.0,16.68128074989584
TXN525939298,1329.37,QR,Axis,PNB,Chennai,2024-08-11T13:57:26,13,6,0,36.110992472576285,2,0,0,0,0,7.193212378015332,0.33028977034415924,-0.2588190451025208,-0.9659258262890683,19.444396989030515
TXN585157880,243.92,Collect,Axis,SBI,Pune,2024-01-27T11:15:29,11,5,0,11.064555828278879,3,0,0,0,0,5.500931626609754,0.47843076848219895,0.258819045102521,-0.9659258262890682,11.92582233131155
TXN138757690,522.24,P2M,HDFC,PNB,Hyderabad,2024-06-20T15:25:16,15,3,0,39.51956142490464,1,0,0,0,0,6.260040249820026,0.44044596715392104,-0.7071067811865471,-0.7071067811865479,18.307824569961856
TXN242184400,96.48,P2M,BOB,PNB,Lucknow,2024-02-13T09:45:37,9,1,0,42.56653973751913,2,0,0,0,0,4.579647228757006,0.4985532142562766,0.7071067811865476,-0.7071067811865475,22.02661589500765
TXN315980359,540.17,Auto-Pay,PNB,BOB,Chennai,2024-09-01T16:32:58,16,6,0,31.41795770079097,1,0,0,0,0,6.293733462387697,0.43799890087116733,-0.8660254037844384,-0.5000000000000004,15.06718308031639
TXN874453179,334.2,P2P,Kotak,SBI,Delhi,2024-08-21T10:48:18,10,2,0,11.420499924714328,2,0,0,0,0,5.814727368607928,0.46610945537528276,0.49999999999999994,-0.8660254037844387,9.568199969885733
TXN954141400,314.5,P2P,ICICI,Axis,Kolkata,2024-11-27T18:22:00,18,2,0,40.77401387066044,3,0,0,0,0,5.754158681981268,0.4687980892721176,-1.0,-1.8369701987210297e-16,23.809605548264177
TXN593154600,15436.17,P2P,SBI,SBI,Jaipur,2024-01-16T20:57:14,20,1,0,32.66933786723634,1,0,0,0,0,9.644533516623634,1.594990465994409,-0.8660254037844386,0.5000000000000001,15.567735146894535
TXN973542007,441.38,QR,ICICI,Axis,Bangalore,2024-02-08T11:45:07,11,3,0,40.96955506290588,1,0,0,0,0,6.092169241229614,0.451481649229965,0.258819045102521,-0.9659258262890682,18.887822025162354
TXN707035927,64.39,P2P,BOB,HDFC,Jaipur,2024-01-31T10:52:02,10,2,0,19.052408282306256,3,0,0,0,0,4.180369341573185,0.5029328214516792,0.49999999999999994,-0.8660254037844387,15.120963312922502
TXN502824283,139.28,P2M,HDFC,HDFC,Kolkata,2024-05-27T17:28:23,17,0,0,17.085864239646888,3,0,0,0,0,4.943640425271977,0.4927119182773663,-0.9659258262890683,-0.25881904510252063,14.334345695858755
TXN842205698,88.72,P2M,BOB,HDFC,Kolkata,2024-07-17T20:02:15,20,2,0,29.531243901763343,1,0,0,0,0,4.496693709652008,0.4996122903496491,-0.8660254037844386,0.5000000000000001,14.312497560705339
TXN976297912,7450.38,P2P,Kotak,PNB,Jaipur,2024-03-21T16:02:56,16,3,0,37.940611573510154,2,0,0,0,0,8.91615452911907,0.5050988067555898,-0.8660254037844384,-0.5000000000000004,20.17624462940406
TXN940625782,134.19,P2P,ICICI,ICICI,Kolkata,2024-11-08T12:19:21,12,4,0,10.687630044084596,1,0,0,0,0,4.906681196376314,0.493406595766447,1.2246467991473532e-16,-1.0,6.775052017633839
TXN379804410,6577.61,P2M,ICICI,Kotak,Chennai,2024-10-04T16:16:58,16,4,0,28.45428133203398,3,0,0,0,0,8.791578755803133,0.3859841363931254,-0.8660254037844384,-0.5000000000000004,18.881712532813594
TXN790809994,50.0,P2P,SBI,HDFC,Pune,2024-12-26T19:56:47,19,3,0,13.040490824086918,2,0,0,0,0,3.9318256327243257,0.5048967525062706,-0.9659258262890684,0.2588190451025203,10.216196329634768
TXN360360324,260.92,QR,SBI,BOB,Bangalore,2024-08-23T09:22:37,9,4,0,24.360696474597027,1,0,0,0,0,5.568039113622825,0.47611062755599626,0.7071067811865476,-0.7071067811865475,12.244278589838812
TXN736650170,5831.04,P2P,SBI,SBI,Lucknow,2024-06-22T10:46:40,10,5,0,10.220673121171323,1,0,0,0,0,8.671122132375535,0.2840931004357655,0.49999999999999994,-0.8660254037844387,6.58826924846853
TXN901946427,2331.47,P2P,Axis,ICICI,Chennai,2024-12-11T16:41:55,16,2,0,18.50906771645343,3,0,0,0,0,7.754683070902452,0.19352428668841315,-0.8660254037844384,-0.5000000000000004,14.903627086581373
TXN541033864,50.0,P2P,Axis,ICICI,Ahmedabad,2024-10-02T14:38:00,14,2,0,20.985814447662566,2,0,0,0,0,3.9318256327243257,0.5048967525062706,-0.4999999999999997,-0.8660254037844388,13.394325779065026
TXN792032649,555.31,P2P,Axis,Kotak,Kolkata,2024-03-01T16:03:44,16,4,0,15.698302897299481,1,0,0,0,0,6.3213256928319606,0.4359326106580668,-0.8660254037844384,-0.5000000000000004,8.779321158919792
TXN416165310,21667.45,P2P,BOB,BOB,Jaipur,2024-08-29T20:24:23,20,3,0,42.47832892379712,1,0,0,1,0,9.98361256451488,2.445428568972533,-0.8660254037844386,0.5000000000000001,29.49133156951885
TXN585818671,1068.62,P2P,Kotak,SBI,Kolkata,2024-02-01T09:18:17,9,3,0,27.117168628381172,2,0,0,1,0,6.975058724191825,0.3658766377857676,0.7071067811865476,-0.7071067811865475,25.84686745135247
TXN260115672,5018.05,QR,Axis,Kotak,Chennai,2024-01-11T09:08:37,9,3,0,14.376625624516624,1,1,0,0,0,8.520995951749166,0.17313713740085382,0.7071067811865476,-0.7071067811865475,28.25065024980665
TXN968855285,157.14,P2M,HDFC,PNB,Chennai,2024-04-21T15:22:20,15,6,0,17.394156227323883,2,0,0,0,0,5.063480716642781,0.4902744055160735,-0.7071067811865471,-0.7071067811865479,11.957662490929554
TXN687443241,140.66,P2P,Kotak,PNB,Delhi,2024-06-28T09:03:11,9,4,0,15.682922858423755,2,0,0,0,0,4.953429820325477,0.49252357742570996,0.7071067811865476,-0.7071067811865475,11.273169143369502
TXN448728116,1701.77,P2M,PNB,BOB,Mumbai,2024-12-06T12:18:36,12,4,0,25.63337035614954,3,0,0,0,0,7.440011615757924,0.27946503617251983,1.2246467991473532e-16,-1.0,17.753348142459817
TXN454896547,1107.19,P2P,ICICI,HDFC,Chennai,2024-09-26T15:08:39,15,3,0,31.804643773717373,2,0,0,0,0,7.010483332750594,0.3606126474608478,-0.7071067811865471,-0.7071067811865479,17.721857509486952
TXN110265348,1004.75,P2M,BOB,ICICI,Bangalore,2024-07-01T10:08:07,10,0,0,40.243948263331546,3,0,0,0,0,6.9134888108298975,0.374593543724389,0.49999999999999994,-0.8660254037844387,23.59757930533262
TXN282536288,22813.85,P2M,SBI,PNB,Bangalore,2024-11-25T08:17:45,8,0,0,41.57370526108612,1,0,0,0,0,10.03516691871793,2.601887954725399,0.8660254037844387,-0.4999999999999998,19.129482104434448
TXN469653608,56.67,Auto-Pay,BOB,BOB,Bangalore,2024-05-02T15:46:11,15,3,0,24.354829500250453,1,0,0,0,0,4.0547371076273215,0.5039864383899312,-0.7071067811865471,-0.7071067811865479,12.241931800100183
TXN625161207,132.55,Auto-Pay,ICICI,ICICI,Kolkata,2024-08-28T09:34:36,9,2,0,42.51034119029432,2,0,0,0,0,4.89447593955597,0.49363042112638655,0.7071067811865476,-0.7071067811865475,22.00413647611773
TXN795785479,1529.8,P2M,BOB,HDFC,Delhi,2024-07-22T19:09:11,19,0,0,25.757720771300715,1,0,0,0,0,7.333545753551547,0.3029353088242299,-0.9659258262890684,0.2588190451025203,12.803088308520287
TXN460569416,794.67,P2M,ICICI,PNB,Kolkata,2024-07-06T08:28:32,8,5,0,43.60889037999061,3,0,0,0,0,6.679184527020973,0.4032650264171334,0.8660254037844387,-0.4999999999999998,24.943556151996244
TXN221144138,62.86,P2P,BOB,Kotak,Pune,2024-05-19T14:46:05,14,6,0,44.79668604199218,3,0,0,0,0,4.156693187286636,0.5031416341350373,-0.4999999999999997,-0.8660254037844388,25.418674416796872
TXN832962522,502.15,QR,ICICI,Axis,Chennai,2024-07-20T13:43:48,13,5,0,27.961160497309166,2,1,0,0,0,6.220888336379343,0.44318782781318056,-0.2588190451025208,-0.9659258262890683,36.18446419892366
TXN348292603,85.79,QR,Axis,HDFC,Bangalore,2024-01-01T16:33:38,16,0,0,20.967869306004737,1,0,0,0,0,4.463491407656154,0.500012173462224,-0.8660254037844384,-0.5000000000000004,10.887147722401895
TXN318422743,8989.08,P2P,PNB,PNB,Jaipur,2024-01-24T09:00:01,9,2,0,16.200031379688266,3,0,0,0,0,9.10387702620249,0.7150988563525328,0.7071067811865476,-0.7071067811865475,13.980012551875307
TXN389599487,108.12,QR,Axis,HDFC,Chennai,2024-09-10T20:56:44,20,1,0,18.01313643776319,1,0,0,0,0,4.692448194095152,0.49696460011621785,-0.8660254037844386,0.5000000000000001,9.705254575105275
TXN846261724,501.46,P2M,Axis,PNB,Pune,2024-09-19T19:32:03,19,3,0,35.35111143868314,1,0,0,0,0,6.219516034774775,0.44328199823900877,-0.9659258262890684,0.2588190451025203,16.640444575473257
TXN212400189,8674.48,QR,Kotak,BOB,Kolkata,2024-09-21T16:45:43,16,5,0,37.730184072537654,1,0,0,0,0,9.068255934696438,0.6721626013299824,-0.8660254037844384,-0.5000000000000004,17.59207362901506
TXN591503185,9054.93,P2P,SBI,PNB,Bangalore,2024-03-06T13:45:26,13,2,0,12.567798078318907,1,0,0,1,0,9.111175070731111,0.7240859904696179,-0.2588190451025208,-0.9659258262890683,17.527119231327564
TXN219075403,6652.46,P2P,PNB,PNB,Bangalore,2024-08-20T09:54:24,9,1,0,38.78192970111384,2,0,0,0,0,8.802892299092276,0.39619958041231773,0.7071067811865476,-0.7071067811865475,20.512771880445534
TXN315903058,687.2,Collect,BOB,ICICI,Pune,2024-11-10T15:20:21,15,6,0,13.518638631312774,2,0,0,0,0,6.53407949336338,0.41793241143707455,-0.7071067811865471,-0.7071067811865479,10.40745545252511
TXN200090108,348.59,P2P,Kotak,Kotak,Kolkata,2024-03-22T10:05:02,10,4,0,30.848822253809033,3,0,0,0,0,5.856761039253281,0.4641455243206911,0.49999999999999994,-0.8660254037844387,19.839528901523614
TXN172717004,503.6,QR,PNB,ICICI,Jaipur,2024-08-12T19:02:57,19,0,0,16.095868832239248,1,0,0,0,0,6.223766036206958,0.44298993344006327,-0.9659258262890684,0.2588190451025203,8.9383475328957
TXN962341545,4245.26,P2M,Kotak,HDFC,Mumbai,2024-03-04T17:09:37,17,0,0,22.809541535098248,3,0,0,0,0,8.353793874491155,0.06766762526202134,-0.9659258262890683,-0.25881904510252063,16.6238166140393
TXN471484954,236.07,P2P,Kotak,Kotak,Mumbai,2024-04-28T19:53:22,19,6,0,15.797285828898774,2,0,0,0,0,5.468355456175141,0.4795021276745925,-0.9659258262890684,0.2588190451025203,11.31891433155951
TXN204382389,776.64,P2P,Kotak,PNB,Mumbai,2024-04-11T22:49:14,22,3,1,93.30328267613812,14,0,0,1,1,6.656263692152439,0.40572574058768834,-0.5000000000000004,0.8660254037844384,97.32131307045526
TXN483038020,9360.56,P2M,SBI,Axis,Pune,2024-07-17T13:49:43,13,2,0,28.22081381800994,1,0,0,0,0,9.144367222250958,0.7657980299564011,-0.2588190451025208,-0.9659258262890683,13.788325527203977
TXN412747426,1528.96,P2P,SBI,Kotak,Mumbai,2024-08-25T14:32:47,14,6,0,31.4206727287244,2,0,0,1,0,7.332996870253877,0.30304995108175986,-0.4999999999999997,-0.8660254037844388,27.56826909148976
TXN205012575,15486.24,Auto-Pay,Axis,SBI,Pune,2024-08-04T12:29:44,12,6,0,43.943434899192056,1,0,0,0,0,9.64777173806444,1.601823963416466,1.2246467991473532e-16,-1.0,20.077373959676823
TXN920305780,8636.25,P2M,PNB,PNB,Hyderabad,2024-03-16T08:55:02,8,5,0,38.17840592143972,1,0,0,0,0,9.063839524096995,0.6669450138235866,0.8660254037844387,-0.4999999999999998,17.771362368575886
TXN355451811,1442.12,P2M,Kotak,Kotak,Kolkata,2024-04-13T15:49:59,15,5,0,29.865503519528684,3,0,0,1,0,7.274562715399423,0.3149017768483151,-0.7071067811865471,-0.7071067811865479,29.446201407811472
TXN993476112,108.9,P2P,BOB,HDFC,Hyderabad,2024-12-05T12:52:21,12,3,0,27.950615980684372,2,0,0,0,0,4.699570861409576,0.4968581465913685,1.2246467991473532e-16,-1.0,16.18024639227375
TXN323477360,125.14,P2P,Axis,Axis,Bangalore,2024-10-04T12:14:49,12,4,0,43.72423597867977,2,0,0,0,0,4.837392401235505,0.49464172961245495,1.2246467991473532e-16,-1.0,22.48969439147191
TXN851192782,24173.35,QR,Axis,ICICI,Chennai,2024-09-13T16:46:57,16,4,0,11.985928352897641,2,0,0,0,0,10.093047432679777,2.7874309893826053,-0.8660254037844384,-0.5000000000000004,9.794371341159056
TXN607660535,10575.93,P2M,Kotak,HDFC,Delhi,2024-08-11T19:58:43,19,6,0,25.37556988342353,1,0,0,0,0,9.266430493172466,0.9316703639257498,-0.9659258262890684,0.2588190451025203,12.650227953369413
TXN367328477,835.36,P2M,SBI,ICICI,Mumbai,2024-03-03T23:07:55,23,6,1,97.62209252308847,13,0,0,1,1,6.729059142403222,0.3977117008708283,-0.25881904510252157,0.9659258262890681,96.5488370092354
TXN697726181,130.1,P2M,SBI,PNB,Bangalore,2024-02-07T12:14:29,12,2,0,32.38081730943472,1,0,0,0,0,4.875960390769654,0.49396479437751584,1.2246467991473532e-16,-1.0,15.452326923773889
TXN368125407,2466.6,P2M,Axis,Kotak,Delhi,2024-08-18T09:53:23,9,6,0,35.93691133765387,3,0,0,0,0,7.811001297335483,0.17508189590266224,0.7071067811865476,-0.7071067811865475,21.874764535061548
TXN596550830,2093.22,QR,ICICI,Axis,Ahmedabad,2024-06-26T08:02:02,8,2,0,40.51154854297682,2,0,0,0,0,7.646936447993988,0.22604037937475333,0.8660254037844387,-0.4999999999999998,21.204619417190727
TXN536482227,263.63,P2M,Kotak,Kotak,Delhi,2024-02-22T15:25:54,15,3,0,33.20322457003639,2,0,0,0,0,5.578332623938786,0.475740769796584,-0.7071067811865471,-0.7071067811865479,18.281289828014557
TXN139012508,3090.39,QR,Kotak,Kotak,Ahmedabad,2024-07-21T16:21:41,16,6,0,14.574438881190956,1,0,0,0,0,8.036376106932627,0.08994773658760599,-0.8660254037844384,-0.5000000000000004,8.329775552476383
TXN167958799,25000.0,P2M,PNB,PNB,Lucknow,2024-05-01T12:36:10,12,2,0,77.67935671155946,9,1,1,0,1,10.12667110305036,2.90025125389116,1.2246467991473532e-16,-1.0,73.57174268462379
TXN753919293,532.97,P2P,SBI,Kotak,Hyderabad,2024-01-16T20:05:48,20,1,0,19.14838762002426,1,0,0,0,0,6.280339657606771,0.43898154879285317,-0.8660254037844386,0.5000000000000001,10.159355048009704
TXN406835598,194.37,P2P,BOB,Axis,Delhi,2024-03-17T11:25:21,11,6,0,43.304249102436444,1,0,0,1,0,5.274895196603544,0.48519329688768964,0.258819045102521,-0.9659258262890682,29.82169964097458
TXN800926008,50.0,P2M,ICICI,Axis,Kolkata,2024-10-19T12:22:43,12,5,0,36.173933072920406,2,0,0,0,0,3.9318256327243257,0.5048967525062706,1.2246467991473532e-16,-1.0,19.469573229168162
TXN521526334,674.32,Auto-Pay,Kotak,Kotak,Hyderabad,2024-03-16T15:14:58,15,5,0,12.513770077203406,2,0,0,0,0,6.5151866526089925,0.41969025938586807,-0.7071067811865471,-0.7071067811865479,10.005508030881362
TXN325204780,467.05,P2P,PNB,PNB,Delhi,2024-02-25T16:10:22,16,6,0,33.39474796419848,3,0,0,0,0,6.148575127817754,0.44797823643139895,-0.8660254037844384,-0.5000000000000004,20.857899185679393
TXN519262741,1329.12,P2P,ICICI,Kotak,Lucknow,2024-08-30T08:22:48,8,4,0,44.38294527658476,2,0,0,0,0,7.1930244427096275,0.3303238900636622,0.8660254037844387,-0.4999999999999998,22.753178110633907
TXN140029759,178.1,Auto-Pay,BOB,PNB,Kolkata,2024-12-26T13:45:43,13,3,0,15.635268825798036,2,0,0,0,0,5.187944309066666,0.4874138082329436,-0.2588190451025208,-0.9659258262890683,11.254107530319214
TXN720700454,965.48,Auto-Pay,PNB,ICICI,Kolkata,2024-10-28T10:02:12,10,0,0,20.404248933699094,3,0,0,0,0,6.873660605211309,0.3799530692639172,0.49999999999999994,-0.8660254037844387,15.661699573479638
TXN775312565,92.54,QR,HDFC,HDFC,Hyderabad,2024-04-03T15:16:56,15,2,0,35.81512402532902,1,0,0,0,0,4.53838915229774,0.49909094103564355,-0.7071067811865471,-0.7071067811865479,16.82604961013161
TXN240819793,220.61,P2M,Axis,PNB,Bangalore,2024-08-16T13:17:49,13,4,0,24.622328488872572,3,0,0,0,0,5.400919080208756,0.4816120911286568,-0.2588190451025208,-0.9659258262890683,17.34893139554903
TXN306116691,19595.32,P2M,PNB,SBI,Kolkata,2024-05-01T12:28:38,12,2,0,34.350568481133934,2,0,0,0,0,9.883097072488372,2.1626265914776903,1.2246467991473532e-16,-1.0,18.740227392453576
TXN435085558,10135.37,P2M,Axis,SBI,Pune,2024-05-29T20:43:11,20,2,0,33.69919787040405,2,0,0,0,0,9.223885224886434,0.8715432294288179,-0.8660254037844386,0.5000000000000001,18.479679148161622
TXN840726657,63.09,P2P,PNB,PNB,Lucknow,2024-07-13T12:11:46,12,5,0,28.04072556231004,3,0,0,0,0,4.160288345516135,0.5031102439930946,1.2246467991473532e-16,-1.0,18.716290224924016
TXN186740921,3997.34,P2P,BOB,PNB,Bangalore,2024-09-29T11:47:05,11,6,0,15.221115005898945,1,1,0,0,0,8.293634553965695,0.033831781825305864,0.258819045102521,-0.9659258262890682,28.58844600235958
TXN268957619,6492.43,P2P,BOB,PNB,Chennai,2024-11-15T16:04:17,16,4,0,16.2599839689679,2,0,0,0,0,8.77854617548126,0.37435886556407,-0.8660254037844384,-0.5000000000000004,11.50399358758716
TXN878487004,4382.95,Auto-Pay,PNB,Kotak,Chennai,2024-01-10T16:25:34,16,2,0,42.88183107002064,3,0,0,0,0,8.385705423453324,0.0864594019754827,-0.8660254037844384,-0.5000000000000004,24.652732428008257
TXN634466967,1090.16,P2P,ICICI,Axis,Jaipur,2024-07-10T16:56:39,16,2,0,14.714145118335637,1,0,0,0,0,6.994996629525822,0.3629368827533908,-0.8660254037844384,-0.5000000000000004,8.385658047334255
TXN910282862,54.65,Collect,Kotak,Kotak,Bangalore,2024-02-22T11:50:39,11,3,0,29.023908320569983,3,0,0,0,0,4.019082077721554,0.5042621257235153,0.258819045102521,-0.9659258262890682,19.109563328227992
TXN718338051,329.32,P2P,BOB,SBI,Pune,2024-01-22T08:54:49,8,0,0,10.900618782131241,3,0,0,0,0,5.800061881577835,0.46677547229998084,0.8660254037844387,-0.4999999999999998,11.860247512852496
TXN337819168,346.7,P2P,PNB,Kotak,Delhi,2024-09-09T20:54:54,20,0,0,43.829053666783814,2,0,0,0,0,5.851340039013816,0.4644034694001337,-0.8660254037844386,0.5000000000000001,22.531621466713528
TXN845099570,427.34,P2P,ICICI,Kotak,Hyderabad,2024-04-21T13:35:56,13,6,0,39.40065911722445,1,0,0,0,0,6.059917272742424,0.4533978126772524,-0.2588190451025208,-0.9659258262890683,18.260263646889783
TXN444354900,529.61,P2P,BOB,Kotak,Hyderabad,2024-02-24T16:03:04,16,5,0,13.12374130728044,3,0,0,0,0,6.274027288114812,0.4394401178229732,-0.8660254037844384,-0.5000000000000004,12.749496522912176
TXN241384239,3017.89,Auto-Pay,SBI,BOB,Jaipur,2024-03-29T17:39:38,17,4,0,43.52346139636753,2,0,0,1,0,8.012644493137106,0.09984245524347027,-0.9659258262890683,-0.25881904510252063,32.40938455854702
TXN347501246,50.0,P2P,Axis,SBI,Pune,2024-07-27T20:29:06,20,5,0,22.210464581185164,1,0,0,0,0,3.9318256327243257,0.5048967525062706,-0.8660254037844386,0.5000000000000001,11.384185832474065
TXN531339011,3206.61,P2P,BOB,HDFC,Jaipur,2024-10-03T16:38:31,16,3,0,36.18298374550017,3,0,0,0,0,8.073281390523723,0.0740861613850605,-0.8660254037844384,-0.5000000000000004,21.973193498200068
TXN819675968,313.81,P2P,PNB,Kotak,Bangalore,2024-08-03T11:17:16,11,5,0,43.56529552630541,2,0,0,0,0,5.751969282239475,0.4688922596979458,0.258819045102521,-0.9659258262890682,22.426118210522166
TXN310602212,203.09,P2M,PNB,SBI,Lucknow,2024-09-13T09:28:41,9,4,0,32.13432510598899,1,0,0,0,0,5.318561073025079,0.48400320107142564,0.7071067811865476,-0.7071067811865475,15.353730042395597
TXN984569476,30000.0,P2P,BOB,ICICI,Kolkata,2024-03-24T12:11:10,12,6,0,85.67040925168322,10,0,1,1,1,10.308985993422082,3.5826456439507655,1.2246467991473532e-16,-1.0,69.26816370067328
TXN305740781,50.0,P2M,ICICI,Kotak,Hyderabad,2024-05-05T12:21:16,12,6,0,25.46694687000668,2,0,0,0,0,3.9318256327243257,0.5048967525062706,1.2246467991473532e-16,-1.0,15.186778748002673
TXN695163179,6962.49,Auto-Pay,SBI,PNB,Jaipur,2024-12-25T19:53:57,19,2,0,33.77095277421512,1,0,0,0,0,8.848436064432663,0.4385121269623536,-0.9659258262890684,0.2588190451025203,16.00838110968605
TXN576917224,749.29,Collect,SBI,HDFC,Hyderabad,2024-12-02T09:50:47,9,0,0,18.001631489334898,2,0,0,0,0,6.620459798460732,0.4094584379013144,0.7071067811865476,-0.7071067811865475,12.20065259573396
TXN599846619,6345.16,P2P,Axis,SBI,Delhi,2024-12-26T10:03:43,10,3,0,34.05955313198573,1,0,0,1,0,8.755605184557735,0.35425962119925436,0.49999999999999994,-0.8660254037844387,26.123821252794293
TXN967482122,3850.75,P2P,Axis,Kotak,Kolkata,2024-12-10T08:17:44,8,1,0,27.810481331792342,3,0,0,0,0,8.256282869461884,0.013825343097538332,0.8660254037844387,-0.4999999999999998,18.62419253271694
TXN119477692,5525.99,P2M,SBI,Kotak,Delhi,2024-07-18T17:05:31,17,3,0,19.95380161694933,3,0,0,1,0,8.617398642531825,0.24246021869822895,-0.9659258262890683,-0.25881904510252063,25.48152064677973
TXN802838604,119.36,P2M,PNB,BOB,Hyderabad,2024-06-19T18:37:00,18,2,0,33.89791481234814,1,0,0,0,0,4.790487251761845,0.4954305775273638,-1.0,-1.8369701987210297e-16,16.059165924939258
TXN381033754,134.07,P2M,Kotak,ICICI,Hyderabad,2024-04-14T13:25:58,13,6,0,13.654497494543323,2,0,0,0,0,4.905793162572673,0.49342297323180845,-0.2588190451025208,-0.9659258262890683,10.46179899781733
TXN276461833,140.02,P2P,Axis,HDFC,Mumbai,2024-02-28T19:26:08,19,2,0,39.77557396051131,2,0,0,0,0,4.948901724290895,0.49261092390763755,-0.9659258262890684,0.2588190451025203,20.910229584204522
TXN490351600,3352.88,Auto-Pay,BOB,Kotak,Kolkata,2024-04-15T08:54:10,8,0,0,16.386012032802185,2,0,0,0,0,8.117873163567786,0.0541233958982568,0.8660254037844387,-0.4999999999999998,11.554404813120875
TXN814966462,7698.4,P2P,HDFC,Kotak,Lucknow,2024-02-23T12:48:19,12,4,0,39.66488911893812,1,0,0,0,0,8.94889768272777,0.5389482980801064,1.2246467991473532e-16,-1.0,18.365955647575248
TXN618850068,622.83,Auto-Pay,ICICI,HDFC,Ahmedabad,2024-03-03T16:52:06,16,6,0,32.97445969803856,3,0,0,0,0,6.435877895354591,0.4267175568147019,-0.8660254037844384,-0.5000000000000004,20.689783879215426
TXN991264718,448.12,P2P,SBI,SBI,Mumbai,2024-02-11T18:01:05,18,6,0,14.350790473794534,1,0,0,1,0,6.107290112613573,0.4505617815921647,-1.0,-1.8369701987210297e-16,18.240316189517813
TXN672197538,139.65,QR,ICICI,SBI,Chennai,2024-05-24T17:02:32,17,4,0,19.298936874536086,3,0,0,0,0,4.946274534935866,0.49266142109250194,-0.9659258262890683,-0.25881904510252063,15.219574749814434
TXN583418732,972.58,P2M,HDFC,BOB,Lucknow,2024-07-17T11:41:23,11,2,0,25.455780287979195,2,1,0,0,0,6.880979999145148,0.3789840692300325,0.258819045102521,-0.9659258262890682,35.18231211519168
TXN172028951,374.94,P2M,PNB,Kotak,Bangalore,2024-05-17T15:41:25,15,4,0,32.555067273011645,1,0,0,0,0,5.929429556188449,0.46054930588507703,-0.7071067811865471,-0.7071067811865479,15.522026909204659
TXN389697965,8563.7,P2P,HDFC,SBI,Hyderabad,2024-11-17T09:59:37,9,6,0,42.83058543062446,3,0,0,0,0,9.055404383875084,0.6570434712238219,0.7071067811865476,-0.7071067811865475,24.632234172249785
TXN459323660,166.04,P2P,SBI,Axis,Delhi,2024-06-04T13:41:47,13,1,0,28.516582190437198,2,0,0,0,0,5.118233304694274,0.48905974350176734,-0.2588190451025208,-0.9659258262890683,16.406632876174882
TXN901557265,1237.12,QR,HDFC,SBI,Ahmedabad,2024-08-29T19:11:02,19,3,0,37.89100676613609,2,0,0,0,0,7.121349379080199,0.34287994684075895,-0.9659258262890684,0.2588190451025203,20.156402706454436
TXN561959796,505.28,P2M,Axis,BOB,Lucknow,2024-03-18T17:32:47,17,0,0,11.708140859508163,2,0,0,0,0,6.227089875924247,0.4427606489250032,-0.9659258262890683,-0.25881904510252063,9.683256343803265
TXN902510420,1214.05,Auto-Pay,PNB,HDFC,Bangalore,2024-01-23T10:36:42,10,1,0,31.585547738139198,1,0,0,0,0,7.102540507191292,0.34602851455649397,0.49999999999999994,-0.8660254037844387,15.13421909525568
TXN138992902,40000.0,Collect,HDFC,Kotak,Lucknow,2024-06-25T00:27:26,0,1,1,68.44289288304039,12,1,1,0,1,10.596659732783579,4.947434424069976,0.0,1.0,92.37715715321616
TXN136754131,1015.95,QR,PNB,PNB,Delhi,2024-02-13T18:44:21,18,1,0,10.595784846294023,3,0,0,0,0,6.924563230631504,0.3730649802906555,-1.0,-1.8369701987210297e-16,11.73831393851761
TXN480291056,1348.48,P2M,Kotak,Axis,Jaipur,2024-09-25T20:17:31,20,2,0,30.32650225295647,3,0,0,0,0,7.207474612044422,0.3276816589853514,-0.8660254037844386,0.5000000000000001,19.63060090118259
TXN754053305,133.99,QR,BOB,PNB,Kolkata,2024-10-01T13:50:38,13,1,0,23.379777730473272,2,0,0,0,0,4.9052007016207355,0.4934338915420494,-0.2588190451025208,-0.9659258262890683,14.35191109218931
TXN836762750,8033.0,QR,ICICI,HDFC,Kolkata,2024-09-09T16:19:36,16,0,0,42.02994196433184,3,0,0,0,0,8.991437814919227,0.5846141306628952,-0.8660254037844384,-0.5000000000000004,24.311976785732735
TXN746049950,14320.43,P2M,Kotak,ICICI,Hyderabad,2024-12-08T16:11:44,16,6,0,33.23836619935621,3,0,0,0,0,9.56951229586412,1.4427155226413881,-0.8660254037844384,-0.5000000000000004,20.795346479742484
TXN281320773,414.45,P2P,SBI,Kotak,Delhi,2024-10-14T20:57:51,20,0,0,10.519055685109775,2,0,0,0,0,6.02936227011099,0.45515702541482606,-0.8660254037844386,0.5000000000000001,9.20762227404391
TXN837547834,4233.01,P2M,HDFC,PNB,Bangalore,2024-09-25T14:03:44,14,2,0,29.452818212771458,3,0,0,0,0,8.350904813524803,0.0659957590063753,-0.4999999999999997,-0.8660254037844388,19.28112728510858
TXN758168638,45000.0,P2M,Axis,PNB,Pune,2024-01-01T05:16:05,5,0,1,85.16293132438349,15,0,1,1,1,10.714439990727769,5.629828814129581,0.9659258262890683,0.25881904510252074,96.5651725297534
TXN940189306,183.65,P2P,ICICI,BOB,Bangalore,2024-10-05T18:56:50,18,5,0,26.690786523460677,2,0,0,1,0,5.2184621412985726,0.4866563504599774,-1.0,-1.8369701987210297e-16,25.67631460938427
TXN558381840,317.38,P2P,Kotak,BOB,Jaipur,2024-06-22T12:57:09,12,5,0,10.084481404034177,3,0,0,0,0,5.76324563792699,0.4684050301034432,1.2246467991473532e-16,-1.0,11.533792561613671
TXN876464162,135.45,P2P,PNB,Kotak,Kolkata,2024-05-30T11:10:55,11,3,0,33.732369761397266,3,0,0,0,0,4.9159582471543475,0.493234632380152,0.258819045102521,-0.9659258262890682,20.992947904558907
TXN308126181,30000.0,P2P,BOB,Kotak,Bangalore,2024-06-26T05:29:59,5,2,1,87.37023886208921,14,0,1,1,1,10.308985993422082,3.5826456439507655,0.9659258262890683,0.25881904510252074,94.9480955448357
TXN694599338,515.94,P2P,HDFC,SBI,Pune,2024-11-15T18:56:23,18,4,0,40.17682983114166,1,0,0,0,0,6.247926813615017,0.44130578408539617,-1.0,-1.8369701987210297e-16,18.570731932456663
TXN220821898,1003.79,QR,Kotak,PNB,Mumbai,2024-08-17T17:30:22,17,5,0,12.139196519507898,3,1,0,0,0,6.912533843435111,0.3747245634472805,-0.9659258262890683,-0.25881904510252063,32.355678607803156
TXN133400086,167.88,P2P,SBI,Axis,Ahmedabad,2024-06-09T20:39:24,20,6,0,24.669766105471922,1,0,0,0,0,5.129188403540065,0.4888086223662254,-0.8660254037844386,0.5000000000000001,12.367906442188769
TXN255691819,9981.84,P2M,BOB,Axis,Bangalore,2024-11-10T12:15:16,12,6,0,23.528978756048023,3,1,0,0,0,9.20862289796167,0.8505896272876475,1.2246467991473532e-16,-1.0,36.91159150241921
TXN105386937,50.0,QR,PNB,Kotak,Mumbai,2024-12-17T20:03:18,20,1,0,44.594288685344864,2,0,0,0,0,3.9318256327243257,0.5048967525062706,-0.8660254037844386,0.5000000000000001,22.837715474137948
TXN753306694,60.75,P2M,Axis,Kotak,Jaipur,2024-11-03T08:12:41,8,6,0,22.120385570888956,2,0,0,0,0,4.123093975508087,0.5034296045676425,0.8660254037844387,-0.4999999999999998,13.848154228355583
TXN413173163,7829.25,P2P,ICICI,Axis,Jaipur,2024-05-11T15:37:10,15,5,0,43.46420837986233,2,0,0,0,0,8.96574971695535,0.5568065592679663,-0.7071067811865471,-0.7071067811865479,22.38568335194493
TXN194064404,245.94,QR,Axis,HDFC,Jaipur,2024-03-12T15:16:45,15,1,0,42.42649215958803,2,0,0,0,0,5.509145392139597,0.4781550811486149,-0.7071067811865471,-0.7071067811865479,21.970596863835212
TXN480186456,256.43,P2P,ICICI,Axis,Delhi,2024-06-07T20:58:35,20,4,0,12.03528921982404,1,0,0,0,0,5.55074783848714,0.4767234177182698,-0.8660254037844386,0.5000000000000001,7.3141156879296165
TXN305837684,171.62,P2P,ICICI,BOB,Chennai,2024-07-23T09:38:06,9,1,0,29.251966988996323,2,0,0,0,0,5.151092646791511,0.48829819136246083,0.7071067811865476,-0.7071067811865475,16.700786795598532
TXN720388608,915.2,P2M,Kotak,SBI,Pune,2024-12-10T16:24:37,16,1,0,30.955117241680387,1,0,0,0,0,6.820234681452642,0.38681522725035655,-0.8660254037844384,-0.5000000000000004,14.882046896672156
TXN905575541,25000.0,P2P,BOB,HDFC,Hyderabad,2024-09-20T19:21:07,19,4,0,88.88462415354095,10,1,1,1,1,10.12667110305036,2.90025125389116,-0.9659258262890684,0.2588190451025203,90.5538496614164
TXN967454034,2599.25,QR,Kotak,PNB,Bangalore,2024-11-10T17:18:28,17,6,0,28.034153613692876,3,0,0,0,0,7.863362873233243,0.15697797273438088,-0.9659258262890683,-0.25881904510252063,18.71366144547715
TXN857288837,771.59,P2P,PNB,Kotak,Jaipur,2024-11-29T09:15:23,9,4,0,26.355333351995746,2,0,0,0,0,6.649748506840106,0.40641495892164853,0.7071067811865476,-0.7071067811865475,15.5421333407983
TXN485787138,45000.0,P2P,PNB,HDFC,Pune,2024-02-15T03:56:35,3,3,1,67.43001568613248,11,0,1,1,1,10.714439990727769,5.629828814129581,0.7071067811865476,0.7071067811865476,79.472006274453
TXN152754299,24298.23,P2P,PNB,Kotak,Pune,2024-06-14T11:16:09,11,4,0,18.87094874489977,3,0,0,0,0,10.09819994158379,2.804474471668734,0.258819045102521,-0.9659258262890682,15.048379497959909
TXN754235930,579.33,P2P,HDFC,Axis,Pune,2024-07-17T19:58:16,19,2,0,14.1178866840907,3,0,0,1,0,6.363596907258196,0.4326543880082205,-0.9659258262890684,0.2588190451025203,23.14715467363628
TXN308473381,410.39,P2P,Axis,HDFC,Lucknow,2024-06-08T16:42:04,16,5,0,32.49567408446065,1,0,0,0,0,6.019541669679873,0.45571112965955446,-0.8660254037844384,-0.5000000000000004,15.498269633784261
TXN444051470,721.31,P2M,ICICI,BOB,Bangalore,2024-05-29T12:22:04,12,2,0,16.456066787095917,1,0,0,0,0,6.582454409623847,0.41327711690808794,1.2246467991473532e-16,-1.0,9.082426714838366
TXN831691985,312.85,P2P,BOB,BOB,Hyderabad,2024-07-15T20:05:21,20,0,0,42.22362836838706,2,0,0,0,0,5.748915164763541,0.4690232794208372,-0.8660254037844386,0.5000000000000001,21.889451347354825
TXN802896487,50.0,Auto-Pay,HDFC,Kotak,Lucknow,2024-07-01T11:57:05,11,0,0,40.81936501370654,3,0,0,0,0,3.9318256327243257,0.5048967525062706,0.258819045102521,-0.9659258262890682,23.827746005482616
TXN233788901,22684.79,Auto-Pay,PNB,Axis,Hyderabad,2024-11-11T20:51:51,20,0,0,33.791394132136006,3,0,0,0,0,10.029494016265776,2.5842739907291805,-0.8660254037844386,0.5000000000000001,21.016557652854402
TXN648661422,180.65,P2M,HDFC,ICICI,Hyderabad,2024-08-20T18:04:13,18,1,0,31.64569645885113,1,0,0,0,0,5.202081758667211,0.48706578709401316,-1.0,-1.8369701987210297e-16,15.158278583540453
TXN418789157,217.98,QR,SBI,PNB,Bangalore,2024-01-10T11:53:03,11,2,0,17.067680362431084,1,0,0,0,0,5.388980401445279,0.4819710305778282,0.258819045102521,-0.9659258262890682,9.327072144972433
TXN331090271,50.0,P2P,PNB,HDFC,Ahmedabad,2024-12-03T13:23:55,13,1,0,20.626837835034408,3,1,0,0,0,3.9318256327243257,0.5048967525062706,-0.2588190451025208,-0.9659258262890683,35.750735134013766
TXN886982484,451.36,QR,Kotak,SBI,Kolkata,2024-11-27T15:34:42,15,2,0,33.56177020204335,3,0,0,0,0,6.1144783230031265,0.45011959002740604,-0.7071067811865471,-0.7071067811865479,20.92470808081734
TXN904612171,8076.1,Auto-Pay,ICICI,SBI,Lucknow,2024-01-29T16:31:21,16,0,0,25.54449723850543,2,0,0,0,0,8.996788176200123,0.5904963703052092,-0.8660254037844384,-0.5000000000000004,15.217798895402172
TXN222634304,55.19,P2P,Kotak,Kotak,Delhi,2024-05-06T15:05:00,15,0,0,30.853263633648936,2,0,0,0,0,4.028738805124107,0.5041884271293888,-0.7071067811865471,-0.7071067811865479,17.341305453459576
TXN456338416,6701.9,Collect,PNB,SBI,Chennai,2024-04-21T08:48:03,8,6,0,24.498637528408537,1,0,0,0,0,8.810295547553551,0.40294709614122703,0.8660254037844387,-0.4999999999999998,12.299455011363415
TXN119690423,510.47,P2P,Kotak,Axis,Lucknow,2024-01-18T11:33:37,11,3,0,39.48458505258734,1,0,0,0,0,6.237288932645249,0.4420523235481214,0.258819045102521,-0.9659258262890682,18.29383402103494
TXN600473378,201.44,P2P,BOB,PNB,Lucknow,2024-08-08T14:36:26,14,3,0,33.736378903678286,3,0,0,0,0,5.310443546345877,0.4842283912201453,-0.4999999999999997,-0.8660254037844388,20.994551561471315
TXN750185777,9715.73,P2P,ICICI,Kotak,Ahmedabad,2024-08-07T14:56:16,14,2,0,18.459766953540665,2,0,0,0,0,9.181604421099578,0.8142712330598951,-0.4999999999999997,-0.8660254037844388,12.383906781416266
TXN804665391,1248.66,P2P,BOB,SBI,Chennai,2024-04-27T09:15:50,9,5,0,28.142539320567675,1,0,0,0,0,7.130626793297638,0.34130498058850134,0.7071067811865476,-0.7071067811865475,13.75701572822707
TXN404091843,1303.88,P2P,BOB,HDFC,Lucknow,2024-06-11T14:30:19,14,1,0,33.08587264665632,1,0,0,0,0,7.173866361505775,0.33376861694468307,-0.4999999999999997,-0.8660254037844388,15.734349058662529
TXN864736966,7046.43,P2P,ICICI,HDFC,Bangalore,2024-03-17T13:19:53,13,6,0,36.040146039835136,3,0,0,0,0,8.860418290338727,0.4499681639826743,-0.2588190451025208,-0.9659258262890683,21.916058415934053
TXN260896635,153.45,P2M,PNB,PNB,Lucknow,2024-08-06T08:11:06,8,1,0,31.127302019578128,3,0,0,0,0,5.039870419364591,0.49077801257593745,0.8660254037844387,-0.4999999999999998,19.950920807831253
TXN116206833,261.12,P2P,SBI,PNB,Lucknow,2024-04-15T12:11:59,12,0,0,11.950743427549074,3,0,0,0,0,5.568802414171296,0.4760833317803939,1.2246467991473532e-16,-1.0,12.28029737101963
TXN929889274,61.14,P2P,ICICI,PNB,Hyderabad,2024-11-22T19:09:59,19,4,0,21.27309832599046,3,0,0,0,0,4.129389903964901,0.5033763778052179,-0.9659258262890684,0.2588190451025203,16.009239330396184
TXN127872264,375.42,QR,ICICI,Kotak,Mumbai,2024-09-24T18:48:37,18,1,0,41.65086301955457,1,0,0,0,0,5.930705541262418,0.4604837960236313,-1.0,-1.8369701987210297e-16,19.16034520782183
TXN416299276,2150.01,Auto-Pay,SBI,Kotak,Hyderabad,2024-02-06T20:38:16,20,1,0,15.993043520217137,3,0,0,0,0,7.673692778257388,0.21828974389245628,-0.8660254037844386,0.5000000000000001,13.897217408086856
TXN417420915,20454.9,QR,Axis,BOB,Kolkata,2024-11-27T20:50:32,20,2,0,22.43435263200667,2,0,0,0,0,9.926026628417814,2.279941105439178,-0.8660254037844386,0.5000000000000001,13.97374105280267
TXN583166558,468.46,QR,Kotak,SBI,Chennai,2024-03-19T19:55:20,19,1,0,12.924102552567163,2,0,0,0,0,6.151583098000741,0.44778580121340217,-0.9659258262890684,0.2588190451025203,10.169641021026866
TXN397398563,739.97,QR,PNB,Axis,Lucknow,2024-05-01T16:31:37,16,2,0,16.99699118276541,1,0,0,0,0,6.607960138646554,0.4107304210443855,-0.8660254037844384,-0.5000000000000004,9.298796473106165
TXN400353963,480.06,P2P,Kotak,PNB,Ahmedabad,2024-12-18T18:05:40,18,2,0,32.78070791665179,2,0,0,0,0,6.175992002451099,0.4462026462284639,-1.0,-1.8369701987210297e-16,18.112283166660717
TXN169184278,975.57,P2M,ICICI,BOB,Chennai,2024-09-26T19:41:29,19,3,0,13.97555610825362,2,0,0,0,0,6.88404643233533,0.3785759973847769,-0.9659258262890684,0.2588190451025203,10.59022244330145
TXN496360081,276.83,QR,HDFC,HDFC,Hyderabad,2024-02-19T15:03:01,15,0,0,30.92649925838798,3,0,0,0,0,5.627009415850288,0.4739392486068266,-0.7071067811865471,-0.7071067811865479,19.870599703355193
TXN971342711,576.2,Collect,HDFC,Kotak,Hyderabad,2024-05-29T08:28:47,8,2,0,24.049863246097296,1,0,0,0,0,6.358188826899716,0.43308156689639776,0.8660254037844387,-0.4999999999999998,12.11994529843892
TXN595860068,5531.62,P2P,PNB,ICICI,Jaipur,2024-04-23T19:59:26,19,1,0,11.379615479212704,1,0,0,0,0,8.618416761703536,0.24322859478143607,-0.9659258262890684,0.2588190451025203,7.051846191685082
TXN748870905,8111.58,P2P,BOB,SBI,Ahmedabad,2024-03-03T18:50:16,18,6,0,25.730773594837117,1,0,0,0,0,9.00117122228884,0.595338640897072,-1.0,-1.8369701987210297e-16,12.792309437934847
TXN620009271,195.36,P2P,HDFC,SBI,Hyderabad,2024-08-14T17:56:04,17,2,0,31.93187832067443,2,0,0,0,0,5.279949709189852,0.4850581827984578,-0.9659258262890683,-0.25881904510252063,17.77275132826977
TXN886164560,1531.38,P2P,Axis,SBI,Chennai,2024-02-23T11:50:03,11,4,0,36.42799122500722,1,0,0,0,0,7.334577361318718,0.30271967219697105,0.258819045102521,-0.9659258262890682,17.07119649000289
TXN539474717,7930.27,P2P,ICICI,Kotak,Chennai,2024-03-06T12:08:19,12,2,0,20.919003985134726,3,0,0,1,0,8.978568453130125,0.5705936555247307,1.2246467991473532e-16,-1.0,25.86760159405389
TXN470106197,138.5,P2P,SBI,ICICI,Jaipur,2024-05-04T08:06:09,8,5,0,41.974344904243125,2,0,0,0,0,4.93806460126142,0.49281837180221566,0.8660254037844387,-0.4999999999999998,21.789737961697252
TXN157416012,941.7,QR,BOB,Axis,Lucknow,2024-07-22T16:39:35,16,0,0,21.24067534225837,3,0,0,0,0,6.848748098402105,0.3831985369830406,-0.8660254037844384,-0.5000000000000004,15.996270136903348
TXN715398682,2014.64,P2M,Axis,SBI,Pune,2024-11-22T13:13:47,13,4,0,37.61815530587447,2,0,0,0,0,7.608692041816912,0.23676488960893005,-0.2588190451025208,-0.9659258262890683,20.047262122349785
TXN351156941,184.1,P2M,PNB,PNB,Ahmedabad,2024-04-01T16:50:53,16,0,0,33.296745843958504,3,0,0,0,0,5.220896219579452,0.48659493496487205,-0.8660254037844384,-0.5000000000000004,20.818698337583402
TXN330817838,2047.72,P2P,BOB,SBI,Bangalore,2024-03-26T13:54:10,13,1,0,24.521816263904917,1,0,0,0,0,7.624970486875783,0.2322501683242957,-0.2588190451025208,-0.9659258262890683,12.308726505561967
TXN602675858,326.44,P2P,PNB,Axis,Kolkata,2024-02-28T08:05:11,8,2,0,29.32031184000618,3,0,0,0,0,5.791304832184148,0.4671685314686552,0.8660254037844387,-0.4999999999999998,19.22812473600247
TXN142271514,961.68,P2P,ICICI,PNB,Hyderabad,2024-07-25T18:54:30,18,3,0,33.199965421498376,3,0,0,0,0,6.869721061664204,0.3804716890003625,-1.0,-1.8369701987210297e-16,20.77998616859935
TXN167065300,427.28,P2P,Kotak,HDFC,Lucknow,2024-06-02T18:53:18,18,6,0,36.77937434058268,2,0,0,0,0,6.059777187290069,0.4534060014099331,-1.0,-1.8369701987210297e-16,19.711749736233074
TXN601892692,365.61,Auto-Pay,Axis,HDFC,Bangalore,2024-04-22T17:29:25,17,0,0,33.07149153070378,2,0,0,0,0,5.904298612720427,0.4618226538169283,-0.9659258262890683,-0.25881904510252063,18.228596612281514
TXN414017483,3332.74,P2P,Kotak,ICICI,Chennai,2024-04-10T11:23:12,11,2,0,33.874408442728694,1,0,0,0,0,8.111850075866679,0.056872080501416934,0.258819045102521,-0.9659258262890682,16.04976337709148
TXN609797978,967.49,P2P,PNB,Axis,Hyderabad,2024-09-18T04:04:24,4,2,1,86.43605345521154,11,1,0,1,1,6.87573815754852,0.37967874671911317,0.8660254037844386,0.5000000000000001,107.07442138208461
TXN626299178,737.08,P2P,ICICI,PNB,Lucknow,2024-11-06T13:05:26,13,2,0,33.31688126275234,2,0,0,0,0,6.60405221980951,0.41112484500183993,-0.2588190451025208,-0.9659258262890683,18.326752505100934
TXN207472240,586.65,P2M,HDFC,BOB,Hyderabad,2024-11-19T13:57:38,13,1,0,21.769651672619734,3,0,0,0,0,6.376131532578863,0.4316553626211732,-0.2588190451025208,-0.9659258262890683,16.207860669047896
TXN767019986,566.97,P2M,HDFC,PNB,Hyderabad,2024-05-09T17:40:52,17,3,0,19.38931723376555,2,0,0,0,0,6.342068600424882,0.4343412669404479,-0.9659258262890683,-0.25881904510252063,12.755726893506221
TXN961044173,311.12,P2M,PNB,Axis,Mumbai,2024-08-31T17:21:06,17,5,0,42.99022061625105,2,0,0,0,0,5.7433877292485604,0.4692593878797979,-0.9659258262890683,-0.25881904510252063,22.19608824650042
TXN874410822,117.03,P2M,Kotak,Axis,Delhi,2024-10-27T17:53:18,17,6,0,33.720687120180536,3,0,0,0,0,4.770938829440977,0.4957485733131316,-0.9659258262890683,-0.25881904510252063,20.988274848072216
TXN155331364,50.0,P2M,HDFC,HDFC,Jaipur,2024-08-09T19:53:46,19,4,0,13.704218504812928,2,0,0,0,0,3.9318256327243257,0.5048967525062706,-0.9659258262890684,0.2588190451025203,10.481687401925171
TXN252355624,308.75,Auto-Pay,HDFC,BOB,Bangalore,2024-09-28T19:04:21,19,5,0,39.689966016874294,1,0,0,0,0,5.7357655205092515,0.4695828428206861,-0.9659258262890684,0.2588190451025203,18.375986406749718
TXN523142086,805.95,P2P,Axis,Axis,Jaipur,2024-05-23T19:50:05,19,3,0,24.981089569222597,2,0,0,0,0,6.693261708481831,0.4017255446731589,-0.9659258262890684,0.2588190451025203,14.99243582768904
TXN744389771,50.0,P2P,Axis,BOB,Jaipur,2024-01-13T08:24:57,8,5,0,31.664790185115354,2,0,0,0,0,3.9318256327243257,0.5048967525062706,0.8660254037844387,-0.4999999999999998,17.665916074046145
TXN511685642,426.01,Auto-Pay,Axis,HDFC,Kolkata,2024-05-13T16:58:30,16,0,0,28.218379830493575,2,0,0,0,0,6.056807432158147,0.45357932958500824,-0.8660254037844384,-0.5000000000000004,16.28735193219743
TXN505492771,858.16,Auto-Pay,Axis,ICICI,Ahmedabad,2024-03-14T20:14:08,20,3,0,35.812048015815236,2,1,0,0,0,6.7559551677360625,0.39459998245215655,-0.8660254037844386,0.5000000000000001,39.3248192063261
TXN993335256,615.11,P2M,HDFC,Kotak,Jaipur,2024-09-27T14:34:10,14,4,0,24.3288751024062,2,0,0,0,0,6.423425519020111,0.4277711737529539,-0.4999999999999997,-0.8660254037844388,14.731550040962482
TXN389280880,25000.0,P2P,SBI,BOB,Hyderabad,2024-04-08T23:57:37,23,0,1,96.5846903296793,12,0,1,0,1,10.12667110305036,2.90025125389116,-0.25881904510252157,0.9659258262890681,83.63387613187172
TXN572181483,147.02,P2P,SBI,ICICI,Mumbai,2024-04-28T17:20:26,17,6,0,40.05229905079122,1,0,0,0,0,4.99734739976932,0.4916555717615541,-0.9659258262890683,-0.25881904510252063,18.520919620316487
TXN390582990,9144.32,P2P,HDFC,SBI,Pune,2024-08-12T08:51:35,8,0,0,44.16564032283238,2,0,0,0,0,9.120997552011564,0.7362858373751033,0.8660254037844387,-0.4999999999999998,22.666256129132954
TXN979350813,208.18,Collect,HDFC,Axis,Kolkata,2024-10-27T18:33:00,18,6,0,15.112463438542385,3,0,0,0,0,5.3431951253261225,0.483308523582345,-1.0,-1.8369701987210297e-16,13.544985375416953
TXN445206358,15075.11,P2P,Axis,Kotak,Lucknow,2024-08-08T11:19:17,11,3,0,13.96608073121636,1,0,0,0,0,9.62086665072549,1.5457134022994248,0.258819045102521,-0.9659258262890682,8.086432292486545
TXN486121539,24098.45,Auto-Pay,Kotak,HDFC,Hyderabad,2024-08-14T11:37:11,11,2,0,24.232015416591736,1,0,0,0,0,10.089944297641567,2.777208721419513,0.258819045102521,-0.9659258262890682,12.192806166636695
TXN614345489,66.45,P2P,HDFC,Axis,Lucknow,2024-02-22T15:33:49,15,3,0,14.998989772586814,1,0,0,0,0,4.211386582653765,0.5026516749629746,-0.7071067811865471,-0.7071067811865479,8.499595909034726
TXN968809691,2823.14,QR,HDFC,BOB,Lucknow,2024-06-04T09:46:13,9,1,0,22.62350472942253,1,0,0,0,0,7.945959172455151,0.1264217167362919,0.7071067811865476,-0.7071067811865475,11.549401891769014
TXN221595991,50.0,Auto-Pay,BOB,SBI,Pune,2024-03-03T13:10:57,13,6,0,34.9536002750582,2,0,0,0,0,3.9318256327243257,0.5048967525062706,-0.2588190451025208,-0.9659258262890683,18.98144011002328
TXN657024641,1115.93,P2P,BOB,Axis,Hyderabad,2024-02-05T20:59:17,20,0,0,31.84521177471969,2,0,0,0,0,7.018339129245148,0.35941982206702366,-0.8660254037844386,0.5000000000000001,17.73808470988788
TXN546679518,7334.82,P2M,BOB,Axis,Chennai,2024-12-26T13:20:28,13,3,0,28.53126981900133,2,0,0,0,0,8.900524477103104,0.4893273076125321,-0.2588190451025208,-0.9659258262890683,16.412507927600533
TXN779593580,50.0,QR,ICICI,Kotak,Jaipur,2024-06-28T16:49:03,16,4,0,23.365224584192852,1,0,0,0,0,3.9318256327243257,0.5048967525062706,-0.8660254037844384,-0.5000000000000004,11.84608983367714
TXN473964005,3883.06,Auto-Pay,ICICI,PNB,Hyderabad,2024-09-28T11:51:50,11,5,0,19.822287487051803,1,0,0,0,0,8.264636277283657,0.018234975646103494,0.258819045102521,-0.9659258262890682,10.428914994820722
TXN613238942,2905.8,QR,SBI,BOB,Bangalore,2024-10-13T10:04:18,10,6,0,15.973266549249944,1,0,0,0,0,7.974808098742481,0.11514037267982646,0.49999999999999994,-0.8660254037844387,8.889306619699978
TXN983501782,685.81,P2P,ICICI,Axis,Mumbai,2024-03-24T17:36:15,17,6,0,16.092244809255796,2,0,0,0,0,6.532057689196878,0.4181221170775111,-0.9659258262890683,-0.25881904510252063,11.436897923702318
TXN833460967,14528.7,P2M,HDFC,PNB,Delhi,2024-11-19T11:16:51,11,1,0,25.688212162597345,1,0,0,0,0,9.583950109413808,1.471139978564931,0.258819045102521,-0.9659258262890682,12.77528486503894
TXN940161852,406.49,P2M,Kotak,Kotak,Jaipur,2024-02-07T17:41:44,17,2,0,34.87782899470109,2,0,0,0,0,6.010016392502509,0.4562433972838009,-0.9659258262890683,-0.25881904510252063,18.951131597880437
TXN877128192,62.9,QR,Axis,HDFC,Delhi,2024-02-07T11:37:22,11,2,0,42.950047850351076,2,0,0,0,0,4.157319361383489,0.5031361749799169,0.258819045102521,-0.9659258262890682,22.18001914014043
TXN571935161,267.65,P2P,BOB,BOB,Delhi,2024-02-27T12:14:02,12,1,0,26.50604904561275,3,0,0,0,0,5.59340941717483,0.475192124706976,1.2246467991473532e-16,-1.0,18.1024196182451
TXN141964821,50.0,QR,HDFC,PNB,Lucknow,2024-03-05T19:38:34,19,1,0,24.887355657911062,2,0,0,0,0,3.9318256327243257,0.5048967525062706,-0.9659258262890684,0.2588190451025203,14.954942263164426
TXN576931949,151.67,P2P,PNB,Axis,Pune,2024-08-07T12:41:57,12,2,0,29.83068783139623,2,0,0,0,0,5.028278729268851,0.49102094497879867,1.2246467991473532e-16,-1.0,16.932275132558495
TXN448095555,439.48,P2P,PNB,Kotak,Chennai,2024-11-23T16:49:26,16,5,0,14.61701342610048,1,0,0,0,0,6.087865041394298,0.4517409590981877,-0.8660254037844384,-0.5000000000000004,8.346805370440192
TXN405664816,514.51,QR,Axis,SBI,Kolkata,2024-04-10T20:00:15,20,2,0,28.0843159838496,2,0,0,0,0,6.245156701910958,0.44150094888095326,-0.8660254037844386,0.5000000000000001,16.23372639353984
TXN185842776,550.99,P2M,PNB,Axis,Pune,2024-11-17T11:07:08,11,6,0,17.663351535425615,3,0,0,0,0,6.31352993017097,0.4365221994110783,0.258819045102521,-0.9659258262890682,14.565340614170246
TXN479300238,214.97,QR,BOB,PNB,Mumbai,2024-09-30T16:18:53,16,0,0,17.69126050584078,3,0,0,0,0,5.375139509149321,0.4823818320006441,-0.8660254037844384,-0.5000000000000004,14.576504202336313
TXN189988893,50.0,QR,Kotak,HDFC,Kolkata,2024-07-14T10:12:31,10,6,0,43.04450096553828,3,0,0,0,0,3.9318256327243257,0.5048967525062706,0.49999999999999994,-0.8660254037844387,24.717800386215313
TXN735462795,627.85,Collect,SBI,Kotak,Ahmedabad,2024-07-30T10:51:03,10,1,0,33.82353306290079,2,0,0,0,0,6.443892754493165,0.4260324328470821,0.49999999999999994,-0.8660254037844387,18.52941322516032
TXN304153845,757.52,P2M,Kotak,SBI,Delhi,2024-11-05T15:59:39,15,1,0,15.111974486178426,1,0,0,0,0,6.631369166272208,0.4083352167352763,-0.7071067811865471,-0.7071067811865479,8.54478979447137
TXN113361116,161.3,Auto-Pay,BOB,Kotak,Jaipur,2024-10-12T18:17:29,18,5,0,40.37731552906169,3,0,0,0,0,5.089446474520545,0.48970665338354386,-1.0,-1.8369701987210297e-16,23.650926211624675
TXN392977347,50.0,QR,BOB,BOB,Ahmedabad,2024-03-26T15:45:55,15,1,0,29.071389117654576,2,0,0,0,0,3.9318256327243257,0.5048967525062706,-0.7071067811865471,-0.7071067811865479,16.62855564706183
TXN702243189,11559.39,QR,BOB,PNB,Bangalore,2024-04-05T13:44:20,13,4,0,28.14133730639382,3,0,0,0,0,9.355339878681509,1.0658918812953535,-0.2588190451025208,-0.9659258262890683,18.756534922557528
TXN244020733,3805.5,P2P,HDFC,HDFC,Chennai,2024-08-18T18:35:28,18,6,0,40.68679728666123,1,0,0,0,0,8.244465410746267,0.007649673867498903,-1.0,-1.8369701987210297e-16,18.774718914664493
TXN355260534,250.98,P2P,HDFC,SBI,Lucknow,2024-02-12T18:47:14,18,0,0,33.0399324199155,2,1,0,0,0,5.529349719282483,0.4774672276034348,-1.0,-1.8369701987210297e-16,38.2159729679662
TXN286201507,4659.31,QR,BOB,Kotak,Hyderabad,2024-05-25T15:13:33,15,5,0,31.191843768408088,1,0,0,0,0,8.446837248512246,0.12417670470285729,-0.7071067811865471,-0.7071067811865479,14.976737507363236
TXN477557486,3458.86,P2P,PNB,PNB,Lucknow,2024-11-28T20:36:13,20,3,0,24.870976326487792,1,0,0,0,0,8.148983404805398,0.0396593644065534,-0.8660254037844386,0.5000000000000001,12.448390530595118
TXN748759585,20906.39,QR,SBI,Axis,Lucknow,2024-08-09T12:41:16,12,4,0,21.359749948941673,2,0,0,0,0,9.94785796397196,2.3415599540727796,1.2246467991473532e-16,-1.0,13.54389997957667
TXN852340277,749.73,Auto-Pay,BOB,HDFC,Ahmedabad,2024-03-22T19:46:31,19,4,0,24.895452604947273,1,0,0,0,0,6.621046066481948,0.40939838719498917,-0.9659258262890684,0.2588190451025203,12.45818104197891
TXN504035468,1175.43,P2P,BOB,ICICI,Chennai,2024-08-25T12:22:32,12,6,0,26.031340365566574,1,0,0,0,0,7.070239707884773,0.3512993288253144,1.2246467991473532e-16,-1.0,12.91253614622663
TXN119242795,155.99,Collect,BOB,BOB,Mumbai,2024-08-10T12:41:38,12,5,0,43.499661979294906,2,0,0,0,0,5.0561821090522265,0.49043135622578715,1.2246467991473532e-16,-1.0,22.399864791717963
TXN213396034,365.0,P2M,Kotak,PNB,Bangalore,2024-01-20T09:57:59,9,5,0,42.352087881387725,1,0,0,0,0,5.902633333401366,0.4619059059325155,0.7071067811865476,-0.7071067811865475,19.440835152555092
TXN992071194,392.2,P2P,Kotak,HDFC,Chennai,2024-02-02T15:32:01,15,4,0,18.649980069305887,2,1,0,0,0,5.974318388273011,0.45819368045059133,-0.7071067811865471,-0.7071067811865479,32.45999202772235
TXN251612236,1708.27,P2M,ICICI,BOB,Jaipur,2024-10-25T17:11:39,17,4,0,12.241804489979586,2,0,0,0,0,7.443821657763914,0.2785779234654423,-0.9659258262890683,-0.25881904510252063,9.896721795991834
TXN889393064,50.0,P2P,PNB,Kotak,Kolkata,2024-01-05T14:12:33,14,4,0,11.378137927354572,1,0,0,0,0,3.9318256327243257,0.5048967525062706,-0.4999999999999997,-0.8660254037844388,7.051255170941829
TXN757108344,212.74,P2P,ICICI,ICICI,Pune,2024-04-30T19:25:26,19,1,0,21.74890170094392,2,0,0,0,0,5.364760323096751,0.4826861798986106,-0.9659258262890684,0.2588190451025203,13.69956068037757
TXN982221149,50.0,P2P,Axis,ICICI,Chennai,2024-03-15T09:10:59,9,4,0,25.49640000127164,3,1,0,0,0,3.9318256327243257,0.5048967525062706,0.7071067811865476,-0.7071067811865475,37.69856000050866
TXN405655663,278.37,QR,SBI,Axis,Mumbai,2024-09-15T12:54:44,12,6,0,26.547336053887207,3,0,0,0,0,5.632537068115956,0.47372907113468826,1.2246467991473532e-16,-1.0,18.118934421554883
TXN997070870,4310.09,P2M,Axis,ICICI,Mumbai,2024-11-15T08:50:00,8,4,0,13.490683433322475,3,0,0,0,0,8.36894605135594,0.07651555092353418,0.8660254037844387,-0.4999999999999998,12.896273373328992
TXN167911393,1133.87,P2P,Kotak,PNB,Ahmedabad,2024-11-20T14:27:39,14,2,0,20.8452219087237,3,0,0,0,0,7.034273385910655,0.3569713909954898,-0.4999999999999997,-0.8660254037844388,15.83808876348948
TXN167896087,50.0,P2P,HDFC,BOB,Bangalore,2024-08-29T11:26:16,11,3,0,33.88416487364063,3,0,0,0,0,3.9318256327243257,0.5048967525062706,0.258819045102521,-0.9659258262890682,21.053665949456253
TXN402626319,381.82,P2P,SBI,PNB,Mumbai,2024-04-01T14:44:39,14,0,0,43.07928570607104,3,0,0,0,0,5.9475649048179635,0.459610331204355,-0.4999999999999997,-0.8660254037844388,24.731714282428417
TXN496229206,257.66,Auto-Pay,Kotak,HDFC,Jaipur,2024-04-11T17:29:43,17,3,0,10.544328674280566,1,0,0,0,0,5.5555144579870985,0.4765555486983152,-0.9659258262890683,-0.25881904510252063,6.717731469712226
TXN728221663,1810.71,QR,BOB,ICICI,Chennai,2024-01-03T08:52:41,8,2,0,26.67129903691492,2,0,0,0,0,7.502026429644383,0.26459702720190115,0.8660254037844387,-0.4999999999999998,15.66851961476597
TXN164741708,66.82,P2M,ICICI,HDFC,Kolkata,2024-06-13T15:57:17,15,3,0,40.68034799055384,2,0,0,0,0,4.2168571366974925,0.5026011777781101,-0.7071067811865471,-0.7071067811865479,21.272139196221538
TXN810256855,11640.2,QR,BOB,PNB,Kolkata,2024-02-29T15:53:08,15,3,0,44.80623894636005,3,0,0,0,0,9.362305808755238,1.076920739427497,-0.7071067811865471,-0.7071067811865479,25.42249557854402
TXN831300372,1396.48,QR,ICICI,BOB,Jaipur,2024-10-30T20:26:17,20,2,0,12.203999305679515,2,0,0,0,0,7.242425893656722,0.3211306728407792,-0.8660254037844386,0.5000000000000001,9.881599722271806
TXN711806049,7783.15,Auto-Pay,Kotak,ICICI,Kolkata,2024-12-22T10:47:03,10,6,0,40.96777023250261,1,0,0,0,0,8.959844893978218,0.5505148829916167,0.49999999999999994,-0.8660254037844387,18.887108093001043
TXN246832815,1961.97,P2M,BOB,BOB,Delhi,2024-09-21T09:16:26,9,5,0,17.157651854247852,3,0,0,0,0,7.5822139114291645,0.24395323211381795,0.7071067811865476,-0.7071067811865475,14.36306074169914
TXN497031385,2966.41,P2P,Axis,BOB,Ahmedabad,2024-07-07T16:24:19,16,6,0,28.664758443085862,2,0,0,0,0,7.9954447974645095,0.10686838788352397,-0.8660254037844384,-0.5000000000000004,16.465903377234348
TXN256256438,1862.59,P2M,PNB,ICICI,Kolkata,2024-11-12T16:34:46,16,1,0,11.517715505887944,3,0,0,0,0,7.530260013969885,0.25751650301064266,-0.8660254037844384,-0.5000000000000004,12.107086202355177
TXN840213830,1987.19,P2P,HDFC,BOB,Jaipur,2024-01-24T16:13:23,16,2,0,33.42000246931454,1,0,0,0,0,7.594979956090313,0.2405112348103573,-0.8660254037844384,-0.5000000000000004,15.868000987725816
TXN339292078,859.34,P2P,PNB,HDFC,Delhi,2024-06-30T17:20:14,17,6,0,39.21068334083452,2,0,0,0,0,6.757327659955003,0.39443893737610247,-0.9659258262890683,-0.25881904510252063,20.68427333633381
TXN783861583,19865.08,P2P,HDFC,ICICI,Bangalore,2024-05-11T19:18:00,19,5,0,21.71784393407806,3,0,0,0,0,9.896769033747963,2.1994431336101865,-0.9659258262890684,0.2588190451025203,16.187137573631226
TXN695268237,126.05,P2P,HDFC,SBI,Ahmedabad,2024-01-30T12:16:02,12,1,0,32.24016947799251,3,0,0,0,0,4.8445807097661735,0.49451753383346403,1.2246467991473532e-16,-1.0,20.396067791197005
TXN469833143,199.01,QR,BOB,Axis,Delhi,2024-05-01T17:00:29,17,2,0,18.995197521599703,1,0,0,0,0,5.298367365298079,0.48456003489371435,-0.9659258262890683,-0.25881904510252063,10.098079008639882
TXN276937809,25000.0,P2P,HDFC,HDFC,Delhi,2024-12-30T23:25:51,23,0,1,85.29002230614775,13,1,1,0,1,10.12667110305036,2.90025125389116,-0.25881904510252157,0.9659258262890681,101.6160089224591
TXN862025305,610.04,P2P,BOB,HDFC,Hyderabad,2024-04-03T16:29:56,16,2,0,17.043762759290935,3,0,0,0,0,6.415162423477206,0.4284631216644744,-0.8660254037844384,-0.5000000000000004,14.317505103716375
TXN413301220,313.64,P2P,Kotak,BOB,Delhi,2024-02-17T20:47:18,20,5,0,19.14714196145176,3,0,0,0,0,5.751429128123554,0.46891546110720783,-0.8660254037844386,0.5000000000000001,15.158856784580703
TXN171288660,741.43,P2M,BOB,SBI,Pune,2024-08-07T10:59:58,10,2,0,35.6604169149321,1,0,0,0,0,6.609928590138308,0.4105311618824881,0.49999999999999994,-0.8660254037844387,16.76416676597284
TXN235362908,6522.17,P2P,Axis,Axis,Lucknow,2024-01-12T17:12:04,17,4,0,25.273682461809212,1,0,0,0,0,8.783115733084584,0.37841774739614453,-0.9659258262890683,-0.25881904510252063,12.609472984723686
TXN428706497,61.37,P2P,Kotak,HDFC,Lucknow,2024-09-20T16:57:25,16,4,0,35.91488382202327,3,0,0,1,0,4.1330843905380314,0.5033449876632752,-0.8660254037844384,-0.5000000000000004,31.865953528809307
TXN647752145,71.54,QR,PNB,Kotak,Kolkata,2024-01-17T11:17:52,11,2,0,35.46154493612331,3,0,0,0,0,4.284138133854756,0.5019569974738939,0.258819045102521,-0.9659258262890682,21.684617974449324
TXN573462174,740.67,QR,BOB,Kotak,Hyderabad,2024-06-29T15:19:08,15,5,0,18.7080599430087,1,0,0,0,0,6.608904400304153,0.41063488582977714,-0.7071067811865471,-0.7071067811865479,9.98322397720348
TXN124923183,192.25,P2P,Kotak,PNB,Ahmedabad,2024-03-22T12:18:30,12,4,0,39.26101992546945,2,0,0,0,0,5.263984687467532,0.4854826321090749,1.2246467991473532e-16,-1.0,20.70440797018778
TXN431214848,104.16,QR,PNB,PNB,Hyderabad,2024-08-17T11:02:21,11,5,0,36.807452919642365,1,0,0,0,0,4.655482999861681,0.497505056473145,0.258819045102521,-0.9659258262890682,17.222981167856947
TXN149328835,55.94,Auto-Pay,BOB,BOB,Kolkata,2024-04-01T19:12:19,19,0,0,18.776702633391523,3,0,0,0,0,4.041998081849892,0.5040860679708798,-0.9659258262890684,0.2588190451025203,15.01068105335661
TXN391357286,636.73,QR,PNB,Kotak,Ahmedabad,2024-04-28T08:52:49,8,6,0,44.639403754858606,3,0,0,0,0,6.457914996279296,0.4248205004103362,0.8660254037844387,-0.4999999999999998,25.355761501943444
TXN255167250,1630.95,QR,BOB,SBI,Ahmedabad,2024-06-21T13:10:57,13,4,0,15.530249081125305,1,0,0,0,0,7.39753089779982,0.289130470313324,-0.2588190451025208,-0.9659258262890683,8.712099632450123
TXN325903269,1873.09,P2P,Axis,HDFC,Lucknow,2024-05-30T12:21:44,12,3,0,19.014749344592026,3,0,0,0,0,7.535878487258835,0.2560834747915175,1.2246467991473532e-16,-1.0,15.105899737836811
TXN629667878,355.0,P2M,SBI,Kotak,Ahmedabad,2024-10-04T18:36:32,18,4,0,26.154511604692647,1,0,0,0,0,5.87493073085203,0.46327069471263477,-1.0,-1.8369701987210297e-16,12.961804641877059
TXN529337290,476.77,P2M,Kotak,Kotak,Delhi,2024-05-06T14:17:58,14,0,0,37.58901751126939,1,0,0,0,0,6.169129445143161,0.4466516617371231,-0.4999999999999997,-0.8660254037844388,17.535607004507757
TXN980259685,79.24,P2P,Axis,PNB,Lucknow,2024-09-30T13:17:48,13,0,0,30.59007593424237,3,0,0,0,0,4.38502214365368,0.5009061101132022,-0.2588190451025208,-0.9659258262890683,19.73603037369695
TXN619094846,420.89,QR,SBI,Kotak,Hyderabad,2024-11-18T18:01:49,18,0,0,40.17842435861271,1,0,0,0,0,6.044744616550266,0.4542781014404293,-1.0,-1.8369701987210297e-16,18.571369743445086
TXN277287272,5448.29,QR,SBI,Axis,Pune,2024-04-10T16:53:46,16,2,0,37.60752807838077,2,0,0,0,0,8.603240603941376,0.2318558098767027,-0.8660254037844384,-0.5000000000000004,20.04301123135231
TXN430897233,50.0,QR,BOB,Kotak,Ahmedabad,2024-10-25T20:18:38,20,4,0,30.920150557775276,1,0,0,0,0,3.9318256327243257,0.5048967525062706,-0.8660254037844386,0.5000000000000001,14.868060223110112
TXN451844154,780.83,P2M,ICICI,Axis,Delhi,2024-07-28T19:10:13,19,6,0,40.63427965364283,1,0,0,0,0,6.661637325608049,0.4051538940888184,-0.9659258262890684,0.2588190451025203,18.75371186145713
TXN509627387,2237.95,QR,BOB,PNB,Kolkata,2024-03-27T17:48:28,17,2,0,38.86386594583509,2,0,0,0,0,7.71376228495146,0.20628779136008799,-0.9659258262890683,-0.25881904510252063,20.545546378334038
TXN320910568,1663.78,Auto-Pay,HDFC,Axis,Chennai,2024-11-19T08:05:41,8,1,0,31.040423358158115,1,0,0,0,0,7.417448261552193,0.28464986874819265,0.8660254037844387,-0.4999999999999998,14.916169343263247
TXN874684187,356.05,Collect,ICICI,Kotak,Hyderabad,2024-08-23T15:11:35,15,4,0,25.725092982352706,2,0,0,0,0,5.877875827995119,0.4631273918907222,-0.7071067811865471,-0.7071067811865479,15.290037192941083
TXN894128273,1068.07,P2P,Kotak,PNB,Chennai,2024-07-29T14:42:44,14,0,0,44.91658926141925,2,0,0,0,0,6.974544390639862,0.36595170116867415,-0.4999999999999997,-0.8660254037844388,22.9666357045677
TXN625818892,872.73,P2P,Kotak,Kotak,Ahmedabad,2024-04-04T16:05:59,16,3,0,23.573770370134742,1,0,0,0,0,6.772771403443412,0.3926114851995228,-0.8660254037844384,-0.5000000000000004,11.929508148053896
TXN989052541,783.01,P2M,PNB,SBI,Delhi,2024-11-25T16:16:41,16,0,0,28.11396318703682,2,0,0,0,0,6.664421775371103,0.40485637013475245,-0.8660254037844384,-0.5000000000000004,16.24558527481473
TXN735030985,172.05,QR,SBI,PNB,Chennai,2024-06-01T08:31:23,8,5,0,12.999383210497077,1,0,0,0,0,5.1535805700813535,0.4882395054449157,0.8660254037844387,-0.4999999999999998,7.699753284198831
TXN748461479,4526.41,P2P,Axis,Axis,Chennai,2024-05-27T12:50:49,12,0,0,32.66768818329099,2,0,0,0,0,8.417905311039833,0.1060386618150729,1.2246467991473532e-16,-1.0,18.067075273316398
TXN551909905,180.29,P2M,PNB,ICICI,Lucknow,2024-02-09T17:06:11,17,4,0,32.4364811393763,1,0,0,0,0,5.200097959041577,0.4871149194900975,-0.9659258262890683,-0.25881904510252063,15.47459245575052
TXN986183112,1084.84,P2M,BOB,SBI,Jaipur,2024-08-07T09:41:44,9,2,0,35.628585900304074,3,0,0,0,0,6.99010915998971,0.3636629503844143,0.7071067811865476,-0.7071067811865475,21.75143436012163
TXN448139434,6688.38,P2P,PNB,BOB,Hyderabad,2024-03-12T08:31:45,8,1,0,26.789513880309006,1,0,0,0,0,8.808276473192345,0.4011019017105059,0.8660254037844387,-0.4999999999999998,13.215805552123603
TXN574380438,863.94,P2P,ICICI,SBI,Hyderabad,2024-04-03T10:59:00,10,2,0,30.067041526799777,1,0,0,0,0,6.762660140364225,0.39381113453724764,0.49999999999999994,-0.8660254037844387,14.526816610719912
TXN246950545,1304.35,P2P,SBI,Kotak,Bangalore,2024-03-21T16:00:39,16,3,0,11.684417966519785,2,0,0,0,0,7.174226483031525,0.3337044718720175,-0.8660254037844384,-0.5000000000000004,9.673767186607915
TXN224428704,175.85,P2M,HDFC,Axis,Bangalore,2024-06-14T17:21:04,17,4,0,16.918069877463676,3,0,0,0,0,5.17530191565149,0.48772088570847044,-0.9659258262890683,-0.25881904510252063,14.267227950985472
TXN806128691,50.0,P2M,PNB,ICICI,Bangalore,2024-08-18T12:29:20,12,6,0,37.422552590576814,1,0,0,0,0,3.9318256327243257,0.5048967525062706,1.2246467991473532e-16,-1.0,17.46902103623073
TXN507083083,5694.39,Auto-Pay,ICICI,PNB,Jaipur,2024-01-06T10:44:34,10,5,0,10.463786172636869,1,0,0,0,0,8.64741235466035,0.26544326175543653,0.49999999999999994,-0.8660254037844387,6.685514469054747
TXN469851684,390.89,P2P,ICICI,Axis,Ahmedabad,2024-10-12T12:31:15,12,5,0,25.50470385297114,1,0,0,0,0,5.970981188166582,0.45837246778078694,1.2246467991473532e-16,-1.0,12.701881541188456
TXN255623748,1558.42,Auto-Pay,PNB,Kotak,Bangalore,2024-07-31T10:52:24,10,2,0,14.630343366327981,1,0,0,0,0,7.352069236238939,0.2990292833355287,0.49999999999999994,-0.8660254037844387,8.352137346531194
TXN235280754,5846.61,P2M,BOB,ICICI,Pune,2024-06-30T19:07:31,19,6,0,21.029510122271745,3,0,0,0,0,8.673788309739288,0.2862180765664111,-0.9659258262890684,0.2588190451025203,15.911804048908698
TXN973083025,3323.71,P2P,Axis,BOB,Lucknow,2024-03-09T15:45:09,15,5,0,19.936070891380112,3,0,0,0,0,8.109137731241127,0.058104484769864545,-0.7071067811865471,-0.7071067811865479,15.474428356552046
TXN106498450,174.53,QR,BOB,Kotak,Pune,2024-11-02T13:58:25,13,5,0,18.567633166029868,2,0,0,0,0,5.167809968468254,0.4879010378274461,-0.2588190451025208,-0.9659258262890683,12.427053266411948
TXN394265537,1338.97,P2M,BOB,PNB,Ahmedabad,2024-12-08T10:34:38,10,6,0,33.24381116690601,1,0,0,0,0,7.200402504634639,0.3289795731152448,0.49999999999999994,-0.8660254037844387,15.797524466762406
TXN168269539,162.17,P2P,Kotak,Axis,Delhi,2024-09-29T19:34:28,19,6,0,19.587020472046632,3,0,0,0,0,5.094792602102979,0.4895879167596735,-0.9659258262890684,0.2588190451025203,15.334808188818652
TXN816279884,112.24,QR,HDFC,ICICI,Delhi,2024-06-26T13:24:55,13,2,0,30.18458396002147,2,0,0,0,0,4.7295094602436984,0.49640230713880873,-0.2588190451025208,-0.9659258262890683,17.07383358400859
TXN450195696,236.37,P2P,Axis,Kotak,Bangalore,2024-01-29T09:14:45,9,0,0,32.246981954249335,1,0,0,0,0,5.469620105192861,0.479461184011189,0.7071067811865476,-0.7071067811865475,15.398792781699735
TXN157392153,478.3,QR,SBI,PNB,Hyderabad,2024-10-23T19:36:52,19,2,0,20.098691655090946,2,0,0,0,0,6.1723267061655855,0.44644284905376486,-0.9659258262890684,0.2588190451025203,13.039476662036378
TXN833174088,508.87,QR,SBI,Kotak,Lucknow,2024-07-07T09:43:51,9,6,0,36.10418944912024,3,0,0,0,0,6.234155791264561,0.4422706897529405,0.7071067811865476,-0.7071067811865475,21.941675779648097
TXN251013379,9281.62,P2M,Kotak,Kotak,Chennai,2024-04-21T11:07:24,11,6,0,22.33411543703314,3,0,0,0,0,9.13589911351952,0.7550243873261403,0.258819045102521,-0.9659258262890682,16.433646174813255
TXN183709131,1958.34,P2P,PNB,SBI,Delhi,2024-07-23T16:06:11,16,1,0,16.90913068056899,1,0,0,1,0,7.580362960822828,0.24444865044100123,-0.8660254037844384,-0.5000000000000004,19.263652272227596
TXN172233682,502.79,P2M,ICICI,SBI,Jaipur,2024-07-12T08:17:58,8,4,0,44.8416154676622,1,0,0,0,0,6.222159514575027,0.44310048133125296,0.8660254037844387,-0.4999999999999998,20.43664618706488
TXN993723812,259.03,QR,Kotak,PNB,Chennai,2024-12-28T14:01:55,14,5,0,10.911142743826197,1,0,0,0,0,5.560797008974619,0.4763685726354388,-0.4999999999999997,-0.8660254037844388,6.864457097530479
TXN279447848,3257.23,P2P,HDFC,PNB,Pune,2024-09-06T10:25:37,10,4,0,44.97845123731682,3,0,0,0,0,8.088939382127585,0.06717760058009706,0.49999999999999994,-0.8660254037844387,25.491380494926727
TXN279624393,8873.91,P2P,BOB,Kotak,Ahmedabad,2024-11-13T08:06:41,8,2,0,12.30640611090086,2,0,0,0,0,9.090983473447128,0.6993805839718998,0.8660254037844387,-0.4999999999999998,9.922562444360345
TXN714812145,68.39,P2M,Kotak,Axis,Pune,2024-09-23T13:07:46,13,0,0,36.8006459327365,1,0,0,0,0,4.239742764911457,0.5023869059396314,-0.2588190451025208,-0.9659258262890683,17.2202583730946
TXN595783704,84.27,Auto-Pay,BOB,Axis,Ahmedabad,2024-12-28T09:54:34,9,5,0,32.00209254491125,1,0,0,0,0,4.445822692753958,0.5002196213568021,0.7071067811865476,-0.7071067811865475,15.3008370179645
TXN507545909,8165.92,P2M,PNB,BOB,Kolkata,2024-07-21T13:58:23,13,6,0,44.297908909768154,1,0,0,1,0,9.007847127791749,0.6027549031282399,-0.2588190451025208,-0.9659258262890683,30.219163563907262
TXN213187480,415.61,P2P,SBI,SBI,Chennai,2024-11-04T19:09:06,19,0,0,14.962686450016752,1,0,0,0,0,6.032150532379399,0.4549987099163322,-0.9659258262890684,0.2588190451025203,8.485074580006701
TXN392383397,446.62,QR,Kotak,Kotak,Kolkata,2024-05-28T16:12:40,16,1,0,44.62412449012624,2,0,0,0,0,6.103944658191983,0.45076649990918255,-0.8660254037844384,-0.5000000000000004,22.849649796050496
TXN743141631,89.3,QR,SBI,BOB,Delhi,2024-02-08T08:44:10,8,3,0,39.20136785122895,1,0,0,0,0,4.5031374604229395,0.49953313260040216,0.8660254037844387,-0.4999999999999998,18.180547140491583
TXN101420654,1358.88,Collect,ICICI,ICICI,Mumbai,2024-11-19T14:22:01,14,1,0,39.98923724031117,1,0,0,0,0,7.215151739543018,0.3262622786540274,-0.4999999999999997,-0.8660254037844388,18.49569489612447
TXN639711107,58.45,P2M,SBI,Kotak,Hyderabad,2024-10-12T19:11:32,19,5,0,24.580184175434447,2,0,0,0,0,4.085135623136791,0.50374350598707,-0.9659258262890684,0.2588190451025203,14.832073670173779
TXN964975340,1674.41,P2M,SBI,SBI,Jaipur,2024-01-31T10:40:50,10,2,0,18.356824586671472,2,0,0,0,0,7.423813190425784,0.28319909827492595,0.49999999999999994,-0.8660254037844387,12.342729834668589
TXN579276906,1765.29,P2M,SBI,ICICI,Delhi,2024-09-30T08:57:08,8,0,0,21.138987217159222,1,0,0,0,0,7.476636580592974,0.2707958978412026,0.8660254037844387,-0.4999999999999998,10.95559488686369
TXN553518982,284.55,P2M,ICICI,ICICI,Ahmedabad,2024-09-01T08:32:32,8,6,0,31.971744298575764,3,0,0,1,0,5.654417145110872,0.47288563166857456,0.8660254037844387,-0.4999999999999998,30.288697719430306
TXN286817163,71.42,P2P,Axis,PNB,Ahmedabad,2024-10-18T15:41:37,15,4,0,14.461468870126108,3,0,0,0,0,4.282482504337495,0.5019733749392553,-0.7071067811865471,-0.7071067811865479,13.284587548050443
TXN518435270,2384.03,P2M,Axis,PNB,Lucknow,2024-09-20T17:59:26,17,4,0,10.266055993105004,2,0,0,0,0,7.776966981859684,0.18635095686010653,-0.9659258262890683,-0.25881904510252063,9.106422397242003
TXN180320156,161.7,Collect,HDFC,PNB,Lucknow,2024-09-04T11:28:23,11,2,0,13.965622665461247,2,0,0,0,0,5.091908014224992,0.4896520618323391,0.258819045102521,-0.9659258262890682,10.5862490661845
TXN437177030,139.22,Auto-Pay,HDFC,SBI,Lucknow,2024-07-08T14:25:42,14,0,0,18.474226622016307,1,0,0,0,0,4.943212617778822,0.4927201070100471,-0.4999999999999997,-0.8660254037844388,9.889690648806523
TXN919260116,650.57,QR,Axis,PNB,Bangalore,2024-04-24T10:30:25,10,2,0,33.07020224001366,1,0,0,0,0,6.479384835152339,0.4229316327386512,0.49999999999999994,-0.8660254037844387,15.728080896005464
TXN713102335,75.1,P2P,SBI,BOB,Jaipur,2024-01-13T11:05:49,11,5,0,40.434941072992615,1,0,0,0,0,4.33204826486764,0.5014711326681714,0.258819045102521,-0.9659258262890682,18.673976429197047
TXN285736033,1579.1,P2P,ICICI,ICICI,Hyderabad,2024-02-25T13:42:26,13,6,0,31.072163524997507,1,0,0,0,0,7.365243415157454,0.2962069001382422,-0.2588190451025208,-0.9659258262890683,14.928865409999004
TXN609504121,526.17,P2M,Kotak,PNB,Kolkata,2024-09-21T14:13:05,14,5,0,39.93600625270284,3,0,0,0,0,6.2675230771685735,0.4399096051633342,-0.4999999999999997,-0.8660254037844388,23.474402501081137
TXN972946412,516.65,P2P,PNB,SBI,Mumbai,2024-02-24T19:49:04,19,5,0,10.512677445150334,1,0,0,0,0,6.249299338212122,0.4412088840820077,-0.9659258262890684,0.2588190451025203,6.705070978060134
TXN614817842,50.0,P2P,BOB,ICICI,Kolkata,2024-04-25T20:40:02,20,3,0,17.656747685057457,1,0,0,0,0,3.9318256327243257,0.5048967525062706,-0.8660254037844386,0.5000000000000001,9.562699074022984
TXN445069695,215.07,P2P,Kotak,HDFC,Mumbai,2024-07-02T12:54:33,12,1,0,22.207354362801183,3,0,0,0,0,5.375602429257579,0.4823681841128428,1.2246467991473532e-16,-1.0,16.382941745120476
TXN345143188,6675.74,P2P,Kotak,BOB,Pune,2024-07-31T17:11:45,17,2,0,25.796338426535396,3,0,0,0,0,8.806385123456149,0.3993768086924352,-0.9659258262890683,-0.25881904510252063,17.818535370614157
TXN254339970,22042.16,P2M,HDFC,PNB,Mumbai,2024-04-21T08:54:58,8,6,0,30.041253150870784,2,0,0,0,0,10.00075762867012,2.4965685693523794,0.8660254037844387,-0.4999999999999998,17.016501260348313
TXN753424201,141.62,QR,ICICI,BOB,Chennai,2024-10-12T20:13:30,20,5,0,35.73587540135888,3,0,0,0,0,4.960183750600158,0.4923925577028185,-0.8660254037844386,0.5000000000000001,21.79435016054355
TXN132515559,973.87,P2M,SBI,BOB,Delhi,2024-08-11T19:08:23,19,6,0,23.005350324809537,1,0,0,0,0,6.882304128774835,0.3788080114773972,-0.9659258262890684,0.2588190451025203,11.702140129923816
TXN347848380,3342.11,QR,BOB,Axis,Hyderabad,2024-04-01T12:57:40,12,0,0,13.37704874673427,1,0,0,0,0,8.114656790455482,0.055593273414445185,1.2246467991473532e-16,-1.0,7.850819498693708
TXN792181078,768.77,QR,ICICI,ICICI,Hyderabad,2024-06-18T18:36:40,18,1,0,41.49578321999032,2,0,0,0,0,6.64609176892891,0.4067998293576422,-1.0,-1.8369701987210297e-16,21.59831328799613
TXN152878701,4730.94,Auto-Pay,ICICI,SBI,Hyderabad,2024-01-29T19:03:54,19,0,0,39.3207048968728,2,0,0,0,0,8.462090545389826,0.13395268673485108,-0.9659258262890684,0.2588190451025203,20.728281958749122
TXN452070985,106.91,Auto-Pay,BOB,PNB,Lucknow,2024-01-27T19:21:11,19,5,0,10.105038672665463,1,0,0,0,0,4.681297546375642,0.4971297395586123,-0.9659258262890684,0.2588190451025203,6.542015469066185
TXN212582164,8377.4,P2M,BOB,Axis,Mumbai,2024-12-06T19:12:49,19,4,0,23.673365098029176,2,0,0,0,0,9.033412244458935,0.6316174562502008,-0.9659258262890684,0.2588190451025203,14.46934603921167
TXN481629122,868.81,P2P,HDFC,ICICI,Kolkata,2024-11-15T16:25:24,16,4,0,16.056896689362258,2,0,0,0,0,6.768274796993287,0.3931464824013296,-0.8660254037844384,-0.5000000000000004,11.422758675744904
TXN751811174,259.73,P2P,Axis,BOB,Lucknow,2024-06-09T08:07:41,8,6,0,21.231681893959035,1,0,0,0,0,5.563485389117479,0.4762730374208305,0.8660254037844387,-0.4999999999999998,10.992672757583614
TXN850882832,76.96,P2M,PNB,ICICI,Jaipur,2024-11-03T14:24:30,14,6,0,31.684887867253085,1,0,0,0,0,4.35619587463936,0.5012172819550693,-0.4999999999999997,-0.8660254037844388,15.173955146901235
TXN214027266,404.26,P2P,Axis,SBI,Lucknow,2024-09-03T20:53:11,20,1,0,14.953327194953788,1,0,0,0,0,6.004528836437183,0.45654774518176755,-0.8660254037844386,0.5000000000000001,8.481330877981517
TXN396980088,105.05,P2P,ICICI,PNB,Chennai,2024-12-04T19:36:54,19,2,0,42.0877596259922,1,0,0,0,0,4.663910681010692,0.4973835902717144,-0.9659258262890684,0.2588190451025203,19.33510385039688
TXN500182834,151.98,P2M,SBI,Axis,Chennai,2024-04-21T14:11:41,14,6,0,16.10828667209089,3,0,0,0,0,5.03030719389372,0.49097863652661494,-0.4999999999999997,-0.8660254037844388,13.943314668836358
TXN932087042,7609.65,P2P,HDFC,SBI,Ahmedabad,2024-07-13T16:22:26,16,5,0,26.879676082030254,2,0,0,0,0,8.93730386113721,0.5268357976565484,-0.8660254037844384,-0.5000000000000004,15.751870432812103
TXN277701618,6625.24,P2M,Axis,HDFC,Chennai,2024-08-14T08:46:57,8,2,0,27.075681209932082,3,0,0,0,0,8.79879280315166,0.3924846253528332,0.8660254037844387,-0.4999999999999998,18.330272483972834
TXN479111470,396.55,QR,PNB,ICICI,Chennai,2024-02-14T19:00:05,19,2,0,41.39790122713845,3,0,0,0,0,5.985320712347493,0.4575999973312394,-0.9659258262890684,0.2588190451025203,24.05916049085538
TXN533557559,109.51,P2M,BOB,PNB,Delhi,2024-05-05T19:16:32,19,6,0,16.760600294295145,3,0,0,0,0,4.705106014600691,0.4967748944757812,-0.9659258262890684,0.2588190451025203,14.204240117718058
TXN764578347,6151.14,Collect,ICICI,HDFC,Jaipur,2024-05-12T12:34:39,12,6,0,31.493653118710466,1,0,0,0,0,8.724555267753596,0.3277799892873815,1.2246467991473532e-16,-1.0,15.097461247484187
TXN918867378,1928.26,Collect,BOB,BOB,Lucknow,2024-12-17T17:31:07,17,1,0,17.21727640849079,1,1,0,0,0,7.564891788685689,0.24855393509159981,-0.9659258262890683,-0.25881904510252063,29.386910563396317
TXN997034469,9185.96,P2P,SBI,SBI,Lucknow,2024-11-11T16:03:59,16,0,0,12.980850834869472,3,0,0,0,0,9.12554036628354,0.7419688178555197,-0.8660254037844384,-0.5000000000000004,12.69234033394779
TXN994545822,4723.6,P2P,Axis,BOB,Delhi,2024-05-24T10:55:55,10,4,0,14.396546460468258,3,0,0,0,0,8.46053818025966,0.1329509317702437,0.49999999999999994,-0.8660254037844387,13.258618584187303
TXN808550028,373.02,P2M,Axis,SBI,Lucknow,2024-09-28T19:07:03,19,5,0,32.69964348304973,1,0,0,0,0,5.924309271920574,0.46081134533085993,-0.9659258262890684,0.2588190451025203,15.579857393219891
TXN969644303,541.24,P2M,ICICI,HDFC,Ahmedabad,2024-03-05T18:51:31,18,1,0,43.23891995565588,1,0,0,0,0,6.295708707858741,0.4378528684716945,-1.0,-1.8369701987210297e-16,19.79556798226235
TXN252872208,342.89,Auto-Pay,PNB,Axis,Hyderabad,2024-03-07T17:42:25,17,3,0,24.356657535843883,3,0,0,0,0,5.8403218387950275,0.4649234539253591,-0.9659258262890683,-0.25881904510252063,17.242663014337552
TXN718336131,50.0,P2P,Kotak,HDFC,Ahmedabad,2024-11-23T11:44:06,11,5,0,10.322779575552943,1,0,0,0,0,3.9318256327243257,0.5048967525062706,0.258819045102521,-0.9659258262890682,6.629111830221177
TXN249296935,386.14,P2P,ICICI,Axis,Jaipur,2024-08-19T10:43:12,10,0,0,25.42932618233346,3,0,0,0,0,5.958786384717399,0.45902074245134356,0.49999999999999994,-0.8660254037844387,17.671730472933383
TXN155938303,324.95,P2P,SBI,ICICI,Mumbai,2024-11-23T20:22:19,20,5,0,24.080403488378128,1,0,0,0,0,5.786743995370548,0.46737188499689303,-0.8660254037844386,0.5000000000000001,12.132161395351252
TXN217763349,50.0,P2M,PNB,ICICI,Lucknow,2024-05-22T12:12:14,12,2,0,25.004107286433772,3,0,0,0,0,3.9318256327243257,0.5048967525062706,1.2246467991473532e-16,-1.0,17.50164291457351
TXN848010130,10667.78,Collect,SBI,HDFC,Mumbai,2024-12-14T16:03:45,16,5,0,38.042496574506266,2,0,0,0,0,9.275076998489588,0.9442059488711447,-0.8660254037844384,-0.5000000000000004,20.216998629802507
TXN462185138,50.0,P2P,Axis,BOB,Ahmedabad,2024-02-19T18:24:16,18,0,0,43.13394809894041,2,0,0,0,0,3.9318256327243257,0.5048967525062706,-1.0,-1.8369701987210297e-16,22.253579239576165
TXN885171624,1121.64,P2P,ICICI,SBI,Bangalore,2024-02-19T13:32:54,13,0,0,13.384443494121804,3,0,0,0,0,7.02343833344288,0.35864052767357557,-0.2588190451025208,-0.9659258262890683,12.853777397648722
TXN147076916,10000.0,P2P,ICICI,ICICI,Pune,2024-04-17T01:52:14,1,2,1,93.73833679016528,13,1,1,1,1,9.210440366976517,0.853068083712344,0.25881904510252074,0.9659258262890683,114.99533471606611
TXN770000231,4628.71,QR,PNB,PNB,Mumbai,2024-08-31T15:35:19,15,5,0,15.86469708845171,1,0,0,0,0,8.440249510129426,0.12000045103569246,-0.7071067811865471,-0.7071067811865479,8.845878835380685
TXN367403724,1710.58,P2P,Axis,PNB,Mumbai,2024-07-02T08:02:20,8,1,0,33.120423983689456,2,0,0,0,0,7.445172199501267,0.2782626572572348,0.8660254037844387,-0.4999999999999998,18.248169593475783
TXN385712173,23509.36,P2M,PNB,Kotak,Hyderabad,2024-05-05T10:18:59,10,6,0,37.11388987537538,2,0,0,0,0,10.0651964540498,2.69681037917147,0.49999999999999994,-0.8660254037844387,19.84555595015015
TXN320556071,51.48,P2P,Kotak,HDFC,Lucknow,2024-04-05T18:43:13,18,4,0,38.65486108998991,2,0,0,0,0,3.9604321446358335,0.504694763766813,-1.0,-1.8369701987210297e-16,20.461944435995964
TXN346972520,5407.06,QR,PNB,HDFC,Mumbai,2024-07-28T20:27:08,20,6,0,37.11474038054465,1,0,0,0,0,8.595645712335811,0.22622878573627125,-0.8660254037844386,0.5000000000000001,17.34589615221786
TXN721873266,10000.0,QR,HDFC,Axis,Jaipur,2024-11-19T05:07:43,5,1,1,94.17686643683405,15,0,1,1,1,9.210440366976517,0.853068083712344,0.9659258262890683,0.25881904510252074,100.17074657473361
TXN740368437,1905.96,QR,Axis,ICICI,Delhi,2024-05-22T18:05:18,18,2,0,31.680918659247514,1,0,0,0,0,7.553265630026474,0.2515974140712656,-1.0,-1.8369701987210297e-16,15.172367463699006
TXN410163209,9638.44,QR,Axis,ICICI,Ahmedabad,2024-02-18T11:03:13,11,6,0,13.9884822150011,1,0,0,0,0,9.17361829463092,0.8037227805783539,0.258819045102521,-0.9659258262890682,8.09539288600044
TXN428199616,670.05,P2P,BOB,SBI,Kolkata,2024-05-10T15:29:07,15,4,0,40.08753686978886,3,0,0,0,0,6.508843649843815,0.42027302419497903,-0.7071067811865471,-0.7071067811865479,23.535014747915547
TXN462400189,9270.12,P2P,Axis,Kotak,Ahmedabad,2024-05-31T15:18:46,15,4,0,14.488048155632095,2,0,0,0,0,9.134659471110746,0.7534548802290032,-0.7071067811865471,-0.7071067811865479,10.79521926225284
TXN493388008,9453.33,Collect,PNB,Axis,Lucknow,2024-06-28T15:54:13,15,4,0,12.886432265708965,1,0,0,0,0,9.15422811660394,0.7784591754695671,-0.7071067811865471,-0.7071067811865479,7.654572906283587
TXN622865381,1925.98,QR,SBI,BOB,Chennai,2024-02-13T11:31:08,11,1,0,29.717706664634434,3,0,0,0,0,7.563709289533313,0.24886510693346697,0.258819045102521,-0.9659258262890682,19.387082665853775
TXN637765649,120.97,P2M,ICICI,BOB,Kolkata,2024-05-27T18:49:00,18,0,0,19.086493453587213,2,0,0,0,0,4.8037751128551465,0.4952108465337647,-1.0,-1.8369701987210297e-16,12.634597381434887
TXN754081608,111.97,Collect,ICICI,SBI,Chennai,2024-01-19T17:41:40,17,4,0,21.77078330448124,2,0,0,0,0,4.7271222967388375,0.49643915643587194,-0.9659258262890683,-0.25881904510252063,13.708313321792497
TXN753567013,468.75,QR,SBI,PNB,Bangalore,2024-02-16T11:12:13,11,4,0,23.311650937601133,1,0,0,0,0,6.152200638293575,0.44774622233877875,0.258819045102521,-0.9659258262890682,11.824660375040454
TXN222691924,154.27,QR,PNB,SBI,Bangalore,2024-10-31T16:26:26,16,3,0,33.50277262539304,3,0,0,1,0,5.045165536993078,0.49066609989596766,-0.8660254037844384,-0.5000000000000004,30.901109050157217
TXN867949275,456.11,P2M,HDFC,BOB,Jaipur,2024-05-15T18:36:16,18,2,0,29.529967415397685,1,0,0,0,0,6.124924062149373,0.44947131535684937,-1.0,-1.8369701987210297e-16,14.311986966159076
TXN965242457,323.53,P2P,ICICI,PNB,Bangalore,2024-04-21T19:58:28,19,6,0,15.914752370743114,2,0,0,0,0,5.782377981793872,0.46756568500366985,-0.9659258262890684,0.2588190451025203,11.365900948297245
TXN346481610,410.61,QR,HDFC,BOB,Hyderabad,2024-08-20T08:49:50,8,1,0,23.470781130951032,3,1,0,0,0,6.020076299097224,0.4556811043063918,0.8660254037844387,-0.4999999999999998,36.88831245238041
TXN290971848,334.17,P2P,HDFC,BOB,Mumbai,2024-11-24T13:48:39,13,6,0,39.34872176788078,2,0,0,0,0,5.814637865795988,0.46611354974162306,-0.2588190451025208,-0.9659258262890683,20.73948870715231
TXN880762759,5353.22,P2M,Kotak,Kotak,Ahmedabad,2024-08-21T10:51:28,10,2,0,18.52349186148377,1,0,0,0,0,8.585640314009348,0.2188807629441094,0.49999999999999994,-0.8660254037844387,9.909396744593508
TXN588129179,10000.0,P2P,HDFC,PNB,Ahmedabad,2024-03-21T06:34:24,6,3,0,68.30919981722326,14,1,1,1,1,9.210440366976517,0.853068083712344,1.0,6.123233995736766e-17,92.3236799268893
TXN541987295,7503.0,P2P,Kotak,ICICI,Jaipur,2024-05-16T13:05:44,13,3,0,31.63472541048972,3,0,0,0,0,8.92319149068606,0.5122803253165771,-0.2588190451025208,-0.9659258262890683,20.15389016419589
TXN670821639,135.08,P2M,Kotak,Kotak,Ahmedabad,2024-03-09T13:56:47,13,5,0,30.58500248833972,1,0,0,0,0,4.913242948087606,0.49328512956501647,-0.2588190451025208,-0.9659258262890683,14.734000995335888
TXN729113129,50.0,P2P,PNB,HDFC,Jaipur,2024-03-09T20:25:51,20,5,0,29.405638725398504,2,0,0,0,0,3.9318256327243257,0.5048967525062706,-0.8660254037844386,0.5000000000000001,16.762255490159404
TXN612893307,50.0,P2P,BOB,Axis,Pune,2024-01-02T17:13:16,17,1,0,13.925991841825937,3,0,0,0,0,3.9318256327243257,0.5048967525062706,-0.9659258262890683,-0.25881904510252063,13.070396736730375
TXN470646290,23913.22,P2P,Axis,SBI,Ahmedabad,2024-12-06T09:33:07,9,4,0,12.510412456061816,2,0,0,0,0,10.082228540069224,2.751928738845365,0.7071067811865476,-0.7071067811865475,10.004164982424726
TXN839086467,358.87,P2M,ICICI,Kotak,Pune,2024-02-06T19:56:56,19,1,0,25.118713246832108,2,0,0,0,0,5.885742855122727,0.4627425214547286,-0.9659258262890684,0.2588190451025203,15.047485298732845
TXN133308389,5994.19,P2M,HDFC,Kotak,Mumbai,2024-02-15T19:48:45,19,3,0,27.4597858310496,1,0,0,0,0,8.698712760036964,0.3063596293834104,-0.9659258262890684,0.2588190451025203,13.483914332419841
TXN338285026,4385.94,Collect,Kotak,SBI,Mumbai,2024-12-22T08:52:14,8,6,0,40.532439781668515,3,0,0,1,0,8.386387224300405,0.08686747382073831,0.8660254037844387,-0.4999999999999998,33.7129759126674
TXN315765828,536.15,P2M,HDFC,ICICI,Ahmedabad,2024-03-25T15:55:06,15,0,0,10.848852761513928,3,0,0,0,0,6.286277385112552,0.4385475459607752,-0.7071067811865471,-0.7071067811865479,11.839541104605573
TXN199883824,497.23,P2M,Axis,BOB,Pune,2024-01-21T14:41:40,14,6,0,19.327461384707853,2,0,0,0,0,6.211061817795532,0.4438593038929992,-0.4999999999999997,-0.8660254037844388,12.730984553883141
TXN585385519,211.59,QR,ICICI,SBI,Delhi,2024-01-15T09:47:13,9,0,0,16.05716822202467,1,0,0,0,0,5.35936542811297,0.48284313060832434,0.7071067811865476,-0.7071067811865475,8.922867288809869
TXN442372999,503.18,P2P,BOB,PNB,Mumbai,2024-10-04T17:40:02,17,4,0,20.18222626516417,2,0,0,0,0,6.222933347168182,0.4430472545688283,-0.9659258262890683,-0.25881904510252063,13.072890506065669
TXN961005867,56.82,P2P,Kotak,Axis,Delhi,2024-05-17T15:12:20,15,4,0,26.895437207249955,3,0,0,0,0,4.0573347365882,0.5039659665582293,-0.7071067811865471,-0.7071067811865479,18.258174882899983
TXN367889070,50.0,P2P,ICICI,SBI,Pune,2024-04-03T11:10:52,11,2,0,15.19324019205167,2,0,0,0,0,3.9318256327243257,0.5048967525062706,0.258819045102521,-0.9659258262890682,11.07729607682067
TXN159791063,132.44,Auto-Pay,Kotak,SBI,Mumbai,2024-06-19T18:07:04,18,2,0,16.00681731595977,2,0,0,0,0,4.893651938610437,0.4936454338029679,-1.0,-1.8369701987210297e-16,11.402726926383908
TXN295711955,14660.45,P2P,Axis,SBI,Ahmedabad,2024-03-15T10:28:52,10,4,0,19.44431616862572,3,0,0,0,0,9.592976879144326,1.4891210707430016,0.49999999999999994,-0.8660254037844387,15.277726467450288
TXN487570518,3360.27,P2P,Kotak,Kotak,Delhi,2024-02-09T19:28:00,19,4,0,41.865076299546715,1,0,0,0,0,8.12007415773272,0.053114816989748716,-0.9659258262890684,0.2588190451025203,19.246030519818685
TXN111712961,73.38,P2P,ICICI,Axis,Bangalore,2024-03-24T08:16:23,8,6,0,26.384967965475752,2,0,0,0,0,4.309187088496924,0.501705876338352,0.8660254037844387,-0.4999999999999998,15.553987186190302
TXN583185450,2371.86,P2P,Kotak,HDFC,Mumbai,2024-11-06T16:17:33,16,2,0,34.79965490036827,2,0,0,0,0,7.7718512576452214,0.1880119048055116,-0.8660254037844384,-0.5000000000000004,18.91986196014731
TXN735911824,150.41,P2M,Kotak,PNB,Lucknow,2024-11-28T08:04:15,8,3,0,22.782977418990868,1,0,0,0,0,5.019991389020281,0.4911929083650937,0.8660254037844387,-0.4999999999999998,11.613190967596347
TXN167781688,50.0,P2M,Kotak,Kotak,Jaipur,2024-06-21T11:37:33,11,4,0,39.4408009881402,3,0,0,0,0,3.9318256327243257,0.5048967525062706,0.258819045102521,-0.9659258262890682,23.27632039525608
TXN137594261,1654.66,P2P,PNB,ICICI,Kolkata,2024-04-21T09:20:47,9,6,0,34.6851987374928,2,1,0,0,0,7.411954999855737,0.2858945561156614,0.7071067811865476,-0.7071067811865475,38.87407949499712
TXN599677465,337.98,P2M,BOB,BOB,Hyderabad,2024-08-18T14:45:43,14,6,0,38.557374685769176,2,0,0,0,0,5.825941108589908,0.46559356521639766,-0.4999999999999997,-0.8660254037844388,20.42294987430767
TXN379103422,65.15,P2M,PNB,HDFC,Jaipur,2024-07-09T18:39:18,18,1,0,37.684339931480196,3,0,0,0,0,4.191924890560965,0.5028290975043901,-1.0,-1.8369701987210297e-16,22.57373597259208
TXN739158108,1540.29,P2P,BOB,HDFC,Chennai,2024-07-30T14:06:15,14,1,0,18.277376784878026,3,0,0,0,0,7.3403750071020415,0.30150364539388486,-0.4999999999999997,-0.8660254037844388,14.810950713951211
TXN708340959,159.43,P2P,BOB,Kotak,Delhi,2024-04-29T09:44:52,9,0,0,16.34927881275027,1,0,0,0,0,5.077857710362984,0.4899618688854262,0.7071067811865476,-0.7071067811865475,9.03971152510011
TXN541362217,200.8,QR,SBI,PNB,Mumbai,2024-01-09T20:13:37,20,1,0,28.247389131538785,1,0,0,0,0,5.307277107919509,0.484315737702073,-0.8660254037844386,0.5000000000000001,13.798955652615515
TXN658375642,374.78,P2P,Kotak,BOB,Chennai,2024-12-17T20:41:24,20,1,0,35.39873467209814,2,0,0,0,0,5.9290038657653765,0.4605711425055589,-0.8660254037844386,0.5000000000000001,19.159493868839256
TXN791214217,50.0,Collect,BOB,ICICI,Delhi,2024-06-11T11:57:52,11,1,0,18.01400207433123,2,0,0,0,0,3.9318256327243257,0.5048967525062706,0.258819045102521,-0.9659258262890682,12.205600829732493
TXN804787542,53.78,P2M,SBI,HDFC,Pune,2024-09-07T14:02:13,14,5,0,23.984985025024258,3,0,0,0,0,4.0033251638349325,0.5043808623473856,-0.4999999999999997,-0.8660254037844388,17.093994010009702
TXN738613834,564.54,P2M,ICICI,ICICI,Pune,2024-09-26T12:26:40,12,3,0,19.403626605271487,2,0,0,0,0,6.33778102691849,0.4346729106140168,1.2246467991473532e-16,-1.0,12.761450642108596
TXN644301584,873.07,P2P,Axis,SBI,Kolkata,2024-06-03T09:23:40,9,0,0,44.05341565579851,2,0,0,0,0,6.773160463981561,0.3925650823809988,0.7071067811865476,-0.7071067811865475,22.621366262319405
TXN979566069,309.76,P2P,BOB,ICICI,Ahmedabad,2024-05-01T10:23:06,10,2,0,27.848906111646116,1,0,0,1,0,5.73902091008222,0.4694449991538941,0.49999999999999994,-0.8660254037844387,23.639562444658445
TXN692386269,481.6,QR,PNB,Axis,Chennai,2024-08-24T13:24:33,13,5,0,31.298075334246597,2,0,0,0,0,6.179188153190932,0.44599246875632553,-0.2588190451025208,-0.9659258262890683,17.519230133698642
TXN686554945,336.41,P2M,Axis,Axis,Mumbai,2024-01-26T13:00:01,13,4,0,29.92885041480732,3,0,0,0,0,5.82129880808404,0.4658078370548764,-0.2588190451025208,-0.9659258262890683,19.47154016592293
TXN969449550,613.27,P2P,Kotak,HDFC,Hyderabad,2024-12-29T08:58:06,8,6,0,12.12692439386843,3,0,0,0,0,6.420434570903782,0.4280222948884959,0.8660254037844387,-0.4999999999999998,12.350769757547372
TXN139686965,740.0,P2P,Kotak,BOB,Jaipur,2024-06-25T10:46:09,10,1,0,28.24706303821738,3,0,0,1,0,6.608000625296087,0.41072632667804515,0.49999999999999994,-0.8660254037844387,28.798825215286953
TXN472771441,668.95,P2P,ICICI,ICICI,Mumbai,2024-10-06T13:27:27,13,6,0,42.63721229221879,1,0,0,0,0,6.507203082734617,0.4204231509607921,-0.2588190451025208,-0.9659258262890683,19.554884916887517
TXN889889417,704.19,QR,BOB,ICICI,Lucknow,2024-04-16T16:06:46,16,1,0,27.71881070740644,3,0,0,1,0,6.558467270048811,0.415613635299652,-0.8660254037844384,-0.5000000000000004,28.587524282962576
TXN469407588,1260.42,QR,BOB,SBI,Bangalore,2024-01-05T13:01:00,13,4,0,22.577831030940022,3,0,0,0,0,7.139993349502618,0.3396999889830812,-0.2588190451025208,-0.9659258262890683,16.53113241237601
TXN552309581,9351.53,P2P,Kotak,ICICI,Delhi,2024-07-03T19:25:33,19,2,0,41.33875106142817,3,0,0,0,0,9.143402173915632,0.7645656256879537,-0.9659258262890684,0.2588190451025203,24.035500424571268
TXN596710585,126.84,Auto-Pay,PNB,Axis,Lucknow,2024-04-29T10:30:20,10,0,0,11.10607544810643,3,1,0,0,0,4.850779482017964,0.49440971551983465,0.49999999999999994,-0.8660254037844387,31.94243017924257
TXN717799566,2115.29,Auto-Pay,Kotak,SBI,Kolkata,2024-06-18T20:53:36,20,1,0,15.987103238667308,3,0,0,0,0,7.657419834627252,0.22302829053703022,-0.8660254037844386,0.5000000000000001,13.894841295466923
TXN227775601,6258.23,P2P,BOB,SBI,Jaipur,2024-11-28T18:33:15,18,3,0,11.784633910405157,3,1,0,0,0,8.741812453333743,0.342395512333678,-1.0,-1.8369701987210297e-16,32.213853564162065
TXN777019783,50.0,P2M,Axis,HDFC,Ahmedabad,2024-09-18T18:13:05,18,2,0,12.56607582422679,1,0,0,0,0,3.9318256327243257,0.5048967525062706,-1.0,-1.8369701987210297e-16,7.526430329690716
TXN439329217,194.14,QR,BOB,Kotak,Lucknow,2024-03-10T18:54:53,18,6,0,14.226198699842016,2,0,0,1,0,5.2737172496798035,0.4852246870296324,-1.0,-1.8369701987210297e-16,20.690479479936805
TXN756241544,4827.31,P2P,ICICI,BOB,Hyderabad,2024-09-12T13:38:47,13,3,0,26.17769196723242,3,0,0,0,0,8.482251788938232,0.14710515620886003,-0.2588190451025208,-0.9659258262890683,17.97107678689297
TXN568480861,483.9,P2P,ICICI,Kotak,Delhi,2024-11-17T20:06:08,20,6,0,40.46023001797542,2,0,0,0,0,6.183942684111306,0.4456785673368981,-0.8660254037844386,0.5000000000000001,21.18409200719017
TXN814534822,152.57,P2P,PNB,Kotak,Ahmedabad,2024-04-16T16:00:24,16,1,0,25.81406589927926,1,0,0,1,0,5.034156489137602,0.4908981139885879,-0.8660254037844384,-0.5000000000000004,22.825626359711706
TXN547227326,73.23,P2P,BOB,Kotak,Mumbai,2024-07-21T08:08:58,8,6,0,38.25675811206892,3,0,0,0,0,4.307168381129456,0.5017263481700538,0.8660254037844387,-0.4999999999999998,22.80270324482757
TXN971605060,21099.8,P2P,Kotak,HDFC,Mumbai,2024-05-27T18:14:05,18,0,0,15.78529388395611,3,1,0,0,0,9.957066233437358,2.3679563338690652,-1.0,-1.8369701987210297e-16,33.81411755358245
TXN928095385,227.98,QR,SBI,PNB,Chennai,2024-11-12T09:25:17,9,1,0,41.91281757231125,2,0,0,0,0,5.433634663495666,0.48060624179770894,0.7071067811865476,-0.7071067811865475,21.7651270289245
TXN468878013,134.66,P2P,HDFC,ICICI,Lucknow,2024-08-11T18:16:26,18,6,0,14.608413889798712,1,0,0,0,0,4.9101517555179335,0.49334245069378146,-1.0,-1.8369701987210297e-16,8.343365555919485
TXN173323430,2931.01,P2P,HDFC,SBI,Mumbai,2024-05-19T14:40:14,14,6,0,16.146926294880082,3,0,0,0,0,7.983443473641927,0.11169974016514593,-0.4999999999999997,-0.8660254037844388,13.958770517952033
TXN167173178,217.37,QR,ICICI,BOB,Bangalore,2024-07-10T19:52:54,19,2,0,34.4394231181698,2,0,0,0,0,5.386190871798276,0.48205428269341544,-0.9659258262890684,0.2588190451025203,18.77576924726792
TXN950549336,18620.9,Auto-Pay,ICICI,Axis,Pune,2024-02-12T16:39:45,16,0,0,36.910588418233566,1,0,0,0,0,9.832093586441575,2.0296388431653147,-0.8660254037844384,-0.5000000000000004,17.264235367293427
TXN563659029,1075.35,P2P,Axis,ICICI,Jaipur,2024-08-28T13:41:48,13,2,0,26.73827925850668,3,0,0,0,0,6.9813309666404555,0.3649581349367474,-0.2588190451025208,-0.9659258262890683,18.195311703402673
TXN904053327,695.7,P2P,ICICI,ICICI,Lucknow,2024-10-08T16:31:27,16,1,0,30.413043850813654,3,0,0,0,0,6.546354902036073,0.4167723409739732,-0.8660254037844384,-0.5000000000000004,19.665217540325465
TXN626219184,931.51,P2M,Axis,PNB,Mumbai,2024-04-12T19:21:17,19,4,0,23.02152487342726,2,0,0,0,0,6.83787987532106,0.3845892567499822,-0.9659258262890684,0.2588190451025203,14.208609949370905
TXN429201203,1128.18,P2P,Kotak,PNB,Pune,2024-12-11T05:22:06,5,2,1,76.7234877794121,9,1,0,0,1,7.029246984568212,0.35774795581137764,0.9659258262890683,0.25881904510252074,88.18939511176484
TXN136555523,391.74,P2M,Kotak,Axis,Bangalore,2024-08-20T08:29:14,8,1,0,15.919023727045364,3,0,0,0,0,5.9731478153220845,0.45825646073447673,0.8660254037844387,-0.4999999999999998,13.867609490818147
TXN147275957,7303.47,P2M,Axis,ICICI,Chennai,2024-04-04T20:40:17,20,3,0,15.5156612754764,3,0,0,0,0,8.896241768506842,0.48504869478685847,-0.8660254037844386,0.5000000000000001,13.706264510190561
TXN189791749,607.32,Collect,SBI,ICICI,Delhi,2024-09-15T14:13:48,14,6,0,16.756703359639236,1,0,0,0,0,6.410701059300065,0.4288343442126668,-0.4999999999999997,-0.8660254037844388,9.202681343855694
TXN548311750,4499.66,Collect,SBI,HDFC,Hyderabad,2024-11-16T11:42:25,11,5,0,35.98085859368035,1,0,0,0,0,8.411979331670574,0.10238785182825401,0.258819045102521,-0.9659258262890682,16.892343437472142
TXN869678138,1735.16,P2M,PNB,Axis,Jaipur,2024-12-11T19:18:56,19,2,0,37.16079432147923,3,0,0,0,0,7.459431056871898,0.27490800643570174,-0.9659258262890684,0.2588190451025203,22.364317728591693
TXN679166615,50.0,P2M,Kotak,HDFC,Bangalore,2024-02-23T17:59:38,17,4,0,35.036773604258315,1,0,0,0,0,3.9318256327243257,0.5048967525062706,-0.9659258262890683,-0.25881904510252063,16.514709441703324
TXN355594281,24241.52,QR,PNB,PNB,Delhi,2024-03-07T17:30:36,17,3,0,17.116245171286177,2,0,0,1,0,10.095863395175783,2.7967347544966783,-0.9659258262890683,-0.25881904510252063,21.84649806851447
TXN203336244,258.42,P2M,PNB,Axis,Hyderabad,2024-07-20T19:29:40,19,5,0,29.913288171780703,2,1,0,0,0,5.558448369912527,0.4764518247510261,-0.9659258262890684,0.2588190451025203,36.96531526871228
TXN642532488,69.54,P2M,PNB,Kotak,Pune,2024-02-09T17:35:44,17,4,0,30.123066983283906,2,0,0,0,0,4.256179924807906,0.5022299552299178,-0.9659258262890683,-0.25881904510252063,17.049226793313565
TXN544565446,300.49,Collect,SBI,Axis,Pune,2024-03-14T18:54:23,18,3,0,12.79544911986363,3,0,0,0,0,5.708736848121332,0.4707101583530645,-1.0,-1.8369701987210297e-16,12.618179647945453
TXN399252533,700.83,P2P,HDFC,HDFC,Ahmedabad,2024-11-06T08:15:51,8,2,0,33.16176462665099,2,0,0,0,0,6.553691209456909,0.4160722043297721,0.8660254037844387,-0.4999999999999998,18.2647058506604
TXN537645159,3278.65,P2P,ICICI,SBI,Lucknow,2024-11-29T11:46:37,11,4,0,43.540970169334024,2,0,0,0,0,8.095491988367485,0.0642542230130817,0.258819045102521,-0.9659258262890682,22.41638806773361
TXN635888791,874.96,QR,Axis,BOB,Ahmedabad,2024-11-27T13:50:16,13,2,0,17.139744759392965,3,0,0,0,0,6.77532042779339,0.39230713730155625,-0.2588190451025208,-0.9659258262890683,14.355897903757185
TXN423145751,9403.73,P2M,PNB,PNB,Delhi,2024-07-31T08:50:33,8,2,0,10.642245675893271,1,0,0,0,0,9.148968033189073,0.7716898231201758,0.8660254037844387,-0.4999999999999998,6.756898270357309
TXN713832469,140.09,P2M,BOB,BOB,Pune,2024-03-03T15:29:32,15,6,0,27.677466794352423,2,0,0,0,0,4.949397984625066,0.4926013703861767,-0.7071067811865471,-0.7071067811865479,16.070986717740972
TXN389550104,6882.73,P2P,PNB,PNB,Kolkata,2024-10-08T10:35:46,10,1,0,35.842411094789895,2,0,0,1,0,8.836915935179334,0.4276265716521227,0.49999999999999994,-0.8660254037844387,29.33696443791596
TXN217524571,455.89,P2M,HDFC,Axis,Pune,2024-04-04T17:02:57,17,3,0,14.594667055082054,1,0,0,0,0,6.12444266170244,0.4495013407100121,-0.9659258262890683,-0.25881904510252063,8.337866822032822
TXN353147932,1448.52,P2P,Kotak,SBI,Pune,2024-02-07T13:48:27,13,2,0,30.585220194864004,2,1,0,0,0,7.278987746127852,0.3140283120290388,-0.2588190451025208,-0.9659258262890683,37.2340880779456
TXN462802103,1418.15,P2P,PNB,BOB,Bangalore,2024-08-09T09:24:34,9,4,0,35.389347778985695,1,0,0,1,0,7.257813379818563,0.31817317555426083,0.7071067811865476,-0.7071067811865475,26.65573911159428
TXN580829635,6188.15,Collect,HDFC,Kotak,Mumbai,2024-05-17T17:29:27,17,4,0,24.369087606994484,3,0,0,1,0,8.730553037994376,0.3328310725626026,-0.9659258262890683,-0.25881904510252063,27.247635042797796
TXN757312943,327.91,QR,SBI,HDFC,Pune,2024-08-15T11:09:27,11,3,0,14.411940097624619,2,0,0,0,0,5.795784157111038,0.46696790751797773,0.258819045102521,-0.9659258262890682,10.764776039049849
TXN315786644,24864.53,P2M,Axis,SBI,Jaipur,2024-04-19T16:48:02,16,4,0,10.294053349738356,2,0,0,0,0,10.121237786023224,2.8817624602868848,-0.8660254037844384,-0.5000000000000004,9.117621339895344
TXN404323049,784.69,P2P,PNB,BOB,Jaipur,2024-05-16T12:44:26,12,3,0,15.53843649612287,3,0,0,0,0,6.6665623125966444,0.40462708561969235,1.2246467991473532e-16,-1.0,13.715374598449149
TXN626215701,6457.69,Auto-Pay,Axis,ICICI,Mumbai,2024-02-25T14:16:15,14,6,0,20.662254130275187,1,0,0,0,0,8.773181789835,0.3696175893419358,-0.4999999999999997,-0.8660254037844388,10.764901652110074
TXN492359182,928.08,QR,HDFC,Kotak,Kolkata,2024-12-06T15:19:07,15,4,0,16.530653390560865,1,0,0,0,0,6.8341948492074165,0.38505737930156303,-0.7071067811865471,-0.7071067811865479,9.112261356224346
TXN340605913,1836.95,P2M,Kotak,Kotak,Mumbai,2024-04-06T10:10:52,10,5,0,32.404722323964236,3,0,0,0,0,7.516406099063565,0.26101582144286833,0.49999999999999994,-0.8660254037844387,20.461888929585697
TXN357698087,92.03,P2P,PNB,Kotak,Pune,2024-11-12T09:48:08,9,1,0,40.798136000559495,1,0,0,0,0,4.532922021780467,0.4991605452634296,0.7071067811865476,-0.7071067811865475,18.819254400223798
TXN821269908,50.0,P2M,PNB,BOB,Bangalore,2024-10-02T09:33:54,9,2,0,12.296979836750914,2,0,0,0,0,3.9318256327243257,0.5048967525062706,0.7071067811865476,-0.7071067811865475,9.918791934700366
TXN793112072,841.72,QR,BOB,Kotak,Bangalore,2024-08-01T17:35:17,17,3,0,22.363453032939304,1,0,0,0,0,6.736634755735079,0.39684369520667256,-0.9659258262890683,-0.25881904510252063,11.445381213175722
TXN375123136,50.0,QR,HDFC,Kotak,Chennai,2024-09-01T18:46:26,18,6,0,24.08464314167789,1,0,0,0,0,3.9318256327243257,0.5048967525062706,-1.0,-1.8369701987210297e-16,12.133857256671156
TXN487387570,413.2,Collect,Kotak,PNB,Ahmedabad,2024-12-08T19:48:29,19,6,0,43.573240236333774,3,0,0,0,0,6.026348948961484,0.45532762401234095,-0.9659258262890684,0.2588190451025203,24.92929609453351
TXN966585568,275.6,P2M,Kotak,BOB,Delhi,2024-02-19T15:18:35,15,0,0,35.790581073046376,2,0,0,0,0,5.622572419230658,0.4741071176267813,-0.7071067811865471,-0.7071067811865479,19.31623242921855
TXN810474124,5440.66,Collect,HDFC,HDFC,Pune,2024-09-27T16:33:10,16,4,0,41.71481376446178,2,0,0,0,0,8.601839440360918,0.23081447603747174,-0.8660254037844384,-0.5000000000000004,21.685925505784713
TXN965948789,734.37,P2P,Axis,Kotak,Pune,2024-10-12T14:11:55,14,5,0,13.249605734336736,1,0,0,0,0,6.600373773909423,0.4114947027612523,-0.4999999999999997,-0.8660254037844388,7.799842293734695
TXN783587857,511.39,P2P,BOB,ICICI,Jaipur,2024-08-13T09:57:26,9,1,0,22.220439051374814,1,0,0,0,0,6.239086053829017,0.44192676298035044,0.7071067811865476,-0.7071067811865475,11.388175620549926
TXN425819345,10000.0,P2P,Kotak,ICICI,Delhi,2024-01-16T23:00:09,23,1,1,84.53151264193292,10,1,1,1,1,9.210440366976517,0.853068083712344,-0.25881904510252157,0.9659258262890681,103.81260505677318
TXN176868900,370.77,QR,SBI,Axis,Mumbai,2024-06-23T09:15:03,9,6,0,12.162701690240894,3,0,0,0,0,5.918275383489621,0.46111842280638676,0.7071067811865476,-0.7071067811865475,12.365080676096358
TXN402415007,2608.96,Auto-Pay,SBI,BOB,Pune,2024-07-11T17:25:59,17,3,0,42.12341777750182,2,0,0,0,0,7.867090174528801,0.15565276282888513,-0.9659258262890683,-0.25881904510252063,21.849367111000728
TXN921678927,3604.65,P2M,BOB,SBI,Kolkata,2024-10-01T12:35:28,12,1,0,24.428035830790304,2,0,0,0,0,8.190257338597794,0.01976210878119543,1.2246467991473532e-16,-1.0,14.771214332316122
TXN118619158,50.0,P2M,BOB,Kotak,Mumbai,2024-07-25T15:57:58,15,3,0,31.22753020535461,1,0,0,0,0,3.9318256327243257,0.5048967525062706,-0.7071067811865471,-0.7071067811865479,14.991012082141845
TXN895504443,600.37,QR,BOB,PNB,Kolkata,2024-06-03T20:40:01,20,0,0,16.44927766597603,3,0,0,0,0,6.3992103857052784,0.4297828724148497,-0.8660254037844386,0.5000000000000001,14.079711066390413
TXN500462932,5503.28,Collect,ICICI,SBI,Mumbai,2024-02-20T18:13:29,18,1,0,25.322654225552608,1,0,0,0,0,8.613281250412262,0.23936078337857822,-1.0,-1.8369701987210297e-16,12.629061690221043
TXN445058966,402.95,Collect,Kotak,Axis,Mumbai,2024-09-20T08:47:12,8,4,0,22.2002049440975,2,0,0,0,0,6.001291107925717,0.45672653251196316,0.8660254037844387,-0.4999999999999998,13.880081977639
TXN573495887,672.98,P2P,SBI,ICICI,Hyderabad,2024-07-11T20:49:15,20,3,0,22.825401727632755,1,0,0,0,0,6.513200436881533,0.4198731410824041,-0.8660254037844386,0.5000000000000001,11.630160691053103
TXN655546947,106.14,P2M,Axis,ICICI,Ahmedabad,2024-02-19T19:18:51,19,0,0,39.92738806410399,2,0,0,0,0,4.674136390452814,0.49723482829468146,-0.9659258262890684,0.2588190451025203,20.970955225641596
TXN837508643,648.16,QR,HDFC,SBI,Mumbai,2024-01-11T17:42:02,17,3,0,23.500017566100723,1,0,0,0,0,6.475679219447681,0.42326054683465997,-0.9659258262890683,-0.25881904510252063,11.90000702644029
TXN831398152,971.76,P2M,ICICI,BOB,Chennai,2024-01-14T13:22:04,13,6,0,15.487867544739332,1,0,0,0,0,6.880137391945464,0.3790959819100023,-0.2588190451025208,-0.9659258262890683,8.695147017895733
TXN203558274,300.02,P2P,Kotak,SBI,Pune,2024-06-06T11:47:47,11,3,0,22.65565932471084,3,0,0,0,0,5.707176707724217,0.4707743034257302,0.258819045102521,-0.9659258262890682,16.562263729884336
TXN705861123,457.72,Auto-Pay,Axis,ICICI,Chennai,2024-10-27T09:39:03,9,6,0,37.418979922312666,1,0,0,1,0,6.12844000213506,0.44925158436325024,0.7071067811865476,-0.7071067811865475,27.467591968925067
TXN289576624,59.71,P2P,Kotak,HDFC,Lucknow,2024-01-27T19:48:08,19,5,0,13.480859279652599,1,0,0,0,0,4.106108429142343,0.503571542600775,-0.9659258262890684,0.2588190451025203,7.89234371186104
TXN306127370,219.72,QR,PNB,ICICI,Chennai,2024-03-29T14:11:20,14,4,0,15.725279326106113,2,0,0,0,0,5.39689492990903,0.48173355733008744,-0.4999999999999997,-0.8660254037844388,11.290111730442446
TXN125155526,948.93,QR,Axis,PNB,Mumbai,2024-07-30T10:08:21,10,1,0,12.356547393140655,1,0,0,0,0,6.856388297669246,0.3822117946950145,0.49999999999999994,-0.8660254037844387,7.442618957256262
TXN816344683,92.36,P2P,SBI,ICICI,Lucknow,2024-03-22T13:19:05,13,4,0,42.033515850968875,2,0,0,0,0,4.5364629879783,0.4991155072336857,-0.2588190451025208,-0.9659258262890683,21.81340634038755
TXN691207089,5205.6,QR,Axis,Kotak,Ahmedabad,2024-09-30T17:31:46,17,0,0,33.60634079954443,2,0,0,0,0,8.557682330546283,0.19873375097198964,-0.9659258262890683,-0.25881904510252063,18.44253631981777
TXN656986257,160.16,QR,BOB,SBI,Bangalore,2024-11-04T14:06:59,14,0,0,25.306268795369817,2,0,0,0,0,5.082397660323147,0.4898622393044775,-0.4999999999999997,-0.8660254037844388,15.122507518147927
TXN987917873,4922.18,P2P,Axis,HDFC,Delhi,2024-07-16T08:54:10,8,1,0,44.73491614827265,1,0,0,0,0,8.501709942161085,0.16005290736585095,0.8660254037844387,-0.4999999999999998,20.393966459309063
TXN760265221,7869.5,P2P,HDFC,BOB,Bangalore,2024-09-01T16:04:09,16,6,0,37.87399960697261,2,0,0,0,0,8.970876871794877,0.5622998341079462,-0.8660254037844384,-0.5000000000000004,20.149599842789044
TXN350750637,6344.85,P2P,BOB,SBI,Ahmedabad,2024-01-06T11:42:28,11,5,0,22.821498364456545,3,0,0,0,0,8.755556334927132,0.35421731274707074,0.258819045102521,-0.9659258262890682,16.628599345782618
TXN298447241,225.84,Auto-Pay,ICICI,PNB,Lucknow,2024-02-29T09:00:49,9,3,0,33.37379989835204,2,0,0,0,0,5.424244923145827,0.48089830659665445,0.7071067811865476,-0.7071067811865475,18.349519959340817
TXN582294757,476.0,P2P,BOB,BOB,Ahmedabad,2024-05-10T19:45:35,19,4,0,44.57939255470913,2,0,0,0,0,6.1675164908883415,0.4467567504731923,-0.9659258262890684,0.2588190451025203,22.831757021883654
TXN661156347,782.11,P2M,HDFC,SBI,Kolkata,2024-09-29T11:54:53,11,6,0,14.591929271143751,2,0,0,0,0,6.663273171436565,0.4049792011249631,0.258819045102521,-0.9659258262890682,10.836771708457501
TXN880386875,1213.65,P2P,BOB,Kotak,Pune,2024-05-20T19:36:09,19,0,0,23.507882882792458,2,0,0,0,0,7.102211248432092,0.3460831061076987,-0.9659258262890684,0.2588190451025203,14.403153153116984
TXN232643746,13158.0,P2P,HDFC,HDFC,Kolkata,2024-05-17T15:38:43,15,4,0,42.72339794456899,3,0,0,0,0,9.48486121415014,1.2840683804739907,-0.7071067811865471,-0.7071067811865479,24.589359177827596
TXN703814498,20394.11,P2M,Axis,PNB,Bangalore,2024-11-15T10:59:10,10,4,0,23.53628605032136,1,0,0,0,0,9.923050445215909,2.271644554444833,0.49999999999999994,-0.8660254037844387,11.914514420128544
TXN986484587,8689.86,QR,SBI,ICICI,Ahmedabad,2024-03-28T08:42:08,8,3,0,41.1133289491724,1,0,0,0,0,9.070027177689605,0.6742616464738058,0.8660254037844387,-0.4999999999999998,18.94533157966896
TXN366195230,5180.8,P2P,Axis,Axis,Lucknow,2024-06-14T17:59:07,17,4,0,16.397598667771486,2,0,0,0,0,8.552907765240231,0.19534907479729396,-0.9659258262890683,-0.25881904510252063,11.559039467108594
TXN234345362,491.92,P2M,Axis,BOB,Mumbai,2024-12-30T16:41:19,16,0,0,18.09084357953953,3,0,0,1,0,6.200346889069922,0.4445840067352425,-0.8660254037844384,-0.5000000000000004,24.736337431815812
TXN112518092,7659.18,P2P,Axis,Kotak,Jaipur,2024-09-18T11:56:32,11,2,0,22.27967384182629,3,1,0,0,0,8.943790761153064,0.533595596484479,0.258819045102521,-0.9659258262890682,36.41186953673052
TXN250243436,408.75,QR,SBI,Kotak,Jaipur,2024-01-29T14:58:16,14,0,0,30.18773586201962,2,0,0,0,0,6.015547217623939,0.455934955019494,-0.4999999999999997,-0.8660254037844388,17.075094344807848
TXN418932569,50.0,P2P,SBI,ICICI,Hyderabad,2024-10-29T18:43:45,18,1,0,25.548835497779123,1,0,0,0,0,3.9318256327243257,0.5048967525062706,-1.0,-1.8369701987210297e-16,12.71953419911165
TXN424065733,709.55,P2M,ICICI,Axis,Pune,2024-08-30T09:14:40,9,4,0,10.805580697408622,3,0,0,0,0,6.566039318037871,0.41488210851350815,0.7071067811865476,-0.7071067811865475,11.82223227896345
TXN957908604,10886.1,P2P,HDFC,ICICI,Bangalore,2024-11-13T13:29:31,13,2,0,15.43247572986987,1,0,0,0,0,9.295333881105828,0.9740020175187073,-0.2588190451025208,-0.9659258262890683,8.672990291947947
TXN547552558,167.23,QR,Axis,ICICI,Ahmedabad,2024-09-17T15:25:20,15,1,0,33.71000124126647,3,0,0,0,0,5.125332090731069,0.48889733363693316,-0.7071067811865471,-0.7071067811865479,20.98400049650659
TXN697415121,296.89,P2P,PNB,Axis,Lucknow,2024-03-22T13:31:30,13,4,0,10.371831344789069,3,0,0,0,0,5.696724290844294,0.4712014823139075,-0.2588190451025208,-0.9659258262890683,11.648732537915627
TXN221492826,25000.0,QR,PNB,Kotak,Kolkata,2024-09-03T22:49:18,22,1,1,69.85120084978031,17,0,1,0,1,10.12667110305036,2.90025125389116,-0.5000000000000004,0.8660254037844384,85.44048033991213
TXN279943500,1282.83,P2M,PNB,SBI,Jaipur,2024-03-03T15:17:12,15,6,0,28.02546854189484,1,0,0,0,0,7.157603076730523,0.336641497326834,-0.7071067811865471,-0.7071067811865479,13.710187416757936
TXN692457925,1170.8,P2P,Axis,SBI,Chennai,2024-08-26T20:51:43,20,0,0,43.07776419838767,2,0,0,0,0,7.066296307110688,0.3519312260305096,-0.8660254037844386,0.5000000000000001,22.231105679355068
TXN792062914,50.0,P2P,ICICI,PNB,Lucknow,2024-03-02T08:17:10,8,5,0,23.03658789154735,1,0,0,0,0,3.9318256327243257,0.5048967525062706,0.8660254037844387,-0.4999999999999998,11.71463515661894
TXN864325419,1642.83,P2M,Kotak,ICICI,Jaipur,2024-04-16T10:09:58,10,1,0,33.87136473184134,1,0,0,0,0,7.4047841639432885,0.2875091012425424,0.49999999999999994,-0.8660254037844387,16.048545892736534
TXN776251702,468.68,P2P,Axis,BOB,Ahmedabad,2024-08-25T20:25:52,20,6,0,36.013674850169856,3,0,0,0,0,6.1520516117559305,0.44775577586023957,-0.8660254037844386,0.5000000000000001,21.905469940067945
TXN471864598,7170.01,Auto-Pay,Kotak,BOB,Kolkata,2024-11-03T17:18:03,17,6,0,27.69290840666439,1,0,0,0,0,8.87780178838725,0.4668342237273875,-0.9659258262890683,-0.25881904510252063,13.577163362665758
TXN383748967,914.66,P2P,HDFC,BOB,Mumbai,2024-01-10T18:38:18,18,2,0,21.335473353775917,3,0,0,0,0,6.819645116730839,0.38688892584448303,-1.0,-1.8369701987210297e-16,16.03418934151037
TXN874368568,1329.92,Auto-Pay,SBI,ICICI,Ahmedabad,2024-12-30T12:27:38,12,0,0,27.83847633402708,1,0,0,0,0,7.193625711404651,0.33021470696125266,1.2246467991473532e-16,-1.0,13.635390533610833
TXN754339446,412.9,P2P,ICICI,Axis,Chennai,2024-11-05T12:38:59,12,1,0,22.829286160728838,3,0,0,0,0,6.025624398754687,0.4553685676757445,1.2246467991473532e-16,-1.0,16.631714464291534
TXN386331215,309.25,P2P,PNB,HDFC,Chennai,2024-08-19T13:48:54,13,0,0,13.243673955084063,3,0,0,0,0,5.737378424084716,0.46951460338168016,-0.2588190451025208,-0.9659258262890683,12.797469582033624
TXN605250577,1464.04,P2M,Kotak,PNB,Hyderabad,2024-01-12T16:59:57,16,4,0,30.33373713043971,1,0,0,0,0,7.289637824832693,0.3119101598422938,-0.8660254037844384,-0.5000000000000004,14.633494852175886
TXN444866614,213.68,P2P,PNB,PNB,Jaipur,2024-06-30T14:09:49,14,6,0,43.311268053791025,1,0,0,1,0,5.369148547308628,0.48255788975327946,-0.4999999999999997,-0.8660254037844388,29.82450722151641
TXN915942699,6704.16,P2P,ICICI,ICICI,Jaipur,2024-09-19T15:30:47,15,3,0,13.688856920830464,1,0,0,0,0,8.810632658220031,0.403255538405534,-0.7071067811865471,-0.7071067811865479,7.975542768332186
TXN569934284,428.38,P2M,Axis,Axis,Mumbai,2024-06-12T19:22:26,19,2,0,32.80004342686058,3,1,0,0,0,6.062342307741419,0.45325587464412,-0.9659258262890684,0.2588190451025203,40.620017370744236
TXN806174999,1900.36,QR,PNB,SBI,Jaipur,2024-01-15T15:28:01,15,0,0,28.196499706379875,2,0,0,0,0,7.550324698573111,0.25236169578813245,-0.7071067811865471,-0.7071067811865479,16.27859988255195
TXN854292113,745.39,P2P,PNB,ICICI,Ahmedabad,2024-03-26T10:47:21,10,1,0,13.547512492355896,3,0,0,0,0,6.61524825180137,0.4099907055255609,0.49999999999999994,-0.8660254037844387,12.919004996942359
TXN533845720,6669.46,P2M,SBI,Kotak,Ahmedabad,2024-04-01T18:19:00,18,0,0,32.89328994622218,2,0,0,0,0,8.805444102048899,0.39851972133852037,-1.0,-1.8369701987210297e-16,18.157315978488874
TXN236095058,337.12,P2P,Kotak,BOB,Delhi,2024-02-04T19:38:37,19,6,0,44.7232265460087,1,0,0,0,0,5.823400862060727,0.4657109370514879,-0.9659258262890684,0.2588190451025203,20.389290618403482
TXN561586170,378.37,QR,PNB,PNB,Mumbai,2024-07-28T08:01:30,8,6,0,29.7668939716969,1,0,0,0,0,5.938511982155248,0.4600811833334962,0.8660254037844387,-0.4999999999999998,14.40675758867876
TXN918667376,290.38,Auto-Pay,PNB,ICICI,Delhi,2024-02-25T20:41:40,20,6,0,37.49248710051522,3,0,0,0,0,5.67462825722585,0.4720899598097651,-0.8660254037844386,0.5000000000000001,22.49699484020609
TXN348858922,638.9,P2P,HDFC,HDFC,Hyderabad,2024-11-12T11:16:35,11,1,0,12.123215287717986,3,0,0,0,0,6.461311914145415,0.42452434124505034,0.258819045102521,-0.9659258262890682,12.349286115087196
TXN774167759,6603.43,P2P,PNB,PNB,Kolkata,2024-04-05T20:21:39,20,4,0,30.672709071216527,3,0,0,0,0,8.795495914973621,0.38950802102339327,-0.8660254037844386,0.5000000000000001,19.769083628486612
TXN411484197,754.95,P2P,Axis,HDFC,Ahmedabad,2024-04-12T10:24:38,10,4,0,28.09247926759639,1,1,0,0,0,6.62797523642621,0.4086859674517669,0.49999999999999994,-0.8660254037844387,33.736991707038555
TXN267841679,3662.4,P2M,Axis,SBI,Chennai,2024-08-18T13:40:06,13,6,0,43.992696915992305,1,0,0,0,0,8.206146956926117,0.01188045357600699,-0.2588190451025208,-0.9659258262890683,20.097078766396923
TXN371815408,5915.66,P2M,Axis,HDFC,Lucknow,2024-01-24T11:43:51,11,2,0,32.61700471661516,3,0,0,0,0,8.685527379474253,0.29564194309313424,0.258819045102521,-0.9659258262890682,20.546801886646065
TXN544851763,948.04,QR,SBI,ICICI,Mumbai,2024-02-15T13:45:55,13,3,0,27.804217925528157,1,0,0,0,0,6.855450947352848,0.3823332608964451,-0.2588190451025208,-0.9659258262890683,13.621687170211263
TXN237873708,254.69,P2M,Kotak,HDFC,Mumbai,2024-07-11T16:19:48,16,3,0,44.583032985779596,1,0,0,0,0,5.5439657732023155,0.4769608909660105,-0.8660254037844384,-0.5000000000000004,20.33321319431184
TXN411513428,126.45,QR,PNB,HDFC,Mumbai,2024-10-13T12:09:52,12,6,0,40.84743341070123,3,0,0,1,0,4.847724130822124,0.49446294228225934,1.2246467991473532e-16,-1.0,33.83897336428049
TXN767958288,8226.93,P2P,Axis,ICICI,Delhi,2024-01-13T08:03:49,8,5,0,34.39989348810241,3,0,0,0,0,9.015289743201413,0.6110814794757472,0.8660254037844387,-0.4999999999999998,21.259957395240964
TXN369898890,4511.03,Auto-Pay,Kotak,SBI,Lucknow,2024-10-19T09:29:35,9,5,0,37.90813811695631,1,0,0,1,0,8.41450244209196,0.10393961667124954,0.7071067811865476,-0.7071067811865475,27.663255246782526
TXN403334609,3241.18,P2M,Kotak,Axis,Jaipur,2024-10-10T11:40:59,11,3,0,10.91103424359972,1,0,0,0,0,8.08400122203753,0.06936808657218842,0.258819045102521,-0.9659258262890682,6.864413697439889
TXN769745755,7813.72,P2P,Axis,Kotak,Ahmedabad,2024-04-18T09:39:02,9,3,0,33.62619261697412,1,0,0,0,0,8.96376441367885,0.5546870422924413,0.7071067811865476,-0.7071067811865475,15.95047704678965
TXN436669225,2155.55,Auto-Pay,Kotak,PNB,Hyderabad,2024-06-15T16:48:10,16,5,0,12.998038735875069,1,0,0,0,0,7.676265001536711,0.21753365090827023,-0.8660254037844384,-0.5000000000000004,7.699215494350028
TXN925295642,181.0,P2M,BOB,SBI,Mumbai,2024-06-13T17:53:05,17,3,0,30.59517447457487,1,0,0,0,0,5.204006687076795,0.48701801948670903,-0.9659258262890683,-0.25881904510252063,14.738069789829948
TXN661010668,20000.0,P2P,PNB,Kotak,Delhi,2024-08-07T02:37:05,2,2,1,76.84902314097891,18,1,1,0,1,9.90353755128617,2.2178568638315546,0.49999999999999994,0.8660254037844387,110.73960925639156
TXN875868310,1233.21,P2P,PNB,HDFC,Bangalore,2024-02-11T13:58:16,13,6,0,22.197088057673838,3,0,0,0,0,7.1181863682686615,0.3434135792537855,-0.2588190451025208,-0.9659258262890683,16.378835223069537
TXN594464915,1115.6,P2P,BOB,Axis,Kolkata,2024-04-23T10:45:19,10,1,0,17.895298045638327,1,0,0,0,0,7.01804363287626,0.3594648600967676,0.49999999999999994,-0.8660254037844387,9.658119218255331
TXN860972943,14512.8,P2P,BOB,Axis,Bangalore,2024-07-26T17:29:56,17,4,0,15.33456046656461,1,0,0,0,0,9.582855199944325,1.4689699644045413,-0.9659258262890683,-0.25881904510252063,8.633824186625844
TXN868905972,25000.0,P2M,Kotak,HDFC,Jaipur,2024-08-20T03:42:40,3,1,1,67.01689738610345,13,1,1,1,1,10.12667110305036,2.90025125389116,0.7071067811865476,0.7071067811865476,104.30675895444138
TXN774039986,9023.3,P2M,HDFC,PNB,Bangalore,2024-03-30T10:28:32,10,5,0,42.79423368237795,2,0,0,0,0,9.107676217866098,0.7197691635581006,0.49999999999999994,-0.8660254037844387,22.11769347295118
TXN480474368,5467.59,QR,Axis,Kotak,Bangalore,2024-11-28T12:03:12,12,3,0,43.625483087988506,2,0,0,0,0,8.60677609253507,0.23448985222233282,1.2246467991473532e-16,-1.0,22.450193235195403
TXN443066398,8933.26,P2P,HDFC,Axis,Ahmedabad,2024-02-15T14:07:57,14,3,0,41.042264534828504,1,0,0,0,0,9.097648603794399,0.7074806053819074,-0.4999999999999997,-0.8660254037844388,18.916905813931404
TXN460178699,629.22,P2P,ICICI,ICICI,Jaipur,2024-05-29T12:55:43,12,2,0,15.54521968230054,1,0,0,0,0,6.446068964776439,0.42584545678420577,1.2246467991473532e-16,-1.0,8.718087872920217
TXN213454394,6252.12,P2P,Kotak,Axis,Pune,2024-05-13T12:31:47,12,0,0,40.96110696696839,1,0,0,1,0,8.740835818171579,0.3415616263890252,1.2246467991473532e-16,-1.0,28.884442786787357
TXN502545229,1000.46,P2M,SBI,Axis,Bangalore,2024-06-12T09:05:01,9,2,0,18.305995631316303,3,0,0,0,0,6.909214214218381,0.3751790381110602,0.7071067811865476,-0.7071067811865475,14.822398252526522
TXN147365277,705.97,P2M,Kotak,Kotak,Chennai,2024-06-20T17:38:18,17,3,0,42.186119679750284,2,0,0,0,0,6.560988232181566,0.41537070289679084,-0.9659258262890683,-0.25881904510252063,21.874447871900113
TXN559708603,18801.27,P2M,SBI,Kotak,Delhi,2024-07-08T15:20:15,15,0,0,10.547274235941787,1,0,0,0,0,9.84173288620984,2.0542555383923244,-0.7071067811865471,-0.7071067811865479,6.718909694376715
TXN334156556,2498.44,QR,PNB,BOB,Chennai,2024-12-09T16:36:17,16,0,0,39.167201404406654,3,0,0,0,0,7.823821985764545,0.17073640842676263,-0.8660254037844384,-0.5000000000000004,23.16688056176266
TXN969765914,482.76,P2M,SBI,PNB,Delhi,2024-08-10T08:15:56,8,5,0,36.998970942861924,1,0,0,0,0,6.181588915964958,0.44583415325783177,0.8660254037844387,-0.4999999999999998,17.299588377144772
TXN895744740,530.09,P2P,HDFC,PNB,Kolkata,2024-07-07T08:37:15,8,6,0,37.94498929719212,3,0,0,0,0,6.274931498405297,0.43937460796152744,0.8660254037844387,-0.4999999999999998,22.67799571887685
TXN101678718,146.84,QR,Kotak,SBI,Pune,2024-04-17T19:05:02,19,2,0,29.865523471021373,3,0,0,0,0,4.996130607893374,0.4916801379595962,-0.9659258262890684,0.2588190451025203,19.446209388408548
TXN494756046,17317.41,QR,Axis,HDFC,Ahmedabad,2024-05-31T14:00:34,14,4,0,13.030137560242496,3,0,0,0,0,9.75952537651674,1.8517399904655554,-0.4999999999999997,-0.8660254037844388,12.712055024096998
TXN770320331,1102.36,QR,ICICI,Kotak,Delhi,2024-11-08T10:05:47,10,4,0,16.41385100047137,1,0,0,0,0,7.006115348595219,0.3612718404416454,0.49999999999999994,-0.8660254037844387,9.06554040018855
TXN865974729,2969.66,P2M,HDFC,Axis,Hyderabad,2024-02-26T09:37:40,9,0,0,42.43760740900493,3,0,0,0,0,7.996539429331267,0.10642483152998522,0.7071067811865476,-0.7071067811865475,24.475042963601975
TXN806258113,2045.81,P2M,SBI,BOB,Ahmedabad,2024-09-02T12:58:38,12,0,0,19.80386271137782,2,0,0,0,0,7.624037762594202,0.23251084298129848,1.2246467991473532e-16,-1.0,12.921545084551129
TXN662787518,441.73,P2P,SBI,HDFC,Pune,2024-08-04T15:30:36,15,6,0,35.03434788782355,2,0,0,0,0,6.092960103423562,0.45143388162266085,-0.7071067811865471,-0.7071067811865479,19.01373915512942
TXN623554275,122.56,Auto-Pay,SBI,BOB,Mumbai,2024-09-30T18:28:06,18,0,0,37.86443461693409,2,0,0,0,0,4.816726868050381,0.4949938451177257,-1.0,-1.8369701987210297e-16,20.145773846773636
TXN196925967,4264.22,Auto-Pay,Axis,HDFC,Bangalore,2024-06-27T10:13:22,10,3,0,20.973934490023215,3,0,0,0,0,8.358249041244912,0.07025526478912737,0.49999999999999994,-0.8660254037844387,15.889573796009286
TXN737418426,2146.23,P2P,Kotak,HDFC,Lucknow,2024-05-23T14:29:20,14,3,0,16.21521395748939,1,0,0,0,0,7.6719339183638136,0.21880563405134137,-0.4999999999999997,-0.8660254037844388,8.986085582995756
TXN132883013,3392.19,QR,BOB,SBI,Mumbai,2024-09-27T08:04:51,8,4,0,34.61568574021823,3,0,0,0,0,8.129525760858625,0.04875841120360819,0.8660254037844387,-0.4999999999999998,21.346274296087294
TXN761306107,9005.39,QR,Kotak,Axis,Chennai,2024-10-02T15:50:52,15,2,0,28.3075648332198,2,0,0,1,0,9.105689604387596,0.7173248268529071,-0.7071067811865471,-0.7071067811865479,26.323025933287923
TXN100110996,124.42,P2M,HDFC,BOB,Ahmedabad,2024-01-31T14:33:31,14,2,0,17.357363788491476,1,1,0,0,0,4.831668105114875,0.4947399944046235,-0.4999999999999997,-0.8660254037844388,29.44294551539659
TXN478436301,11268.15,QR,SBI,Axis,Hyderabad,2024-10-19T16:23:12,16,5,0,12.69034861836142,2,0,0,0,0,9.329824182716543,1.0261437728631617,-0.8660254037844384,-0.5000000000000004,10.076139447344568
TXN762946829,131.79,Auto-Pay,HDFC,ICICI,Jaipur,2024-06-14T08:06:25,8,4,0,39.55480595411154,2,1,0,0,0,4.888768933002236,0.49373414507367563,0.8660254037844387,-0.4999999999999998,40.82192238164462
TXN816855219,98.21,P2P,HDFC,ICICI,Chennai,2024-06-21T15:58:34,15,4,0,14.019580327223572,2,0,0,0,0,4.597238815661811,0.498317105797316,-0.7071067811865471,-0.7071067811865479,10.60783213088943
TXN377960385,7067.87,P2M,BOB,ICICI,Kolkata,2024-12-27T20:47:54,20,4,0,18.428951574150428,3,0,0,0,0,8.86345591584766,0.45289427112724984,-0.8660254037844386,0.5000000000000001,14.871580629660173
TXN155444479,418.75,P2M,BOB,BOB,Ahmedabad,2024-01-13T20:11:31,20,5,0,44.68523852453501,2,0,0,0,0,6.03965929595765,0.4545701662393748,-0.8660254037844386,0.5000000000000001,22.874095409814004
TXN954398393,9284.77,P2P,PNB,Kotak,Ahmedabad,2024-05-20T16:16:30,16,0,0,41.61402094692164,1,0,0,0,0,9.13623839980446,0.7554542957918778,-0.8660254037844384,-0.5000000000000004,19.145608378768657
TXN692114745,4575.16,P2M,PNB,HDFC,Delhi,2024-01-14T20:23:27,20,6,0,18.413204864517738,1,0,0,0,0,8.428615497483337,0.11269200711815405,-0.8660254037844386,0.5000000000000001,9.865281945807094
TXN220991956,106.56,P2P,HDFC,PNB,Ahmedabad,2024-08-11T08:44:43,8,6,0,26.001787290230826,2,0,0,0,0,4.678048831400664,0.4971775071659164,0.8660254037844387,-0.4999999999999998,15.400714916092332
TXN629518632,784.88,P2P,SBI,ICICI,Bangalore,2024-12-06T20:10:23,20,4,0,35.342476961518805,3,0,0,0,0,6.666804109017963,0.4046011546328701,-0.8660254037844386,0.5000000000000001,21.636990784607523
TXN642383372,12961.73,QR,ICICI,SBI,Chennai,2024-01-30T14:22:31,14,1,0,37.11355280136294,2,0,0,0,0,9.469833595871208,1.257281671086591,-0.4999999999999997,-0.8660254037844388,19.845421120545176
TXN577716697,2802.14,P2P,ICICI,HDFC,Mumbai,2024-02-12T14:59:23,14,0,0,16.889438546429755,2,0,0,0,0,7.938495496403412,0.12928777317454224,-0.4999999999999997,-0.8660254037844388,11.755775418571902
TXN238635586,210.28,P2P,Kotak,Kotak,Pune,2024-03-18T17:09:07,17,0,0,10.757794993393732,3,0,0,0,0,5.353184267988877,0.48302191793851995,-0.9659258262890683,-0.25881904510252063,11.803117997357493
TXN268757621,373.9,P2M,HDFC,SBI,Ahmedabad,2024-06-26T12:45:41,12,2,0,43.21206763660503,2,0,0,0,0,5.926659323741866,0.4606912439182094,1.2246467991473532e-16,-1.0,22.28482705464201
TXN137017183,491.53,P2P,SBI,ICICI,Pune,2024-10-07T08:35:25,8,0,0,25.628472635481803,1,0,0,0,0,6.199555372462563,0.44463723349766715,0.8660254037844387,-0.4999999999999998,12.751389054192721
TXN365124368,259.11,P2M,BOB,Kotak,Ahmedabad,2024-08-18T13:10:17,13,6,0,21.288775513154363,1,0,0,0,0,5.561104618466798,0.47635765432519783,-0.2588190451025208,-0.9659258262890683,11.015510205261746
TXN210129074,1631.13,P2P,Axis,PNB,Pune,2024-04-15T08:38:19,8,0,0,16.61408617789929,2,0,0,0,0,7.397641189214358,0.2891059041152819,0.8660254037844387,-0.4999999999999998,11.645634471159717
TXN750640966,655.12,P2P,PNB,SBI,Kolkata,2024-08-05T17:57:09,17,0,0,13.471808553950751,1,0,0,0,0,6.486343699044285,0.42231065384369704,-0.9659258262890683,-0.25881904510252063,7.888723421580301
TXN243823690,498.85,P2P,ICICI,PNB,Pune,2024-06-18T13:44:34,13,1,0,34.922882673532996,3,0,0,0,0,6.214308053413189,0.44363820811061994,-0.2588190451025208,-0.9659258262890683,21.4691530694132
TXN367871969,9988.25,P2P,Kotak,PNB,Delhi,2024-04-16T18:57:16,18,1,0,33.69642398017011,1,0,0,0,0,9.20926479374925,0.8514644568957039,-1.0,-1.8369701987210297e-16,15.978569592068045
TXN922742793,1509.75,P2P,BOB,Axis,Mumbai,2024-07-15T15:01:31,15,0,0,26.86104279643661,1,0,0,0,0,7.320361495241668,0.3056717103283689,-0.7071067811865471,-0.7071067811865479,13.244417118574646
TXN402269103,1300.45,P2P,Axis,PNB,Kolkata,2024-12-28T15:37:32,15,5,0,43.87145569861861,3,0,0,0,0,7.17123430648575,0.3342367394962639,-0.7071067811865471,-0.7071067811865479,25.048582279447444
TXN507982506,444.41,P2P,SBI,Axis,Pune,2024-08-14T13:45:38,13,2,0,39.22492896985533,3,0,0,0,0,6.098995206300014,0.4510681182295889,-0.2588190451025208,-0.9659258262890683,23.189971587942132
TXN764841185,9682.73,QR,SBI,Axis,Delhi,2024-11-10T20:15:45,20,6,0,12.114419709307295,3,0,0,0,0,9.178202436628373,0.8097674300855018,-0.8660254037844386,0.5000000000000001,12.345767883722917
TXN258817125,149.53,P2P,HDFC,BOB,Bangalore,2024-08-13T14:57:34,14,1,0,40.074424451219414,3,0,0,0,0,5.014162399872412,0.49131300977774417,-0.4999999999999997,-0.8660254037844388,23.529769780487765
TXN538285692,40000.0,P2P,SBI,PNB,Lucknow,2024-04-30T00:15:05,0,1,1,77.0006049364101,15,0,1,1,1,10.596659732783579,4.947434424069976,0.0,1.0,93.30024197456405
TXN849374598,2011.16,QR,ICICI,SBI,Kolkata,2024-12-24T09:54:25,9,1,0,13.419224034139122,1,0,0,0,0,7.606964050920678,0.23723983610441154,0.7071067811865476,-0.7071067811865475,7.867689613655649
TXN445230454,4540.76,Auto-Pay,Kotak,HDFC,Jaipur,2024-12-22T14:33:50,14,6,0,27.62841726495768,1,0,0,0,0,8.421069881110894,0.10799713371454402,-0.4999999999999997,-0.8660254037844388,13.551366905983073
TXN139832789,818.33,P2P,Axis,PNB,Hyderabad,2024-01-05T12:03:29,12,4,0,15.167414974839563,3,0,0,0,0,6.708486933101344,0.40003593616337135,1.2246467991473532e-16,-1.0,13.566965989935825
TXN698369534,2157.62,P2M,SBI,HDFC,Kolkata,2024-10-07T11:43:01,11,0,0,43.648386455030035,2,0,0,0,0,7.677224407612847,0.2172511396307856,0.258819045102521,-0.9659258262890682,22.459354582012015
TXN131758789,291.45,P2P,SBI,HDFC,Kolkata,2024-04-03T11:42:51,11,2,0,11.296615361907275,3,0,0,0,0,5.678293711889035,0.47194392741029234,0.258819045102521,-0.9659258262890682,12.018646144762911
TXN587377416,1253.01,Auto-Pay,ICICI,SBI,Mumbai,2024-05-03T08:23:12,8,4,0,29.040116331443226,2,1,0,0,0,7.134101695642729,0.3407112974691495,0.8660254037844387,-0.4999999999999998,36.61604653257729
TXN813625985,878.79,P2P,Kotak,PNB,Kolkata,2024-01-07T18:27:21,18,6,0,19.093462306076198,2,0,0,0,0,6.779683242630428,0.3917844231987706,-1.0,-1.8369701987210297e-16,12.63738492243048
TXN250011301,50.0,P2M,BOB,Axis,Hyderabad,2024-10-18T08:54:49,8,4,0,42.340988018776315,2,0,0,0,0,3.9318256327243257,0.5048967525062706,0.8660254037844387,-0.4999999999999998,21.936395207510525
TXN241284910,104.65,QR,PNB,SBI,Kolkata,2024-07-17T15:02:22,15,2,0,15.779904815031212,2,0,0,0,0,4.660131744062066,0.49743818182291916,-0.7071067811865471,-0.7071067811865479,11.311961926012486
TXN408616014,25000.0,P2P,Kotak,ICICI,Kolkata,2024-10-06T00:41:26,0,6,1,80.54474721239211,13,1,1,1,1,10.12667110305036,2.90025125389116,0.0,1.0,109.71789888495684
TXN560083063,238.28,P2P,ICICI,BOB,Mumbai,2024-06-12T13:05:26,13,2,0,28.654061005887023,1,0,0,0,0,5.477634414321693,0.4792005093541861,-0.2588190451025208,-0.9659258262890683,13.96162440235481
TXN585447056,1621.04,P2P,Kotak,HDFC,Ahmedabad,2024-02-10T10:49:39,10,5,0,37.31538739689121,1,0,0,0,0,7.391439895283737,0.2904829759944222,0.49999999999999994,-0.8660254037844387,17.426154958756484
TXN518017027,6648.57,P2P,PNB,Axis,Lucknow,2024-12-08T19:44:21,19,6,0,31.516985460131313,3,0,0,0,0,8.80230746990511,0.3956686775768513,-0.9659258262890684,0.2588190451025203,20.106794184052525
TXN674788433,746.6,QR,BOB,ICICI,Jaipur,2024-07-09T11:12:58,11,1,0,36.202583194417,3,0,0,0,0,6.616868075581408,0.40982556608316645,0.258819045102521,-0.9659258262890682,21.9810332777668
TXN326385880,210.24,QR,PNB,BOB,Ahmedabad,2024-05-16T19:55:49,19,3,0,16.781907821192902,1,1,0,0,0,5.352994927838733,0.4830273770936404,-0.9659258262890684,0.2588190451025203,29.21276312847716
TXN410691305,316.91,P2M,BOB,BOB,Kolkata,2024-07-27T08:10:19,8,5,0,12.616106627271042,1,0,0,0,0,5.761768323854854,0.46846917517610887,0.8660254037844387,-0.4999999999999998,7.546442650908418
TXN524281835,10000.0,P2P,BOB,SBI,Kolkata,2024-12-09T22:20:38,22,0,1,84.22078188560498,8,1,1,1,1,9.210440366976517,0.853068083712344,-0.5000000000000004,0.8660254037844384,98.68831275424199
TXN571821465,812.29,P2P,SBI,BOB,Jaipur,2024-10-17T11:22:59,11,3,0,21.467923728926543,1,0,0,0,0,6.701087749511253,0.4008602685865634,0.258819045102521,-0.9659258262890682,11.087169491570618
TXN391809416,77.17,Auto-Pay,ICICI,Axis,Pune,2024-07-06T15:11:17,15,5,0,35.47091484134704,1,0,0,0,0,4.358885942232239,0.5011886213906868,-0.7071067811865471,-0.7071067811865479,16.688365936538816
TXN735157697,397.2,P2P,Axis,Kotak,Hyderabad,2024-02-29T09:00:50,9,3,0,29.73718483644683,1,0,0,0,0,5.986954391630096,0.4575112860605317,0.7071067811865476,-0.7071067811865475,14.394873934578733
TXN834138946,3614.82,Auto-Pay,BOB,Axis,Ahmedabad,2024-10-02T16:10:58,16,2,0,41.84307018062144,2,0,0,0,0,8.193073941512,0.018374118591814183,-0.8660254037844384,-0.5000000000000004,21.737228072248577
TXN516821077,10000.0,Collect,SBI,ICICI,Jaipur,2024-11-07T11:42:29,11,3,0,93.68399050687916,4,1,1,1,1,9.210440366976517,0.853068083712344,0.258819045102521,-0.9659258262890682,77.47359620275166
TXN260877070,879.32,QR,PNB,HDFC,Chennai,2024-04-21T16:44:25,16,6,0,16.413075155975445,1,1,0,0,0,6.78028547773621,0.3917120893934243,-0.8660254037844384,-0.5000000000000004,29.065230062390178
TXN537635724,761.29,Auto-Pay,Kotak,BOB,Pune,2024-02-19T16:08:44,16,0,0,20.605234526863057,1,0,0,0,0,6.636327060713247,0.40782069136517135,-0.8660254037844384,-0.5000000000000004,10.742093810745223
TXN163384470,20000.0,P2P,Axis,HDFC,Bangalore,2024-05-01T20:45:53,20,2,0,84.34362046949073,5,1,1,0,1,9.90353755128617,2.2178568638315546,-0.8660254037844386,0.5000000000000001,66.2374481877963
TXN467064865,3503.62,P2P,Kotak,Axis,Kolkata,2024-02-06T16:44:36,16,1,0,16.08622612726607,3,0,0,0,0,8.161837377043403,0.033550569826739846,-0.8660254037844384,-0.5000000000000004,13.934490450906427
TXN520518852,562.79,P2P,ICICI,Axis,Delhi,2024-08-29T17:01:47,17,3,0,28.3344103921209,3,0,0,0,0,6.334681841736619,0.43491174865053767,-0.9659258262890683,-0.25881904510252063,18.83376415684836
TXN500861437,613.4,P2P,SBI,ICICI,Pune,2024-05-29T13:32:04,13,2,0,23.575529352926377,3,0,0,0,0,6.420646181833463,0.42800455263435433,-0.2588190451025208,-0.9659258262890683,16.930211741170552
TXN923298906,1139.5,P2P,HDFC,ICICI,Mumbai,2024-10-27T20:34:28,20,6,0,41.05215099902622,1,0,0,0,0,7.039222041724443,0.3562030149122827,-0.8660254037844386,0.5000000000000001,18.920860399610486
TXN723214176,333.49,P2M,SBI,Kotak,Bangalore,2024-08-25T13:37:44,13,6,0,30.02014697232141,1,1,0,0,0,5.81260698375519,0.4662063553786711,-0.2588190451025208,-0.9659258262890683,34.508058788928565
TXN219999053,6039.94,Auto-Pay,HDFC,ICICI,Kolkata,2024-05-29T16:12:35,16,2,0,32.128325229847114,1,0,0,0,0,8.706314907958975,0.3126035380524558,-0.8660254037844384,-0.5000000000000004,15.351330091938847
TXN701844021,2364.64,Collect,SBI,BOB,Kolkata,2024-10-13T18:34:07,18,6,0,11.278008931718846,3,0,0,0,0,7.768803877424733,0.1889972823047577,-1.0,-1.8369701987210297e-16,12.011203572687538
TXN127365047,122.28,P2M,BOB,PNB,Hyderabad,2024-12-04T16:06:29,16,2,0,26.458223586324845,3,0,0,0,0,4.814458191011861,0.495032059203569,-0.8660254037844384,-0.5000000000000004,18.083289434529938
TXN418797929,8647.83,Auto-Pay,Axis,SBI,Delhi,2024-06-24T08:53:15,8,0,0,15.757378652106155,3,0,0,1,0,9.065179330661843,0.6685254392309647,0.8660254037844387,-0.4999999999999998,23.80295146084246
TXN941421963,25000.0,P2P,HDFC,SBI,Hyderabad,2024-11-06T00:56:15,0,2,1,94.95321165710783,12,1,1,0,1,10.12667110305036,2.90025125389116,0.0,1.0,102.98128466284314
TXN863185238,4997.3,P2M,SBI,PNB,Ahmedabad,2024-05-16T14:16:34,14,3,0,17.268943338915914,3,0,0,0,0,8.516853133603133,0.17030520068210647,-0.4999999999999997,-0.8660254037844388,14.407577335566366
TXN708304436,595.03,P2P,ICICI,PNB,Lucknow,2024-01-20T18:40:53,18,5,0,25.77402662286196,2,0,0,0,0,6.390291001369027,0.4305116696234333,-1.0,-1.8369701987210297e-16,15.309610649144785
TXN899007419,915.6,Collect,Kotak,Axis,Lucknow,2024-03-09T17:28:42,17,5,0,36.02431369380816,2,0,0,1,0,6.8206711720750235,0.3867606356991518,-0.9659258262890683,-0.25881904510252063,29.409725477523267
TXN419554588,19230.89,P2P,Axis,Axis,Lucknow,2024-05-19T19:28:02,19,6,0,44.99329684108177,3,0,0,0,0,9.864325117684633,2.112889593963806,-0.9659258262890684,0.2588190451025203,25.49731873643271
TXN915410955,6123.53,QR,Kotak,BOB,Jaipur,2024-09-14T15:49:52,15,5,0,32.47973572274903,3,0,0,0,0,8.720057297774792,0.32401180746547226,-0.7071067811865471,-0.7071067811865479,20.491894289099612
TXN951073538,2594.36,P2M,HDFC,PNB,Ahmedabad,2024-09-18T12:46:57,12,2,0,20.0204964547475,1,0,0,0,0,7.861480514301804,0.15764535444785915,1.2246467991473532e-16,-1.0,10.508198581899
TXN304808634,418.71,P2M,HDFC,Kotak,Mumbai,2024-01-10T15:15:42,15,2,0,28.646574542521602,3,0,0,0,0,6.039563996598466,0.45457562539449525,-0.7071067811865471,-0.7071067811865479,18.958629817008642
TXN790241596,416.37,Collect,SBI,BOB,Bangalore,2024-04-20T18:37:45,18,5,0,32.578612180527664,3,0,0,0,0,6.033973118557441,0.45489498596904315,-1.0,-1.8369701987210297e-16,20.53144487221107
TXN993083530,401.12,QR,HDFC,PNB,Lucknow,2024-02-17T20:52:48,20,5,0,18.665879725054637,1,0,0,0,0,5.996750551537219,0.456976288858725,-0.8660254037844386,0.5000000000000001,9.966351890021855
TXN921646708,12228.01,P2P,SBI,Kotak,Pune,2024-02-04T13:06:33,13,6,0,26.27943166957058,1,0,0,0,0,9.411566276917386,1.1571443887116843,-0.2588190451025208,-0.9659258262890683,13.011772667828232
TXN996017797,14847.85,P2P,Kotak,SBI,Hyderabad,2024-04-20T08:00:40,8,5,0,15.894278215351049,2,0,0,0,0,9.60567770015469,1.5146972124824356,0.8660254037844387,-0.4999999999999998,11.35771128614042
TXN282292945,524.44,P2M,HDFC,Axis,Delhi,2024-07-11T03:23:08,3,3,1,87.14881227186984,8,1,0,0,1,6.264236006824008,0.4401457136222948,0.7071067811865476,0.7071067811865476,89.85952490874794
TXN142884087,7835.31,P2P,SBI,Kotak,Jaipur,2024-10-06T14:02:35,14,6,0,14.918115013224504,2,0,0,0,0,8.966523339282427,0.5576336212687186,-0.4999999999999997,-0.8660254037844388,10.967246005289802
TXN108445541,25000.0,P2P,PNB,HDFC,Hyderabad,2024-01-18T06:02:04,6,3,0,76.91255771687172,10,1,1,0,1,10.12667110305036,2.90025125389116,1.0,6.123233995736766e-17,75.76502308674868
TXN929138776,9594.83,Auto-Pay,BOB,PNB,Kolkata,2024-05-26T13:52:55,13,6,0,42.702821304359624,2,0,0,1,0,9.16908390808778,0.7977709367082539,-0.2588190451025208,-0.9659258262890683,32.08112852174385
TXN201329192,40000.0,Auto-Pay,HDFC,BOB,Chennai,2024-10-16T03:04:19,3,2,1,86.81085716806031,12,1,1,0,1,10.596659732783579,4.947434424069976,0.7071067811865476,0.7071067811865476,99.72434286722412
TXN756781989,50.0,P2P,HDFC,ICICI,Ahmedabad,2024-09-10T19:21:33,19,1,0,11.467830500589852,2,0,0,0,0,3.9318256327243257,0.5048967525062706,-0.9659258262890684,0.2588190451025203,9.587132200235942
TXN696100533,299.72,Auto-Pay,Axis,HDFC,Hyderabad,2024-03-22T08:37:42,8,4,0,20.561514503758076,1,0,0,0,0,5.706179599255923,0.47081524708913375,0.8660254037844387,-0.4999999999999998,10.72460580150323
TXN568225971,125.11,P2P,SBI,HDFC,Ahmedabad,2024-09-26T09:55:47,9,3,0,16.70317194447287,3,0,0,0,0,4.8371545419677835,0.49464582397879525,0.7071067811865476,-0.7071067811865475,14.18126877778915
TXN262731736,958.35,P2P,PNB,BOB,Kolkata,2024-07-28T11:51:51,11,6,0,12.205538674248366,2,0,0,0,0,6.866255971804108,0.38092616366414217,0.258819045102521,-0.9659258262890682,9.882215469699346
TXN352942826,45000.0,QR,Axis,HDFC,Kolkata,2024-02-23T06:49:06,6,4,0,92.64531592134168,17,1,1,0,1,10.714439990727769,5.629828814129581,1.0,6.123233995736766e-17,99.55812636853668
TXN656210733,1036.64,P2M,Axis,Kotak,Ahmedabad,2024-07-25T09:50:32,9,3,0,14.509704920008918,3,0,0,0,0,6.944704182760339,0.3702412323045889,0.7071067811865476,-0.7071067811865475,13.303881968003568
TXN126767723,716.38,Collect,PNB,Kotak,Chennai,2024-07-27T17:20:28,17,5,0,43.57955008488929,2,0,0,0,0,6.575605686259613,0.4139499577766867,-0.9659258262890683,-0.25881904510252063,22.431820033955717
TXN597807055,50.0,P2P,Axis,Axis,Lucknow,2024-09-13T09:18:23,9,4,0,16.787382851192085,2,0,0,0,0,3.9318256327243257,0.5048967525062706,0.7071067811865476,-0.7071067811865475,11.714953140476833
TXN348688279,367.99,P2P,PNB,HDFC,Lucknow,2024-06-29T12:31:56,12,5,0,20.683855940038487,2,0,0,0,0,5.9107695434023055,0.46149783408725986,1.2246467991473532e-16,-1.0,13.273542376015396
TXN356314877,449.23,QR,ICICI,ICICI,Hyderabad,2024-07-14T13:49:38,13,6,0,18.928305161952196,1,0,0,0,0,6.109758563302682,0.45041029003757144,-0.2588190451025208,-0.9659258262890683,10.07132206478088
TXN547993698,50.0,QR,PNB,Kotak,Chennai,2024-06-22T11:49:05,11,5,0,34.13972004345334,2,0,0,0,0,3.9318256327243257,0.5048967525062706,0.258819045102521,-0.9659258262890682,18.655888017381336
TXN961831681,186.66,QR,SBI,Axis,Delhi,2024-06-29T09:11:45,9,5,0,44.31658725162274,1,1,0,0,0,5.2346318148619035,0.48624554903716155,0.7071067811865476,-0.7071067811865475,40.2266349006491
TXN841487362,327.92,P2P,HDFC,PNB,Jaipur,2024-07-06T11:30:50,11,5,0,38.44048077924734,2,0,0,0,0,5.795814560102695,0.4669665427291976,0.258819045102521,-0.9659258262890682,20.376192311698937
TXN962225956,1288.82,P2M,HDFC,Kotak,Lucknow,2024-07-28T10:52:39,10,6,0,42.21422687104203,1,0,0,0,0,7.162257952736099,0.3358239888475426,0.49999999999999994,-0.8660254037844387,19.385690748416813
TXN308301623,50.0,P2P,Axis,SBI,Pune,2024-01-03T20:30:10,20,2,0,41.07935072999795,3,0,0,0,0,3.9318256327243257,0.5048967525062706,-0.8660254037844386,0.5000000000000001,23.93174029199918
TXN285974321,495.46,Auto-Pay,SBI,Axis,Lucknow,2024-07-31T17:23:19,17,2,0,35.38401811452978,2,0,0,0,0,6.207502916292144,0.44410087150708033,-0.9659258262890683,-0.25881904510252063,19.153607245811912
TXN194541109,3705.69,P2M,Axis,PNB,Lucknow,2024-03-22T17:07:37,17,4,0,38.40004624387893,2,1,0,0,0,8.21789457408068,0.005972282946870931,-0.9659258262890683,-0.25881904510252063,40.36001849755157
TXN717296684,441.68,P2M,BOB,HDFC,Bangalore,2024-07-13T12:33:08,12,5,0,32.92686947037707,2,0,0,0,0,6.092847161396585,0.45144070556656146,1.2246467991473532e-16,-1.0,18.170747788150827
TXN955560479,986.8,P2M,HDFC,ICICI,Pune,2024-05-28T19:49:03,19,1,0,40.22744974538156,3,0,0,0,0,6.895480248106525,0.37704333958470304,-0.9659258262890684,0.2588190451025203,23.590979898152625
TXN167468013,394.12,P2P,SBI,Kotak,Bangalore,2024-06-27T18:42:02,18,3,0,41.82231624582431,2,0,0,0,0,5.97918951623237,0.45793164100480843,-1.0,-1.8369701987210297e-16,21.728926498329724
TXN605886227,650.1,QR,SBI,ICICI,Kolkata,2024-06-20T16:06:33,16,3,0,16.002668743932702,1,0,0,0,0,6.478663240242817,0.42299577781131686,-0.8660254037844384,-0.5000000000000004,8.90106749757308
TXN415180642,330.94,QR,ICICI,Axis,Pune,2024-01-01T14:15:16,14,0,0,12.304320975750587,2,0,0,0,0,5.804954229692573,0.46655437651760157,-0.4999999999999997,-0.8660254037844388,9.921728390300235
TXN829952982,6541.86,Auto-Pay,PNB,ICICI,Pune,2024-12-20T15:05:06,15,4,0,30.614140216653205,3,0,0,0,0,8.78612965772809,0.3811050165041992,-0.7071067811865471,-0.7071067811865479,19.745656086661285
TXN752848578,445.51,Collect,Kotak,ICICI,Kolkata,2024-12-24T08:34:47,8,1,0,27.95533644489076,3,0,0,0,0,6.101461796482331,0.4509179914637758,0.8660254037844387,-0.4999999999999998,18.682134577956305
TXN391972903,1285.58,P2P,BOB,Axis,Bangalore,2024-06-08T14:00:38,14,5,0,20.463819054731367,2,0,0,0,0,7.159742814009194,0.3362661804123013,-0.4999999999999997,-0.8660254037844388,13.185527621892547
TXN633282013,10415.18,QR,SBI,HDFC,Hyderabad,2024-12-06T08:58:45,8,4,0,23.211101843537392,2,0,0,0,0,9.251115645405024,0.9097313842853335,0.8660254037844387,-0.4999999999999998,14.284440737414958
TXN512789597,909.94,QR,ICICI,Axis,Pune,2024-04-10T09:14:10,9,2,0,22.568373423773686,1,0,0,0,0,6.814477033400532,0.38753310614869924,0.7071067811865476,-0.7071067811865475,11.527349369509475
TXN647806846,76.7,QR,ICICI,BOB,Hyderabad,2024-10-16T08:36:48,8,2,0,21.199036888001643,3,0,0,0,0,4.3528552573736015,0.5012527664633524,0.8660254037844387,-0.4999999999999998,15.979614755200657
TXN525351662,1023.06,P2P,PNB,BOB,Pune,2024-02-12T15:08:03,15,0,0,15.525333365186047,3,0,0,0,0,6.931530397632907,0.3720946154679908,-0.7071067811865471,-0.7071067811865479,13.710133346074418
TXN948350066,64.96,P2P,SBI,HDFC,Kolkata,2024-01-11T18:47:23,18,3,0,42.84456964684217,1,0,0,0,0,4.189048497691398,0.5028550284912123,-1.0,-1.8369701987210297e-16,19.637827858736866
TXN457749168,9534.18,QR,HDFC,ICICI,Lucknow,2024-05-21T16:59:12,16,1,0,15.628120870672292,2,0,0,0,0,9.162743395674898,0.789493492756831,-0.8660254037844384,-0.5000000000000004,11.251248348268916
TXN807520381,976.15,QR,PNB,SBI,Hyderabad,2024-07-30T20:11:29,20,1,0,17.914012058246684,1,0,0,0,0,6.884640171476086,0.37849683963553,-0.8660254037844386,0.5000000000000001,9.665604823298674
TXN285575060,2735.0,P2M,SBI,BOB,Delhi,2024-03-22T20:31:27,20,4,0,24.905790933042038,3,0,0,0,0,7.914252278742441,0.1384509650442626,-0.8660254037844386,0.5000000000000001,17.462316373216815
TXN260539875,333.21,P2P,ICICI,PNB,Lucknow,2024-08-06T08:32:03,8,1,0,41.223179168674676,3,0,0,0,0,5.811769537915907,0.4662445694645145,0.8660254037844387,-0.4999999999999998,23.989271667469872
TXN695078591,12764.42,P2P,PNB,BOB,Kolkata,2024-09-13T12:24:29,12,4,0,21.210370149892434,3,0,0,0,0,9.454495231601994,1.230353023666059,1.2246467991473532e-16,-1.0,15.984148059956974
TXN128388665,950.54,P2P,PNB,ICICI,Kolkata,2024-10-27T18:56:02,18,6,0,36.990344129504074,3,0,0,0,0,6.858081724738565,0.3819920637014153,-1.0,-1.8369701987210297e-16,22.29613765180163
TXN682172627,89.55,P2M,Axis,Axis,Jaipur,2024-07-30T17:14:14,17,1,0,12.629965043636567,1,0,0,0,0,4.505902184329423,0.49949901288089915,-0.9659258262890683,-0.25881904510252063,7.551986017454627
TXN870147167,624.94,P2M,SBI,SBI,Jaipur,2024-02-23T10:03:25,10,4,0,17.82378526906898,3,0,0,0,0,6.439254519861148,0.42642958638209677,0.49999999999999994,-0.8660254037844387,14.629514107627593
TXN892366208,56.7,Collect,HDFC,ICICI,Chennai,2024-07-12T15:54:53,15,4,0,29.45561421393501,1,0,0,0,0,4.055257173514054,0.5039823440235909,-0.7071067811865471,-0.7071067811865479,14.282245685574004
TXN372187651,1754.69,QR,ICICI,PNB,Kolkata,2024-06-06T09:19:35,9,3,0,40.75879737511815,3,0,0,0,0,7.470617221025047,0.27224257394812895,0.7071067811865476,-0.7071067811865475,23.80351895004726
TXN918028538,15000.0,P2P,PNB,HDFC,Chennai,2024-02-18T03:20:23,3,6,1,95.62293694284158,14,1,1,1,1,9.61587214452889,1.5354624737719493,0.7071067811865476,0.7071067811865476,118.24917477713663
TXN160287687,271.94,P2M,PNB,HDFC,Hyderabad,2024-10-27T20:59:08,20,6,0,38.36061546931664,1,0,0,0,0,5.609251990809968,0.4746066303203049,-0.8660254037844386,0.5000000000000001,17.844246187726657
TXN770251208,2275.87,P2M,Axis,PNB,Bangalore,2024-11-14T14:38:12,14,3,0,33.03289046622166,1,0,0,0,0,7.730556971768103,0.20111251230587593,-0.4999999999999997,-0.8660254037844388,15.713156186488664
TXN429824799,458.28,P2M,SBI,SBI,Chennai,2024-07-01T18:09:48,18,0,0,41.88159544002082,2,0,0,0,0,6.1296600458593815,0.4491751561915635,-1.0,-1.8369701987210297e-16,21.75263817600833
TXN897248293,9306.76,P2M,HDFC,BOB,Delhi,2024-08-13T14:01:24,14,1,0,38.62237578887063,2,0,0,0,0,9.138603739818167,0.7584554663193599,-0.4999999999999997,-0.8660254037844388,20.448950315548252
TXN162498049,143.75,P2M,Kotak,SBI,Ahmedabad,2024-11-29T17:27:23,17,4,0,37.71162633051344,3,0,0,0,0,4.975008116453105,0.4921018576926531,-0.9659258262890683,-0.25881904510252063,22.584650532205377
TXN561353125,4650.03,QR,BOB,SBI,Delhi,2024-06-09T11:53:58,11,6,0,23.38711076862692,1,0,0,1,0,8.444843979429052,0.12291018071490657,0.258819045102521,-0.9659258262890682,21.85484430745077
TXN618304192,878.58,P2P,ICICI,SBI,Jaipur,2024-10-01T00:42:55,0,1,1,87.0514938509595,10,1,0,1,1,6.779444520814099,0.3918130837631531,0.0,1.0,104.8205975403838
TXN456449115,583.16,P2M,Axis,HDFC,Kolkata,2024-05-06T14:05:28,14,0,0,33.840240805611884,2,0,0,0,0,6.370174917907327,0.43213167390543483,-0.4999999999999997,-0.8660254037844388,18.536096322244752
TXN705204259,3702.08,P2P,SBI,Axis,Mumbai,2024-05-12T14:39:06,14,6,0,33.08676421833647,1,0,0,0,0,8.216920184785026,0.006464971696493984,-0.4999999999999997,-0.8660254037844388,15.73470568733459
TXN577812758,239.67,Collect,ICICI,HDFC,Chennai,2024-03-21T18:43:43,18,3,0,30.04849468948729,3,0,0,0,0,5.483426700544313,0.4790108037137496,-1.0,-1.8369701987210297e-16,19.519397875794915
TXN568067889,264.32,P2M,BOB,HDFC,Mumbai,2024-07-16T10:55:10,10,1,0,21.221696729257935,2,0,0,0,0,5.580936644657355,0.4756465993707557,0.49999999999999994,-0.8660254037844387,13.488678691703175
TXN722876086,727.48,Auto-Pay,HDFC,Axis,Bangalore,2024-06-21T10:12:19,10,4,0,35.623193407795526,1,0,0,0,0,6.590960171586472,0.4124350422307544,0.49999999999999994,-0.8660254037844387,16.74927736311821
TXN666610482,631.52,P2P,PNB,BOB,Ahmedabad,2024-11-10T12:02:03,12,6,0,42.03651306329776,1,0,0,0,0,6.449711840655116,0.4255315553647783,1.2246467991473532e-16,-1.0,19.314605225319106
TXN185317063,577.85,P2M,Kotak,Kotak,Kolkata,2024-04-14T20:36:33,20,6,0,23.072767040487086,3,0,0,0,0,6.361043376651738,0.43285637674767813,-0.8660254037844386,0.5000000000000001,16.729106816194836
TXN887553262,1589.11,QR,PNB,HDFC,Ahmedabad,2024-07-09T18:53:35,18,1,0,14.625676440479658,2,0,0,0,0,7.371558475211223,0.29484074656934284,-1.0,-1.8369701987210297e-16,10.850270576191864
TXN868313310,161.21,P2M,Kotak,PNB,Jaipur,2024-12-07T19:06:34,19,5,0,27.06499177856845,3,0,0,0,0,5.088891792062023,0.4897189364825649,-0.9659258262890684,0.2588190451025203,18.32599671142738
TXN830179105,50.0,P2M,Axis,ICICI,Jaipur,2024-09-23T12:26:23,12,0,0,23.630791247217328,2,0,0,0,0,3.9318256327243257,0.5048967525062706,1.2246467991473532e-16,-1.0,14.452316498886931
TXN383495469,364.69,P2M,HDFC,HDFC,Hyderabad,2024-04-18T10:35:25,10,3,0,41.962917984702074,2,0,0,0,0,5.901785979963302,0.46194821438469924,0.49999999999999994,-0.8660254037844387,21.78516719388083
TXN764089472,3785.84,P2P,ICICI,PNB,Hyderabad,2024-11-06T12:24:18,12,2,0,17.128861775608105,3,0,0,0,0,8.239287177207293,0.004966499125784555,1.2246467991473532e-16,-1.0,14.351544710243243
TXN724482555,250.42,QR,BOB,Axis,Jaipur,2024-03-08T20:14:00,20,4,0,32.704326488656235,2,0,0,1,0,5.527124847486685,0.4775436557751214,-0.8660254037844386,0.5000000000000001,28.081730595462496
TXN786384560,106.66,P2P,ICICI,PNB,Delhi,2024-10-07T14:27:40,14,0,0,44.281255739692924,2,0,0,0,0,4.678978113132811,0.49716385927811524,-0.4999999999999997,-0.8660254037844388,22.71250229587717
TXN944915100,51.04,P2M,ICICI,SBI,Mumbai,2024-09-02T09:42:41,9,0,0,15.200246768810189,1,0,0,0,0,3.9520126536443043,0.5047548144731383,0.7071067811865476,-0.7071067811865475,8.580098707524076
TXN530096987,746.1,P2P,Axis,BOB,Kolkata,2024-12-20T12:59:04,12,4,0,25.027400116783408,1,0,0,0,0,6.616199044981755,0.4098938055221724,1.2246467991473532e-16,-1.0,12.510960046713365
TXN724103160,3594.46,P2P,HDFC,Axis,Ahmedabad,2024-03-01T18:37:31,18,4,0,22.93223220606655,2,0,0,0,0,8.187427217463283,0.021152828548136916,-1.0,-1.8369701987210297e-16,14.172892882426622
TXN492170205,67.92,QR,ICICI,HDFC,Mumbai,2024-06-17T09:18:15,9,0,0,17.351852206275684,2,0,0,0,0,4.232946411659729,0.502451051012297,0.7071067811865476,-0.7071067811865475,11.940740882510273
TXN274142121,89.62,P2P,Axis,Axis,Delhi,2024-06-05T15:38:54,15,2,0,15.37331565145745,1,0,0,0,0,4.506674939238992,0.4994894593594384,-0.7071067811865471,-0.7071067811865479,8.649326260582981
TXN207974278,274.48,Auto-Pay,BOB,PNB,Mumbai,2024-12-21T17:18:55,17,5,0,37.88968618702431,1,0,0,1,0,5.618515030676497,0.4742599739701546,-0.9659258262890683,-0.25881904510252063,27.655874474809725
TXN329584183,24674.89,P2P,Kotak,SBI,Mumbai,2024-02-05T11:14:10,11,0,0,10.537720698727481,2,0,0,0,0,10.11358193254686,2.8558806058607042,0.258819045102521,-0.9659258262890682,9.215088279490992
TXN506194326,386.78,QR,SBI,ICICI,Mumbai,2024-11-21T16:26:46,16,3,0,26.649500743942237,3,0,0,0,0,5.960438168502859,0.45893339596941585,-0.8660254037844384,-0.5000000000000004,18.159800297576894
TXN171619443,7625.8,P2P,ICICI,SBI,Hyderabad,2024-12-02T11:13:09,11,0,0,11.457988643393884,2,0,0,0,0,8.93942363919029,0.529039931536441,0.258819045102521,-0.9659258262890682,9.583195457357554
TXN973916127,9942.31,Auto-Pay,BOB,ICICI,Delhi,2024-07-17T13:58:28,13,2,0,39.89395524574661,3,0,0,0,0,9.204655242207023,0.8451946172398362,-0.2588190451025208,-0.9659258262890683,23.457582098298644
TXN255456900,2449.26,QR,ICICI,PNB,Chennai,2024-03-16T08:52:21,8,5,0,28.275659367656964,2,0,0,0,0,7.8039494203571635,0.1774484396473889,0.8660254037844387,-0.4999999999999998,16.310263747062784
TXN449711896,8712.97,P2P,Axis,ICICI,Ahmedabad,2024-11-12T12:58:37,12,1,0,23.676212945862222,1,1,0,0,0,9.072682763935633,0.6774156733446611,1.2246467991473532e-16,-1.0,31.970485178344887
TXN480779562,684.7,QR,Axis,Kotak,Hyderabad,2024-12-24T13:34:35,13,1,0,15.34626510836658,1,0,0,0,0,6.530440214290318,0.41827360863210433,-0.2588190451025208,-0.9659258262890683,8.638506043346633
TXN719018034,50.0,Auto-Pay,HDFC,Axis,Jaipur,2024-06-16T08:37:43,8,6,0,43.471962389247274,2,0,0,0,0,3.9318256327243257,0.5048967525062706,0.8660254037844387,-0.4999999999999998,22.38878495569891
TXN509056023,4056.72,P2P,HDFC,BOB,Chennai,2024-02-16T15:29:50,15,4,0,36.63765979508372,2,0,0,0,0,8.308376518498038,0.041935897601653685,-0.7071067811865471,-0.7071067811865479,19.65506391803349
TXN994167041,174.49,Auto-Pay,HDFC,BOB,Delhi,2024-07-09T17:12:51,17,1,0,35.81927830849216,3,0,0,0,0,5.167582061225516,0.4879064969825666,-0.9659258262890683,-0.25881904510252063,21.827711323396862
TXN916042669,205.75,P2P,SBI,HDFC,Chennai,2024-11-16T08:46:51,8,5,0,27.405935615914036,1,0,0,0,0,5.3315103339038,0.48364016725591397,0.8660254037844387,-0.4999999999999998,13.462374246365615
TXN410621247,132.12,P2M,Kotak,Kotak,Kolkata,2024-05-24T16:20:40,16,4,0,22.04560103641692,3,0,0,0,0,4.8912509770728985,0.4936891070439317,-0.8660254037844384,-0.5000000000000004,16.318240414566766
TXN990306533,352.05,P2P,Axis,HDFC,Jaipur,2024-09-10T10:53:19,10,1,0,20.284502156588285,2,0,0,0,0,5.866609689962356,0.4636733074027699,0.49999999999999994,-0.8660254037844387,13.113800862635314
TXN839043752,1031.56,P2P,Kotak,PNB,Chennai,2024-10-19T10:23:57,10,5,0,32.529438294450756,2,0,0,0,0,6.939796434526932,0.3709345450048894,0.49999999999999994,-0.8660254037844387,18.011775317780305
TXN516944660,14839.18,P2P,BOB,Kotak,Lucknow,2024-05-05T16:13:02,16,6,0,40.783255740513056,3,0,0,0,0,9.605093646027864,1.5135139406100724,-0.8660254037844384,-0.5000000000000004,23.813302296205222
TXN340981838,2397.16,P2P,PNB,PNB,Pune,2024-11-01T15:30:23,15,4,0,35.93615857725764,3,1,0,0,0,7.782457055630185,0.18455898919181005,-0.7071067811865471,-0.7071067811865479,41.874463430903056
TXN582017183,8699.6,P2P,BOB,PNB,Mumbai,2024-10-13T10:29:20,10,6,0,34.48456358080716,3,0,0,0,0,9.071147267781905,0.6755909507456419,0.49999999999999994,-0.8660254037844387,21.293825432322866
TXN716303760,1036.92,P2P,Axis,ICICI,Ahmedabad,2024-10-07T12:36:25,12,0,0,32.89462243188545,3,0,0,0,0,6.944973989464746,0.3702030182187455,1.2246467991473532e-16,-1.0,20.65784897275418
TXN737673508,5554.93,P2M,Kotak,Axis,Lucknow,2024-06-22T15:01:58,15,5,0,27.02731503131105,3,0,0,0,0,8.622621104802786,0.24640991742789403,-0.7071067811865471,-0.7071067811865479,18.31092601252442
TXN185413652,91.17,QR,Kotak,HDFC,Chennai,2024-10-23T19:07:27,19,2,0,40.77298288797631,2,1,0,0,0,4.523634698005573,0.4992779170985199,-0.9659258262890684,0.2588190451025203,41.30919315519053
TXN209181005,1966.48,P2M,PNB,ICICI,Chennai,2024-09-07T09:53:47,9,5,0,12.157465920288823,3,0,0,0,0,7.584508815055648,0.2433377123739842,0.7071067811865476,-0.7071067811865475,12.362986368115529
TXN145186088,30000.0,P2M,ICICI,PNB,Ahmedabad,2024-02-29T18:28:20,18,3,0,72.57544733378772,9,0,1,1,1,10.308985993422082,3.5826456439507655,-1.0,-1.8369701987210297e-16,61.53017893351509
TXN103032263,182.93,P2M,Kotak,HDFC,Hyderabad,2024-09-30T20:39:05,20,0,0,16.491000532944796,1,0,0,0,0,5.214555250442706,0.48675461525214603,-0.8660254037844386,0.5000000000000001,9.096400213177919
TXN583259460,81.66,Collect,SBI,PNB,Delhi,2024-02-04T08:26:02,8,6,0,16.030035843725212,3,0,0,0,0,4.414735809083586,0.5005758312284133,0.8660254037844387,-0.4999999999999998,13.912014337490085
TXN550446361,8561.59,Auto-Pay,PNB,Axis,Hyderabad,2024-12-20T08:57:53,8,4,0,18.922429810731813,1,0,0,0,0,9.055157993464146,0.6567555007912167,0.8660254037844387,-0.4999999999999998,10.068971924292725
TXN359256558,5020.51,P2M,HDFC,HDFC,Mumbai,2024-03-18T08:14:45,8,0,0,12.48576569307658,3,0,0,1,0,8.521485964268232,0.17347287544076315,0.8660254037844387,-0.4999999999999998,22.49430627723063
TXN922677507,2293.0,P2P,PNB,PNB,Ahmedabad,2024-02-04T15:34:29,15,6,0,23.456294021328496,2,0,0,1,0,7.738052297689316,0.1987746291255317,-0.7071067811865471,-0.7071067811865479,24.3825176085314
TXN739138760,50.0,QR,SBI,HDFC,Hyderabad,2024-02-26T17:04:13,17,0,0,42.45143191077717,1,0,0,0,0,3.9318256327243257,0.5048967525062706,-0.9659258262890683,-0.25881904510252063,19.480572764310867
TXN574002869,9271.3,P2P,SBI,HDFC,Bangalore,2024-02-14T08:43:52,8,2,0,11.788337517852998,2,0,0,0,0,9.134786739975022,0.753615925305057,0.8660254037844387,-0.4999999999999998,9.7153350071412
TXN669396139,902.75,P2P,PNB,HDFC,Lucknow,2024-01-29T12:42:44,12,0,0,13.42739074949522,1,0,0,0,0,6.8065527734729745,0.388514389281605,1.2246467991473532e-16,-1.0,7.870956299798088
TXN595657114,1025.57,P2M,ICICI,HDFC,Bangalore,2024-04-30T10:57:46,10,1,0,41.28942938849103,2,0,0,0,0,6.9339784270224145,0.37175205348418083,0.49999999999999994,-0.8660254037844387,21.51577175539641
TXN987098132,68.51,Auto-Pay,PNB,BOB,Pune,2024-08-14T16:56:41,16,2,0,15.853167205736973,1,0,0,0,0,4.2414706271123945,0.50237052847427,-0.8660254037844384,-0.5000000000000004,8.84126688229479
TXN197010251,45000.0,P2P,PNB,PNB,Pune,2024-08-12T00:03:09,0,0,1,90.89693690113184,10,1,1,1,1,10.714439990727769,5.629828814129581,0.0,1.0,106.35877476045275
TXN101050584,1305.15,P2P,HDFC,Kotak,Bangalore,2024-04-13T11:32:06,11,5,0,10.84227334129676,1,0,0,0,0,7.174839157758712,0.3335952887696079,0.258819045102521,-0.9659258262890682,6.836909336518704
TXN257045707,50.0,QR,BOB,Kotak,Ahmedabad,2024-04-03T20:06:13,20,2,0,33.789581301501514,2,0,0,0,0,3.9318256327243257,0.5048967525062706,-0.8660254037844386,0.5000000000000001,18.515832520600604
TXN678770683,281.68,Auto-Pay,SBI,PNB,Lucknow,2024-11-29T12:16:29,12,4,0,20.467837983909867,2,0,0,0,0,5.644315515822654,0.47327732604846884,1.2246467991473532e-16,-1.0,13.187135193563947
TXN977336083,7391.89,P2M,HDFC,PNB,Delhi,2024-06-14T14:47:06,14,4,0,34.584613485262764,2,0,0,0,0,8.90827400650687,0.49711615718067254,-0.4999999999999997,-0.8660254037844388,18.833845394105104
TXN725884208,30000.0,P2M,Axis,Axis,Mumbai,2024-10-28T08:05:51,8,0,0,71.86226212721989,9,0,1,1,1,10.308985993422082,3.5826456439507655,0.8660254037844387,-0.4999999999999998,61.24490485088796
TXN963356041,427.61,QR,HDFC,Axis,Delhi,2024-05-03T08:30:00,8,4,0,23.462059515647333,2,0,0,0,0,6.0605474145451765,0.45336096338018916,0.8660254037844387,-0.4999999999999998,14.384823806258934
TXN378937725,719.57,P2P,Axis,ICICI,Mumbai,2024-12-14T09:51:02,9,5,0,44.90616955229688,3,0,0,0,0,6.5800425654740025,0.41351459015582864,0.7071067811865476,-0.7071067811865475,25.462467820918754
TXN366975476,2210.14,P2M,PNB,SBI,Pune,2024-02-07T19:02:27,19,2,0,10.011528492702668,3,0,0,0,0,7.701263498617647,0.21008326895759952,-0.9659258262890684,0.2588190451025203,11.504611397081067
TXN875939522,4360.41,QR,Kotak,SBI,Lucknow,2024-06-24T17:14:52,17,0,0,40.463856787899566,3,1,0,0,0,8.380550678557764,0.08338316806509401,-0.9659258262890683,-0.25881904510252063,43.685542715159826
TXN843771680,56.76,P2P,BOB,Kotak,Hyderabad,2024-10-23T14:55:47,14,2,0,28.928422477932646,2,0,0,0,0,4.05629649458457,0.50397415529091,-0.4999999999999997,-0.8660254037844388,16.57136899117306
TXN800982454,65.09,Auto-Pay,Kotak,SBI,Bangalore,2024-10-13T10:49:13,10,6,0,17.52623503466603,2,0,0,0,0,4.191017449482361,0.5028372862370708,0.49999999999999994,-0.8660254037844387,12.010494013866413
TXN564655155,422.82,QR,PNB,PNB,Kolkata,2024-07-02T20:49:47,20,1,0,31.17862349610904,2,0,0,0,0,6.04930883679242,0.45401469720586624,-0.8660254037844386,0.5000000000000001,17.471449398443617
TXN348650071,12776.63,QR,SBI,ICICI,Mumbai,2024-10-09T20:20:36,20,2,0,21.87594086675781,1,0,0,0,0,9.455451264724898,1.2320194307665844,-0.8660254037844386,0.5000000000000001,11.250376346703124
TXN690248555,8239.97,QR,SBI,PNB,Bangalore,2024-03-08T14:51:27,14,4,0,43.23073480555061,1,0,0,0,0,9.016873334421847,0.6128611640450226,-0.4999999999999997,-0.8660254037844388,19.792293922220246
TXN989627923,1338.6,Collect,ICICI,Kotak,Jaipur,2024-04-12T13:27:21,13,4,0,13.642257800606158,3,1,0,0,0,7.2001263409200496,0.3290300703001092,-0.2588190451025208,-0.9659258262890683,32.956903120242465
TXN544013218,50.0,P2M,Kotak,ICICI,Mumbai,2024-05-21T20:33:57,20,1,0,38.733150510923885,2,0,0,0,0,3.9318256327243257,0.5048967525062706,-0.8660254037844386,0.5000000000000001,20.493260204369555
TXN647387054,210.81,Auto-Pay,Axis,PNB,Mumbai,2024-02-18T18:09:29,18,6,0,43.3966755617175,3,0,0,0,0,5.355689646405907,0.4829495841331737,-1.0,-1.8369701987210297e-16,24.858670224687
TXN982340224,5574.49,P2M,ICICI,PNB,Ahmedabad,2024-02-20T08:04:31,8,1,0,22.249161084236334,3,0,0,0,0,8.626135484842692,0.24907944428180712,0.8660254037844387,-0.4999999999999998,16.399664433694532
TXN305983003,45000.0,P2P,HDFC,SBI,Mumbai,2024-04-22T22:15:56,22,0,1,71.4949957658717,7,1,1,1,1,10.714439990727769,5.629828814129581,-0.5000000000000004,0.8660254037844384,91.09799830634869
TXN782146768,1995.93,QR,BOB,Axis,Bangalore,2024-04-01T01:00:42,1,0,1,71.17265108970963,11,1,0,0,1,7.599366280222591,0.2393184094165331,0.25881904510252074,0.9659258262890683,90.96906043588385
TXN455962385,126.55,P2P,ICICI,HDFC,Mumbai,2024-02-03T09:01:45,9,5,0,35.10098008305656,2,0,0,0,0,4.848508444587821,0.4944492943944581,0.7071067811865476,-0.7071067811865475,19.040392033222624
TXN955703784,996.08,P2P,HDFC,SBI,Chennai,2024-07-13T09:18:27,9,5,0,41.035972574078286,1,0,0,0,0,6.904831007464891,0.3757768155967524,0.7071067811865476,-0.7071067811865475,18.914389029631316
TXN410029258,542.72,QR,PNB,Axis,Ahmedabad,2024-05-20T11:51:31,11,0,0,34.74794354251953,1,0,0,0,0,6.298434408467047,0.43765087973223693,0.258819045102521,-0.9659258262890682,16.399177417007813
TXN552014628,226.96,QR,Axis,HDFC,Delhi,2024-05-22T12:16:20,12,2,0,37.11502423039169,3,0,0,0,0,5.429170174966798,0.48074545025328114,1.2246467991473532e-16,-1.0,22.346009692156677
TXN464812336,523.9,P2M,Kotak,Axis,Pune,2024-07-17T18:37:30,18,2,0,32.00780061285517,2,0,0,0,0,6.263207768258254,0.44021941221642125,-1.0,-1.8369701987210297e-16,17.80312024514207
TXN318696407,430.8,P2P,BOB,BOB,Bangalore,2024-11-17T09:27:52,9,6,0,10.425650890220647,1,0,0,0,0,6.067962518080707,0.4529255957593311,0.7071067811865476,-0.7071067811865475,6.670260356088259
TXN700581031,144.98,QR,BOB,HDFC,Lucknow,2024-08-31T09:35:52,9,5,0,17.780665223759218,1,0,0,0,0,4.983469626023486,0.4919339886726984,0.7071067811865476,-0.7071067811865475,9.612266089503688
TXN656711268,157.25,Collect,Axis,HDFC,Lucknow,2024-03-11T20:40:38,20,0,0,37.55222496083506,3,0,0,0,0,5.064176061024286,0.49025939283949216,-0.8660254037844386,0.5000000000000001,22.520889984334026
TXN116227170,2638.61,P2M,HDFC,SBI,Mumbai,2024-09-03T14:24:49,14,1,0,32.83039092588197,2,0,0,0,0,7.878386457954886,0.15160616409583166,-0.4999999999999997,-0.8660254037844388,18.13215637035279
TXN883748778,1144.96,P2P,SBI,BOB,Jaipur,2024-07-07T19:16:00,19,6,0,31.36771609146367,3,0,0,0,0,7.043997992651564,0.3554578402383376,-0.9659258262890684,0.2588190451025203,20.047086436585467
TXN831714014,784.41,P2P,SBI,ICICI,Ahmedabad,2024-08-22T15:31:57,15,3,0,41.70826277804909,1,0,0,0,0,6.666205874428527,0.4046652997055357,-0.7071067811865471,-0.7071067811865479,19.183305111219635
TXN745245256,254.16,QR,Kotak,Axis,Ahmedabad,2024-11-07T20:14:31,20,3,0,13.636399029516163,1,1,0,0,0,5.541890799373754,0.4770332247713569,-0.8660254037844386,0.5000000000000001,27.954559611806467
TXN487583510,95.43,P2M,BOB,HDFC,Kolkata,2024-05-29T09:15:04,9,2,0,16.517756331139037,3,0,0,0,0,4.568817356522293,0.4986965170781891,0.7071067811865476,-0.7071067811865475,14.107102532455615
TXN701899486,622.22,P2M,HDFC,Kotak,Lucknow,2024-04-17T13:00:21,13,2,0,35.02086802212453,1,0,0,0,0,6.434899586467775,0.4268008089302892,-0.2588190451025208,-0.9659258262890683,16.508347208849813
TXN601853958,1686.77,P2P,BOB,SBI,Delhi,2024-05-13T14:09:35,14,0,0,40.70472323827859,2,0,0,0,0,7.43116340994805,0.28151221934269866,-0.4999999999999997,-0.8660254037844388,21.281889295311437
TXN809372196,1283.01,P2P,Kotak,Kotak,Ahmedabad,2024-03-09T08:29:08,8,5,0,28.473423790346725,2,0,0,0,0,7.157743272381572,0.33661693112879193,0.8660254037844387,-0.4999999999999998,16.389369516138693
TXN309213849,2203.28,Auto-Pay,Kotak,ICICI,Delhi,2024-08-23T09:08:32,9,4,0,11.576795785800115,2,0,0,0,0,7.698156203945973,0.21101951406076125,0.7071067811865476,-0.7071067811865475,9.630718314320045
TXN869384268,298.33,P2P,ICICI,Axis,Bangalore,2024-06-29T12:20:17,12,5,0,30.708032293328465,2,0,0,0,0,5.701546643714624,0.4710049527295703,1.2246467991473532e-16,-1.0,17.283212917331387
TXN913648406,8498.31,P2M,Axis,ICICI,Chennai,2024-04-25T09:38:50,9,3,0,18.394454532015303,1,0,0,0,0,9.047740262712832,0.6481191173906222,0.7071067811865476,-0.7071067811865475,9.85778181280612
TXN815543590,323.99,QR,Axis,HDFC,Kolkata,2024-09-03T15:12:41,15,1,0,39.932244475642946,1,0,0,0,0,5.783794412625586,0.4675029047197844,-0.7071067811865471,-0.7071067811865479,18.47289779025718
TXN475051319,1877.89,Auto-Pay,HDFC,HDFC,Ahmedabad,2024-07-10T11:59:11,11,2,0,34.17211561771951,1,0,0,0,0,7.538436455922287,0.25542837617706027,0.258819045102521,-0.9659258262890682,16.168846247087806
TXN193063785,8897.31,Collect,HDFC,BOB,Lucknow,2024-10-29T17:39:06,17,1,0,40.47542073282685,1,0,0,0,0,9.09361665004884,0.7025741897173787,-0.9659258262890683,-0.25881904510252063,18.69016829313074
TXN643604486,937.46,P2M,HDFC,Kotak,Hyderabad,2024-04-30T08:11:00,8,1,0,43.48910262818699,1,0,0,0,0,6.844240233914205,0.3837772074258112,0.8660254037844387,-0.4999999999999998,19.895641051274797
TXN467667091,85.12,Auto-Pay,SBI,HDFC,Lucknow,2024-01-08T17:45:04,17,0,0,36.083452016035444,2,0,0,0,0,4.4557416724961625,0.500103614310492,-0.9659258262890683,-0.25881904510252063,19.433380806414178
TXN432805378,50.0,P2P,PNB,ICICI,Hyderabad,2024-10-16T14:24:06,14,2,0,12.539473140020815,3,0,0,0,0,3.9318256327243257,0.5048967525062706,-0.4999999999999997,-0.8660254037844388,12.515789256008325
TXN870629266,7232.36,P2P,Kotak,ICICI,Bangalore,2024-10-04T17:53:32,17,4,0,16.41378714867667,3,0,0,0,0,8.886458937489591,0.4753436817714307,-0.9659258262890683,-0.25881904510252063,14.065514859470667
TXN971015005,7167.54,P2M,BOB,ICICI,Ahmedabad,2024-11-22T13:43:37,13,4,0,18.954004659146385,3,0,0,0,0,8.87745728663867,0.466497120898698,-0.2588190451025208,-0.9659258262890683,15.081601863658555
TXN344617704,370.19,QR,Axis,BOB,Ahmedabad,2024-08-25T12:16:02,12,6,0,18.627218405167334,3,0,0,0,0,5.916714060893994,0.46119758055563365,1.2246467991473532e-16,-1.0,14.950887362066933
TXN712726092,2277.52,P2P,Axis,Axis,Ahmedabad,2024-10-20T08:33:09,8,6,0,18.446332188098378,3,0,0,0,0,7.731281388370044,0.20088732215715627,0.8660254037844387,-0.4999999999999998,14.878532875239351
TXN383203055,3347.71,P2P,HDFC,Axis,Kolkata,2024-12-25T15:08:01,15,2,0,42.32420565337166,3,1,0,0,0,8.116330476031974,0.05482899169757844,-0.7071067811865471,-0.7071067811865479,44.42968226134867
TXN340862465,16312.65,Auto-Pay,Axis,HDFC,Hyderabad,2024-04-09T20:19:54,20,1,0,10.7097990818597,2,0,0,0,0,9.699757459664466,1.7146114729942976,-0.8660254037844386,0.5000000000000001,9.283919632743881
TXN129793865,755.5,P2P,ICICI,Axis,Ahmedabad,2024-03-10T16:43:58,16,6,0,41.3117223770584,3,0,0,0,0,6.62870253322841,0.40861090406886036,-0.8660254037844384,-0.5000000000000004,24.02468895082336
TXN886888683,376.97,Auto-Pay,ICICI,HDFC,Ahmedabad,2024-10-25T16:49:40,16,4,0,40.71842298117476,1,0,0,0,0,5.934814827390648,0.46027225376271286,-0.8660254037844384,-0.5000000000000004,18.787369192469907
TXN813739898,12582.81,P2P,ICICI,ICICI,Mumbai,2024-05-29T13:00:59,13,2,0,17.0809580144419,1,0,0,0,0,9.440166346086304,1.2055670946303139,-0.2588190451025208,-0.9659258262890683,9.332383205776761
TXN314131731,1289.21,Auto-Pay,Axis,Kotak,Hyderabad,2024-09-13T08:03:27,8,4,0,31.27194586429871,1,0,0,0,0,7.162560274804425,0.33577076208511797,0.8660254037844387,-0.4999999999999998,15.008778345719485
TXN610481646,40000.0,P2P,BOB,PNB,Ahmedabad,2024-10-26T04:58:59,4,5,1,98.04075491607978,16,0,1,1,1,10.596659732783579,4.947434424069976,0.8660254037844386,0.5000000000000001,104.21630196643191
TXN348440025,141.58,P2M,SBI,BOB,Chennai,2024-07-13T20:40:28,20,5,0,28.575807435039255,2,0,0,0,0,4.959903245689483,0.49239801685793894,-0.8660254037844386,0.5000000000000001,16.430322974015702
TXN367650311,393.47,Collect,HDFC,SBI,Lucknow,2024-11-26T11:12:44,11,1,0,22.042877067321033,3,0,0,1,0,5.977543091766937,0.4580203522755162,0.258819045102521,-0.9659258262890682,26.317150826928412
TXN113205547,1779.03,QR,ICICI,HDFC,Lucknow,2024-06-06T19:09:56,19,3,0,26.003652759874303,1,0,0,0,0,7.484385497076689,0.2689206780573188,-0.9659258262890684,0.2588190451025203,12.901461103949721
TXN270048830,1490.78,P2P,PNB,ICICI,Delhi,2024-03-13T10:37:30,10,2,0,19.648212317100167,1,0,0,1,0,7.307725316808321,0.30826071464425503,0.49999999999999994,-0.8660254037844387,20.35928492684007
TXN531766553,518.62,P2P,BOB,PNB,Ahmedabad,2024-03-17T16:29:34,16,6,0,20.075986451062683,1,0,0,0,0,6.253097775202716,0.44094002069232424,-0.8660254037844384,-0.5000000000000004,10.530394580425073
TXN867328900,741.22,QR,ICICI,SBI,Mumbai,2024-08-18T10:36:43,10,6,0,10.232131407363156,1,0,0,0,0,6.609645695178014,0.4105598224468706,0.49999999999999994,-0.8660254037844387,6.592852562945263
TXN517437168,319.54,Auto-Pay,SBI,Kotak,Mumbai,2024-06-20T20:33:20,20,3,0,42.81739229852657,3,0,0,0,0,5.770007073565429,0.4681102357269375,-0.8660254037844386,0.5000000000000001,24.626956919410627
TXN905050937,8034.49,Auto-Pay,PNB,PNB,Hyderabad,2024-07-14T13:39:26,13,6,0,14.420847431771925,3,0,0,0,0,8.99162325951072,0.584817484191133,-0.2588190451025208,-0.9659258262890683,13.26833897270877
TXN781092523,57.09,P2P,BOB,Kotak,Chennai,2024-03-13T08:55:49,8,2,0,41.11697459342059,2,0,0,0,0,4.061993532004442,0.5039291172611662,0.8660254037844387,-0.4999999999999998,21.44678983736824
TXN108457736,126.19,P2P,SBI,Axis,Jaipur,2024-03-12T20:20:59,20,1,0,15.555322040686105,2,0,0,0,0,4.845682031463393,0.4944984267905424,-0.8660254037844386,0.5000000000000001,11.222128816274441
TXN960940561,3941.85,P2P,BOB,Axis,Mumbai,2024-05-28T16:27:02,16,1,0,40.31737501551575,2,0,0,0,0,8.279659091054084,0.02625856888442433,-0.8660254037844384,-0.5000000000000004,21.1269500062063
TXN547142965,125.5,P2P,Kotak,ICICI,Bangalore,2024-12-14T15:00:56,15,5,0,32.84611377481561,3,0,0,0,0,4.840242308167575,0.4945925972163706,-0.7071067811865471,-0.7071067811865479,20.638445509926246
TXN694539569,113.23,P2P,Axis,Kotak,Delhi,2024-10-11T19:02:44,19,4,0,15.533253205997504,3,0,0,0,0,4.738213959745856,0.4962671930495769,-0.9659258262890684,0.2588190451025203,13.713301282399001
TXN442456124,9090.53,P2P,BOB,HDFC,Pune,2024-02-10T10:23:13,10,5,0,10.189275790658709,2,0,0,0,0,9.11509848983952,0.7289446385268422,0.49999999999999994,-0.8660254037844387,9.075710316263484
TXN326635144,174.57,P2M,PNB,SBI,Delhi,2024-02-25T20:57:41,20,6,0,42.54726171009827,1,0,0,0,0,5.168037823781117,0.48789557867232564,-0.8660254037844386,0.5000000000000001,19.51890468403931
TXN380959311,69.83,QR,HDFC,SBI,Lucknow,2024-08-06T14:39:12,14,1,0,38.582933512056826,1,0,0,0,0,4.260282639765531,0.5021903763552943,-0.4999999999999997,-0.8660254037844388,17.933173404822732
TXN363034080,35000.0,QR,BOB,BOB,Bangalore,2024-12-24T01:13:10,1,1,1,76.5827252335852,14,1,1,1,1,10.463131911491967,4.2650400340103705,0.25881904510252074,0.9659258262890683,110.63309009343408
TXN369666417,543.7,QR,ICICI,BOB,Lucknow,2024-01-02T09:33:57,9,1,0,28.56682900316958,3,0,0,0,0,6.300235184389629,0.4375171304317852,0.7071067811865476,-0.7071067811865475,18.926731601267832
TXN552899430,35000.0,P2P,BOB,HDFC,Pune,2024-09-17T04:56:35,4,1,1,71.52537008530162,11,1,1,0,1,10.463131911491967,4.2650400340103705,0.8660254037844386,0.5000000000000001,91.11014803412064
TXN134092321,6748.51,P2P,PNB,HDFC,Kolkata,2024-02-08T14:49:45,14,3,0,21.699218117272324,1,0,0,0,0,8.817225188639013,0.40930837664536274,-0.4999999999999997,-0.8660254037844388,11.17968724690893
TXN281343587,50.0,P2M,Kotak,BOB,Lucknow,2024-02-04T16:16:31,16,6,0,26.95200157952437,2,0,0,0,0,3.9318256327243257,0.5048967525062706,-0.8660254037844384,-0.5000000000000004,15.780800631809749
TXN293522702,9293.62,QR,BOB,ICICI,Pune,2024-08-01T18:59:18,18,3,0,15.010647523391754,3,0,0,0,0,9.137191017125117,0.7566621338622833,-1.0,-1.8369701987210297e-16,13.504259009356701
TXN418339437,253.05,P2P,Axis,BOB,Hyderabad,2024-01-09T11:28:15,11,1,0,23.95307506314442,1,0,0,0,0,5.537531098039741,0.47718471632595005,0.258819045102521,-0.9659258262890682,12.081230025257769
TXN274847929,6705.76,QR,ICICI,SBI,Kolkata,2024-11-20T16:43:51,16,2,0,19.79753675797552,3,0,0,0,0,8.810871251949726,0.40347390461035315,-0.8660254037844384,-0.5000000000000004,15.419014703190209
TXN256873519,643.57,QR,ICICI,BOB,Mumbai,2024-07-24T17:23:35,17,2,0,15.264892844801915,1,0,0,0,0,6.468583427808069,0.42388698488473464,-0.9659258262890683,-0.25881904510252063,8.605957137920766
TXN746315525,18928.79,P2M,Axis,PNB,Ahmedabad,2024-05-08T17:18:17,17,2,0,13.61525478098701,3,0,0,0,0,9.848492150639458,2.071659324916405,-0.9659258262890683,-0.25881904510252063,12.946101912394806
TXN868074568,355.72,P2M,ICICI,Axis,Delhi,2024-02-14T19:03:27,19,2,0,13.740447469772615,1,0,0,0,0,5.876951160319221,0.4631724299204662,-0.9659258262890684,0.2588190451025203,7.996178987909047
TXN779074906,20000.0,QR,BOB,PNB,Jaipur,2024-10-18T03:34:03,3,4,1,98.85684408471414,8,1,1,1,1,9.90353755128617,2.2178568638315546,0.7071067811865476,0.7071067811865476,104.54273763388565
TXN330970063,240.12,P2P,SBI,SBI,Lucknow,2024-03-21T09:42:46,9,3,0,33.74887354750315,1,0,0,0,0,5.4852947348781855,0.47894938821864425,0.7071067811865476,-0.7071067811865475,15.999549419001262
TXN754967992,348.4,P2M,Axis,Axis,Lucknow,2024-03-08T14:04:41,14,4,0,38.887184422662926,3,0,0,0,0,5.8562173976999565,0.4641714553075134,-0.4999999999999997,-0.8660254037844388,23.05487376906517
TXN667481064,5365.67,QR,PNB,PNB,Delhi,2024-07-31T17:16:22,17,2,0,42.949707376620445,3,0,0,0,0,8.587962883422264,0.2205799249753578,-0.9659258262890683,-0.25881904510252063,24.679882950648178
TXN281325906,9262.69,Collect,ICICI,HDFC,Bangalore,2024-03-24T08:24:39,8,6,0,38.171737189450354,1,0,0,0,0,9.13385773638587,0.7524408421653745,0.8660254037844387,-0.4999999999999998,17.76869487578014
TXN576699109,25000.0,P2M,SBI,HDFC,Hyderabad,2024-06-25T13:25:42,13,1,0,96.10208134904451,7,0,1,1,1,10.12667110305036,2.90025125389116,-0.2588190451025208,-0.9659258262890683,65.94083253961782
TXN460383723,933.41,P2P,ICICI,Axis,Pune,2024-11-04T20:57:07,20,0,0,16.70611751314863,2,0,0,0,0,6.83991531407149,0.3843299468817595,-0.8660254037844386,0.5000000000000001,11.682447005259451
TXN729956446,8485.82,P2M,PNB,SBI,Mumbai,2024-08-03T18:33:46,18,5,0,33.13905157044434,1,0,0,0,0,9.046269650837024,0.6464144962042534,-1.0,-1.8369701987210297e-16,15.755620628177736
TXN300791919,647.78,P2M,ICICI,PNB,Lucknow,2024-12-12T18:23:58,18,3,0,28.58414372173058,1,0,0,0,0,6.475093676185501,0.42331240880830445,-1.0,-1.8369701987210297e-16,13.933657488692234
TXN280977717,709.79,Collect,ICICI,Axis,Jaipur,2024-10-10T09:49:49,9,3,0,15.630523246449792,3,0,0,0,0,6.566377027526495,0.4148493535827853,0.7071067811865476,-0.7071067811865475,13.752209298579917
TXN724504227,3276.64,P2M,SBI,ICICI,Pune,2024-09-21T17:19:13,17,5,0,23.006805362521867,2,0,0,0,0,8.094878930209937,0.06452854555788569,-0.9659258262890683,-0.25881904510252063,14.202722145008748
TXN742367234,1349.31,P2P,Kotak,HDFC,Hyderabad,2024-02-27T14:22:48,14,1,0,34.346171653456985,1,0,0,0,0,7.208089474701257,0.3275683815166015,-0.4999999999999997,-0.8660254037844388,16.238468661382797
TXN231509864,6615.78,Auto-Pay,PNB,ICICI,Ahmedabad,2024-12-09T08:10:42,8,0,0,18.9305671639816,2,0,0,1,0,8.797364125764012,0.3911935351668404,0.8660254037844387,-0.4999999999999998,22.57222686559264
TXN423772920,9607.78,P2P,Axis,HDFC,Kolkata,2024-09-15T15:40:37,15,6,0,27.13795502550944,2,0,0,0,0,9.170432542812755,0.7995383381785084,-0.7071067811865471,-0.7071067811865479,15.855182010203777
TXN268293070,3678.59,P2P,Axis,ICICI,Jaipur,2024-02-22T17:53:36,17,3,0,23.552447594586607,2,0,0,0,0,8.210556611912605,0.00967086054099398,-0.9659258262890683,-0.25881904510252063,14.420979037834643
TXN824185378,163.43,P2M,HDFC,PNB,Chennai,2024-09-06T14:09:01,14,4,0,25.28889310490154,3,0,0,0,0,5.1024849477261345,0.4894159533733785,-0.4999999999999997,-0.8660254037844388,17.615557241960616
TXN340539820,1014.75,P2P,Kotak,PNB,Chennai,2024-07-09T19:48:24,19,1,0,44.753767864175515,1,0,0,0,0,6.923382534867836,0.3732287549442698,-0.9659258262890684,0.2588190451025203,20.401507145670205
TXN262518547,6112.26,P2P,ICICI,SBI,Mumbai,2024-03-14T15:46:16,15,3,0,28.43765804918612,3,0,0,0,0,8.718215461432449,0.32247369051027797,-0.7071067811865471,-0.7071067811865479,18.87506321967445
TXN781981182,50.0,Collect,BOB,SBI,Kolkata,2024-11-11T13:11:10,13,0,0,17.394230630806877,3,0,0,0,0,3.9318256327243257,0.5048967525062706,-0.2588190451025208,-0.9659258262890683,14.457692252322751
TXN198718772,1355.31,P2M,BOB,Axis,Ahmedabad,2024-04-08T15:28:37,15,0,0,26.715488703903475,2,0,0,0,0,7.2125230559415625,0.32674950824853,-0.7071067811865471,-0.7071067811865479,15.686195481561391
TXN421212728,50.0,P2M,Axis,Kotak,Chennai,2024-02-29T16:28:18,16,3,0,37.10050412230528,3,0,0,0,0,3.9318256327243257,0.5048967525062706,-0.8660254037844384,-0.5000000000000004,22.34020164892211
TXN577468643,15427.11,P2P,SBI,BOB,Ahmedabad,2024-02-08T10:56:09,10,3,0,41.6784867443675,3,0,0,0,0,9.6439464491964,1.593753967359621,0.49999999999999994,-0.8660254037844387,24.171394697747
TXN697741603,1345.15,P2P,HDFC,SBI,Kolkata,2024-01-15T13:57:32,13,0,0,12.332854717499469,3,0,0,0,0,7.20500394530313,0.3281361336491311,-0.2588190451025208,-0.9659258262890683,12.433141886999788
TXN288123855,2191.55,P2P,ICICI,SBI,Pune,2024-10-27T16:17:19,16,6,0,12.262712987074709,3,0,0,0,0,7.692820529003411,0.21262041129984108,-0.8660254037844384,-0.5000000000000004,12.405085194829883
TXN405441461,1703.64,Collect,PNB,HDFC,Pune,2024-03-19T16:42:51,16,1,0,44.71981857134485,1,0,0,0,0,7.441109223728635,0.2792098206706375,-0.8660254037844384,-0.5000000000000004,20.387927428537942
TXN425127860,101.33,P2M,SBI,HDFC,Bangalore,2024-08-20T14:13:28,14,1,0,19.830868781518532,2,0,0,0,0,4.628202885098664,0.4978912916979188,-0.4999999999999997,-0.8660254037844388,12.932347512607414
TXN558247081,50.0,P2P,SBI,HDFC,Pune,2024-12-15T19:47:45,19,6,0,10.810122087436959,2,0,0,0,0,3.9318256327243257,0.5048967525062706,-0.9659258262890684,0.2588190451025203,9.324048834974784
TXN577671718,95.48,Auto-Pay,Kotak,BOB,Pune,2024-03-15T10:01:49,10,4,0,43.823137179803986,1,0,0,0,0,4.5693357329788755,0.4986896931342885,0.49999999999999994,-0.8660254037844387,20.029254871921594
TXN784404342,482.94,P2M,PNB,SBI,Ahmedabad,2024-11-13T10:28:58,10,2,0,16.93108313208828,3,1,0,0,0,6.181960932089947,0.44580958705978957,0.49999999999999994,-0.8660254037844387,34.27243325283531
TXN240484367,193.1,P2M,PNB,Axis,Hyderabad,2024-03-22T13:57:52,13,4,0,26.539960218356022,2,0,0,0,0,5.268373490174964,0.4853666250627648,-0.2588190451025208,-0.9659258262890683,15.61598408734241
TXN908248579,2383.93,P2P,BOB,Axis,Jaipur,2024-10-05T15:38:30,15,5,0,11.134363609313317,3,0,0,0,0,7.776925052786897,0.18636460474790775,-0.7071067811865471,-0.7071067811865479,11.953745443725328
TXN777877817,195.4,P2M,ICICI,Axis,Ahmedabad,2024-12-23T17:31:51,17,0,0,21.864788955655065,3,0,0,0,0,5.280153395920365,0.48505272364333735,-0.9659258262890683,-0.25881904510252063,16.24591558226203
TXN776159240,139.91,P2P,BOB,SBI,Kolkata,2024-02-16T11:31:56,11,4,0,23.9035884675434,2,0,0,0,0,4.948121388707014,0.4926259365842189,0.258819045102521,-0.9659258262890682,14.56143538701736
TXN463825431,50.0,QR,ICICI,Kotak,Lucknow,2024-10-22T19:35:54,19,1,0,43.256966991359995,3,0,0,0,0,3.9318256327243257,0.5048967525062706,-0.9659258262890684,0.2588190451025203,24.802786796543998
TXN597718997,8143.74,P2P,PNB,BOB,Bangalore,2024-03-18T18:50:44,18,0,0,24.620084946085754,3,0,0,0,0,9.00512759910246,0.5997278016139354,-1.0,-1.8369701987210297e-16,17.3480339784343
TXN236798836,14539.08,P2P,ICICI,SBI,Lucknow,2024-08-07T11:00:21,11,2,0,28.771543885013713,3,0,0,0,0,9.584664253135648,1.4725566293186947,0.258819045102521,-0.9659258262890682,19.008617554005486
TXN987116781,407.1,P2P,HDFC,ICICI,Mumbai,2024-08-01T14:35:42,14,3,0,18.908081578776446,3,0,0,0,0,6.01151224241176,0.4561601451682137,-0.4999999999999997,-0.8660254037844388,15.06323263151058
TXN720137883,262.6,P2M,HDFC,BOB,Bangalore,2024-12-29T16:45:32,16,6,0,32.859116420200614,1,0,0,0,0,5.574432802628352,0.47588134304093627,-0.8660254037844384,-0.5000000000000004,15.643646568080246
TXN487640393,21819.37,QR,SBI,BOB,Jaipur,2024-10-01T13:07:33,13,1,0,34.529104606348696,3,1,0,0,0,9.99059921616355,2.466162440120103,-0.2588190451025208,-0.9659258262890683,41.31164184253948
TXN880133100,50.0,P2P,HDFC,BOB,Lucknow,2024-12-30T15:49:29,15,0,0,44.71897809678295,3,0,0,0,0,3.9318256327243257,0.5048967525062706,-0.7071067811865471,-0.7071067811865479,25.38759123871318
TXN589834308,422.89,P2M,ICICI,Axis,Pune,2024-06-04T12:22:12,12,1,0,22.36385479629673,2,0,0,0,0,6.049473987610882,0.4540051436844054,1.2246467991473532e-16,-1.0,13.945541918518693
TXN635942599,1097.58,P2M,Axis,HDFC,Mumbai,2024-11-08T16:21:30,16,4,0,34.98834213773064,1,0,0,0,0,7.0017737157546405,0.3619242094785424,-0.8660254037844384,-0.5000000000000004,16.495336855092255
TXN373269734,623.64,P2P,PNB,BOB,Hyderabad,2024-03-03T11:09:21,11,6,0,36.10883827601296,1,0,0,0,0,6.437175483784673,0.4266070089235123,0.258819045102521,-0.9659258262890682,16.943535310405185
TXN893690210,108.23,P2P,Kotak,HDFC,Mumbai,2024-09-21T15:45:18,15,5,0,21.438710718810622,1,0,0,0,0,4.693455750855452,0.4969495874396365,-0.7071067811865471,-0.7071067811865479,11.07548428752425
TXN865162726,343.58,P2P,Axis,HDFC,Ahmedabad,2024-10-22T17:20:16,17,1,0,18.53506718029364,1,0,0,0,0,5.84232628410426,0.4648292834995309,-0.9659258262890683,-0.25881904510252063,9.914026872117457
TXN800805561,80.2,QR,PNB,PNB,Ahmedabad,2024-07-16T09:19:46,9,1,0,33.62178319101808,1,0,0,0,0,4.396915247167632,0.5007750903903107,0.7071067811865476,-0.7071067811865475,15.948713276407233
TXN110636009,119.77,QR,HDFC,HDFC,Bangalore,2024-08-26T11:58:33,11,0,0,36.73894288683537,3,0,0,0,0,4.793887910287284,0.49537462118737896,0.258819045102521,-0.9659258262890682,22.195577154734146
TXN810888932,475.3,P2P,Axis,PNB,Jaipur,2024-04-07T15:54:04,15,6,0,28.212121790505094,2,0,0,0,0,6.166047907806814,0.4468522856878006,-0.7071067811865471,-0.7071067811865479,16.28484871620204
TXN968979199,587.38,P2P,Axis,ICICI,Delhi,2024-07-30T09:48:43,9,1,0,36.822294819508656,3,0,0,0,0,6.377372997666928,0.43155573304022454,0.7071067811865476,-0.7071067811865475,22.228917927803465
TXN581098579,571.54,QR,SBI,ICICI,Hyderabad,2024-01-27T15:17:28,15,5,0,35.66488904179437,2,0,0,0,0,6.350082601983304,0.43371755846793336,-0.7071067811865471,-0.7071067811865479,19.265955616717747
TXN405136387,15000.0,QR,BOB,Axis,Delhi,2024-03-13T05:20:17,5,2,1,78.8388395069261,17,0,1,1,1,9.61587214452889,1.5354624737719493,0.9659258262890683,0.25881904510252074,99.03553580277044
TXN208693330,6185.56,QR,Axis,Kotak,Lucknow,2024-04-04T16:30:28,16,3,0,15.58241367218999,2,0,0,0,0,8.730134476144137,0.33247759226855184,-0.8660254037844384,-0.5000000000000004,11.232965468875996
TXN879178907,61.39,QR,HDFC,ICICI,Hyderabad,2024-05-11T09:37:43,9,5,0,22.227569884928187,1,0,0,0,0,4.133405006122695,0.5033422580857149,0.7071067811865476,-0.7071067811865475,11.391027953971275
TXN758723954,52.6,P2P,PNB,SBI,Chennai,2024-08-01T09:09:38,9,3,0,16.232968979493243,3,0,0,0,0,3.9815490680767565,0.5045419074234397,0.7071067811865476,-0.7071067811865475,13.993187591797298
TXN400593270,375.25,P2P,Kotak,Kotak,Ahmedabad,2024-12-30T18:58:19,18,0,0,39.70760057087044,2,1,0,0,0,5.930253816063085,0.46050699743289336,-1.0,-1.8369701987210297e-16,40.88304022834818
TXN283107540,18527.63,P2P,PNB,SBI,Bangalore,2024-04-19T18:12:38,18,4,0,42.941314696811666,1,0,0,0,0,9.827072382385321,2.0169094582131426,-1.0,-1.8369701987210297e-16,19.676525878724668
TXN157625032,118.97,P2P,SBI,ICICI,Hyderabad,2024-12-21T18:36:09,18,5,0,27.31982745223727,3,0,0,0,0,4.787241711526836,0.4954838042897885,-1.0,-1.8369701987210297e-16,18.427930980894907
TXN574735264,1212.12,P2P,ICICI,HDFC,Mumbai,2024-05-21T12:08:07,12,1,0,31.81015785675849,2,0,0,0,0,7.10095083232797,0.346291918791057,1.2246467991473532e-16,-1.0,17.724063142703397
TXN748105643,3202.7,P2M,HDFC,ICICI,Kolkata,2024-06-19T09:25:52,9,2,0,12.956245769850605,1,0,0,0,0,8.07206167084561,0.07461979379808714,0.7071067811865476,-0.7071067811865475,7.682498307940243
TXN784419873,3277.53,P2P,PNB,SBI,Delhi,2024-02-17T20:32:09,20,5,0,12.33282141962415,1,0,0,0,0,8.095150430187964,0.06440707935645504,-0.8660254037844386,0.5000000000000001,7.433128567849661
TXN801515166,13404.99,Auto-Pay,PNB,Axis,Delhi,2024-08-17T13:16:39,13,5,0,29.46285000904335,2,0,0,0,0,9.503456900982968,1.3177772985541552,-0.2588190451025208,-0.9659258262890683,16.785140003617343
TXN684876472,14032.95,P2M,Kotak,Kotak,Hyderabad,2024-08-10T12:13:47,12,5,0,19.984797022307244,2,0,0,0,0,9.549234673029773,1.4034805747905212,1.2246467991473532e-16,-1.0,12.9939188089229
TXN974102254,768.01,P2P,HDFC,PNB,Ahmedabad,2024-09-26T17:16:12,17,3,0,31.16180429861552,3,0,0,0,0,6.645103973322264,0.4069035533049313,-0.9659258262890683,-0.25881904510252063,19.96472171944621
TXN168128343,892.51,P2M,SBI,PNB,Bangalore,2024-11-25T20:09:37,20,0,0,11.15761131020972,2,0,0,0,0,6.795157526478655,0.3899119329924471,-0.8660254037844386,0.5000000000000001,9.463044524083887
TXN937592044,1267.71,P2P,BOB,Axis,Jaipur,2024-01-07T18:54:38,18,6,0,26.300395218362414,1,0,0,0,0,7.145755915199512,0.33870505796237427,-1.0,-1.8369701987210297e-16,13.020158087344967
TXN544229614,1535.02,P2P,HDFC,Axis,Kolkata,2024-12-22T10:21:19,10,6,0,12.766202089041073,1,0,0,0,0,7.336949934456181,0.30222288908100764,0.49999999999999994,-0.8660254037844387,7.60648083561643
TXN523792016,15888.33,P2P,SBI,HDFC,Kolkata,2024-11-01T12:21:08,12,4,0,40.025791047218895,2,0,0,0,0,9.673403093758223,1.6567007554762792,1.2246467991473532e-16,-1.0,21.01031641888756
TXN604538130,739.54,Auto-Pay,ICICI,ICICI,Chennai,2024-11-08T12:15:36,12,4,0,14.61754390138338,1,0,0,0,0,6.607379649804663,0.4107891069619306,1.2246467991473532e-16,-1.0,8.347017560553352
